Модель,Наблюдений,Ранг плана,Случайный эффект,Кластеров,Минимальный размер,Медианный размер,Кластеров из одного наблюдения,Слитые уровни,Вердикт
M1,1079,22 из 23,задание (brief_id),45,23,24,0,wrapper=none,не идентифицируема
M1,,,повтор (repeat_index),2,539,540,0,,
M2,803,7 из 22,источник,124,1,1,85,genre=science; genre=seo; genre=translation; level=1 × genre=prose; level=1 × genre=science; level=1 × genre=seo; level=1 × genre=translation; level=2 × genre=prose; level=2 × genre=science; level=2 × genre=seo; level=2 × genre=translation; level=3 × genre=prose; level=3 × genre=science; level=3 × genre=seo; level=3 × genre=translation,не идентифицируема
M2,,,автор,302,1,1,244,,
M2,,,задание (brief_id),0,0,0,0,,
M3,1882,11 из 11,задание (brief_id),45,23,24,0,нет,идентифицируема
M3,,,источник,128,1,1,85,,
M3,,,автор,306,1,1,244,,
M3,,,канал,4,269,270,0,,
