document_id,origin_class,generation_channel,score_seed1,score_seed2,score_seed3,n_valid,median,range,status
deepseek_pro_b001_P1_r1,A,deepseek_pro,65,68,65,3,65.0,3,ok
deepseek_pro_b001_P1_r2,A,deepseek_pro,65,68,65,3,65.0,3,ok
deepseek_pro_b001_P2_r1,A,deepseek_pro,68,65,68,3,68.0,3,ok
deepseek_pro_b001_P2_r2,A,deepseek_pro,65,65,65,3,65.0,0,ok
deepseek_pro_b001_P3_r1,A,deepseek_pro,68,65,68,3,68.0,3,ok
deepseek_pro_b001_P3_r2,A,deepseek_pro,75,65,68,3,68.0,10,ok
deepseek_pro_b002_P1_r1,A,deepseek_pro,65,68,65,3,65.0,3,ok
deepseek_pro_b002_P1_r2,A,deepseek_pro,65,68,65,3,65.0,3,ok
deepseek_pro_b002_P2_r1,A,deepseek_pro,65,65,65,3,65.0,0,ok
deepseek_pro_b002_P2_r2,A,deepseek_pro,65,68,65,3,65.0,3,ok
deepseek_pro_b002_P3_r1,A,deepseek_pro,65,65,65,3,65.0,0,ok
deepseek_pro_b002_P3_r2,A,deepseek_pro,65,68,65,3,65.0,3,ok
deepseek_pro_b003_P1_r1,A,deepseek_pro,55,65,65,3,65.0,10,ok
deepseek_pro_b003_P1_r2,A,deepseek_pro,45,65,65,3,65.0,20,ok
deepseek_pro_b003_P2_r1,A,deepseek_pro,68,65,68,3,68.0,3,ok
deepseek_pro_b003_P2_r2,A,deepseek_pro,65,68,65,3,65.0,3,ok
deepseek_pro_b003_P3_r1,A,deepseek_pro,75,65,68,3,68.0,10,ok
deepseek_pro_b003_P3_r2,A,deepseek_pro,65,65,65,3,65.0,0,ok
deepseek_pro_b004_P1_r1,A,deepseek_pro,65,68,65,3,65.0,3,ok
deepseek_pro_b004_P1_r2,A,deepseek_pro,68,65,68,3,68.0,3,ok
deepseek_pro_b004_P2_r1,A,deepseek_pro,68,65,68,3,68.0,3,ok
deepseek_pro_b004_P2_r2,A,deepseek_pro,68,65,68,3,68.0,3,ok
deepseek_pro_b004_P3_r1,A,deepseek_pro,68,65,68,3,68.0,3,ok
deepseek_pro_b004_P3_r2,A,deepseek_pro,75,65,68,3,68.0,10,ok
deepseek_pro_b005_P1_r1,A,deepseek_pro,55,65,65,3,65.0,10,ok
deepseek_pro_b005_P1_r2,A,deepseek_pro,68,65,68,3,68.0,3,ok
deepseek_pro_b005_P2_r1,A,deepseek_pro,65,65,65,3,65.0,0,ok
deepseek_pro_b005_P2_r2,A,deepseek_pro,68,65,68,3,68.0,3,ok
deepseek_pro_b005_P3_r1,A,deepseek_pro,65,68,65,3,65.0,3,ok
deepseek_pro_b005_P3_r2,A,deepseek_pro,65,65,65,3,65.0,0,ok
deepseek_pro_b006_P1_r1,A,deepseek_pro,65,68,65,3,65.0,3,ok
deepseek_pro_b006_P1_r2,A,deepseek_pro,55,65,65,3,65.0,10,ok
deepseek_pro_b006_P2_r1,A,deepseek_pro,65,68,65,3,65.0,3,ok
deepseek_pro_b006_P2_r2,A,deepseek_pro,68,65,68,3,68.0,3,ok
deepseek_pro_b006_P3_r1,A,deepseek_pro,68,65,68,3,68.0,3,ok
deepseek_pro_b006_P3_r2,A,deepseek_pro,75,65,68,3,68.0,10,ok
deepseek_pro_b007_P1_r1,A,deepseek_pro,55,65,65,3,65.0,10,ok
deepseek_pro_b007_P1_r2,A,deepseek_pro,65,65,65,3,65.0,0,ok
deepseek_pro_b007_P2_r1,A,deepseek_pro,65,68,65,3,65.0,3,ok
deepseek_pro_b007_P2_r2,A,deepseek_pro,58,65,65,3,65.0,7,ok
deepseek_pro_b007_P3_r1,A,deepseek_pro,65,65,65,3,65.0,0,ok
deepseek_pro_b007_P3_r2,A,deepseek_pro,68,65,68,3,68.0,3,ok
deepseek_pro_b008_P1_r1,A,deepseek_pro,65,68,65,3,65.0,3,ok
deepseek_pro_b008_P1_r2,A,deepseek_pro,65,68,65,3,65.0,3,ok
deepseek_pro_b008_P2_r1,A,deepseek_pro,65,65,65,3,65.0,0,ok
deepseek_pro_b008_P2_r2,A,deepseek_pro,65,68,65,3,65.0,3,ok
deepseek_pro_b008_P3_r1,A,deepseek_pro,65,68,65,3,65.0,3,ok
deepseek_pro_b008_P3_r2,A,deepseek_pro,65,68,65,3,65.0,3,ok
deepseek_pro_b009_P1_r1,A,deepseek_pro,65,68,65,3,65.0,3,ok
deepseek_pro_b009_P1_r2,A,deepseek_pro,65,68,65,3,65.0,3,ok
deepseek_pro_b009_P2_r1,A,deepseek_pro,65,68,65,3,65.0,3,ok
deepseek_pro_b009_P2_r2,A,deepseek_pro,65,68,65,3,65.0,3,ok
deepseek_pro_b009_P3_r1,A,deepseek_pro,65,68,65,3,65.0,3,ok
deepseek_pro_b009_P3_r2,A,deepseek_pro,65,68,65,3,65.0,3,ok
deepseek_pro_b010_P1_r1,A,deepseek_pro,68,65,68,3,68.0,3,ok
deepseek_pro_b010_P1_r2,A,deepseek_pro,65,68,65,3,65.0,3,ok
deepseek_pro_b010_P2_r1,A,deepseek_pro,65,68,65,3,65.0,3,ok
deepseek_pro_b010_P2_r2,A,deepseek_pro,65,68,65,3,65.0,3,ok
deepseek_pro_b010_P3_r1,A,deepseek_pro,65,65,65,3,65.0,0,ok
deepseek_pro_b010_P3_r2,A,deepseek_pro,68,65,68,3,68.0,3,ok
deepseek_pro_b011_P1_r1,A,deepseek_pro,65,68,65,3,65.0,3,ok
deepseek_pro_b011_P1_r2,A,deepseek_pro,68,65,68,3,68.0,3,ok
deepseek_pro_b011_P2_r1,A,deepseek_pro,45,65,65,3,65.0,20,ok
deepseek_pro_b011_P2_r2,A,deepseek_pro,65,68,65,3,65.0,3,ok
deepseek_pro_b011_P3_r1,A,deepseek_pro,68,65,68,3,68.0,3,ok
deepseek_pro_b011_P3_r2,A,deepseek_pro,65,68,65,3,65.0,3,ok
deepseek_pro_b012_P1_r1,A,deepseek_pro,65,68,65,3,65.0,3,ok
deepseek_pro_b012_P1_r2,A,deepseek_pro,65,68,65,3,65.0,3,ok
deepseek_pro_b012_P2_r1,A,deepseek_pro,65,68,65,3,65.0,3,ok
deepseek_pro_b012_P2_r2,A,deepseek_pro,55,68,65,3,65.0,13,ok
deepseek_pro_b012_P3_r1,A,deepseek_pro,65,68,65,3,65.0,3,ok
deepseek_pro_b012_P3_r2,A,deepseek_pro,65,65,65,3,65.0,0,ok
deepseek_pro_b013_P1_r1,A,deepseek_pro,65,68,65,3,65.0,3,ok
deepseek_pro_b013_P1_r2,A,deepseek_pro,68,65,68,3,68.0,3,ok
deepseek_pro_b013_P2_r1,A,deepseek_pro,65,68,65,3,65.0,3,ok
deepseek_pro_b013_P2_r2,A,deepseek_pro,65,68,65,3,65.0,3,ok
deepseek_pro_b013_P3_r1,A,deepseek_pro,65,68,65,3,65.0,3,ok
deepseek_pro_b013_P3_r2,A,deepseek_pro,65,68,65,3,65.0,3,ok
deepseek_pro_b014_P1_r1,A,deepseek_pro,55,65,65,3,65.0,10,ok
deepseek_pro_b014_P1_r2,A,deepseek_pro,65,68,65,3,65.0,3,ok
deepseek_pro_b014_P2_r1,A,deepseek_pro,65,68,65,3,65.0,3,ok
deepseek_pro_b014_P2_r2,A,deepseek_pro,65,65,65,3,65.0,0,ok
deepseek_pro_b014_P3_r1,A,deepseek_pro,45,65,65,3,65.0,20,ok
deepseek_pro_b014_P3_r2,A,deepseek_pro,68,65,68,3,68.0,3,ok
deepseek_pro_b015_P1_r1,A,deepseek_pro,55,65,65,3,65.0,10,ok
deepseek_pro_b015_P1_r2,A,deepseek_pro,68,65,68,3,68.0,3,ok
deepseek_pro_b015_P2_r1,A,deepseek_pro,68,65,68,3,68.0,3,ok
deepseek_pro_b015_P2_r2,A,deepseek_pro,68,68,68,3,68.0,0,ok
deepseek_pro_b015_P3_r1,A,deepseek_pro,65,68,65,3,65.0,3,ok
deepseek_pro_b015_P3_r2,A,deepseek_pro,75,75,68,3,75.0,7,ok
deepseek_pro_b016_P1_r1,A,deepseek_pro,68,65,68,3,68.0,3,ok
deepseek_pro_b016_P1_r2,A,deepseek_pro,68,65,68,3,68.0,3,ok
deepseek_pro_b016_P2_r1,A,deepseek_pro,65,68,65,3,65.0,3,ok
deepseek_pro_b016_P2_r2,A,deepseek_pro,68,68,65,3,68.0,3,ok
deepseek_pro_b016_P3_r1,A,deepseek_pro,68,65,68,3,68.0,3,ok
deepseek_pro_b016_P3_r2,A,deepseek_pro,75,68,68,3,68.0,7,ok
deepseek_pro_b017_P1_r1,A,deepseek_pro,65,68,65,3,65.0,3,ok
deepseek_pro_b017_P1_r2,A,deepseek_pro,65,68,65,3,65.0,3,ok
deepseek_pro_b017_P2_r1,A,deepseek_pro,65,68,65,3,65.0,3,ok
deepseek_pro_b017_P2_r2,A,deepseek_pro,65,68,65,3,65.0,3,ok
deepseek_pro_b017_P3_r1,A,deepseek_pro,65,65,68,3,65.0,3,ok
deepseek_pro_b017_P3_r2,A,deepseek_pro,72,65,68,3,68.0,7,ok
deepseek_pro_b018_P1_r1,A,deepseek_pro,65,68,65,3,65.0,3,ok
deepseek_pro_b018_P1_r2,A,deepseek_pro,65,68,65,3,65.0,3,ok
deepseek_pro_b018_P2_r1,A,deepseek_pro,65,68,65,3,65.0,3,ok
deepseek_pro_b018_P2_r2,A,deepseek_pro,65,65,65,3,65.0,0,ok
deepseek_pro_b018_P3_r1,A,deepseek_pro,45,65,65,3,65.0,20,ok
deepseek_pro_b018_P3_r2,A,deepseek_pro,65,68,65,3,65.0,3,ok
deepseek_pro_b019_P1_r1,A,deepseek_pro,65,68,65,3,65.0,3,ok
deepseek_pro_b019_P1_r2,A,deepseek_pro,65,68,65,3,65.0,3,ok
deepseek_pro_b019_P2_r1,A,deepseek_pro,68,65,68,3,68.0,3,ok
deepseek_pro_b019_P2_r2,A,deepseek_pro,65,48,45,3,48.0,20,ok
deepseek_pro_b019_P3_r1,A,deepseek_pro,65,65,65,3,65.0,0,ok
deepseek_pro_b019_P3_r2,A,deepseek_pro,68,65,68,3,68.0,3,ok
deepseek_pro_b020_P1_r1,A,deepseek_pro,65,68,65,3,65.0,3,ok
deepseek_pro_b020_P1_r2,A,deepseek_pro,68,65,68,3,68.0,3,ok
deepseek_pro_b020_P2_r1,A,deepseek_pro,68,65,68,3,68.0,3,ok
deepseek_pro_b020_P2_r2,A,deepseek_pro,65,68,65,3,65.0,3,ok
deepseek_pro_b020_P3_r1,A,deepseek_pro,65,68,65,3,65.0,3,ok
deepseek_pro_b020_P3_r2,A,deepseek_pro,65,68,65,3,65.0,3,ok
deepseek_pro_b021_P1_r1,A,deepseek_pro,68,65,68,3,68.0,3,ok
deepseek_pro_b021_P1_r2,A,deepseek_pro,68,65,68,3,68.0,3,ok
deepseek_pro_b021_P2_r1,A,deepseek_pro,65,68,65,3,65.0,3,ok
deepseek_pro_b021_P2_r2,A,deepseek_pro,55,65,65,3,65.0,10,ok
deepseek_pro_b021_P3_r1,A,deepseek_pro,75,68,68,3,68.0,7,ok
deepseek_pro_b021_P3_r2,A,deepseek_pro,65,65,65,3,65.0,0,ok
deepseek_pro_b022_P1_r1,A,deepseek_pro,65,,65,2,65.0,0,partial_two_of_three
deepseek_pro_b022_P1_r2,A,deepseek_pro,68,65,68,3,68.0,3,ok
deepseek_pro_b022_P2_r1,A,deepseek_pro,65,68,65,3,65.0,3,ok
deepseek_pro_b022_P2_r2,A,deepseek_pro,55,65,65,3,65.0,10,ok
deepseek_pro_b022_P3_r1,A,deepseek_pro,65,68,65,3,65.0,3,ok
deepseek_pro_b022_P3_r2,A,deepseek_pro,65,68,65,3,65.0,3,ok
deepseek_pro_b023_P1_r1,A,deepseek_pro,68,65,68,3,68.0,3,ok
deepseek_pro_b023_P1_r2,A,deepseek_pro,65,68,65,3,65.0,3,ok
deepseek_pro_b023_P2_r1,A,deepseek_pro,55,68,65,3,65.0,13,ok
deepseek_pro_b023_P2_r2,A,deepseek_pro,65,68,65,3,65.0,3,ok
deepseek_pro_b023_P3_r1,A,deepseek_pro,65,68,65,3,65.0,3,ok
deepseek_pro_b023_P3_r2,A,deepseek_pro,65,68,65,3,65.0,3,ok
deepseek_pro_b024_P1_r1,A,deepseek_pro,65,65,65,3,65.0,0,ok
deepseek_pro_b024_P1_r2,A,deepseek_pro,65,68,65,3,65.0,3,ok
deepseek_pro_b024_P2_r1,A,deepseek_pro,55,68,65,3,65.0,13,ok
deepseek_pro_b024_P2_r2,A,deepseek_pro,65,68,65,3,65.0,3,ok
deepseek_pro_b024_P3_r1,A,deepseek_pro,75,65,68,3,68.0,10,ok
deepseek_pro_b024_P3_r2,A,deepseek_pro,75,68,68,3,68.0,7,ok
deepseek_pro_b025_P1_r1,A,deepseek_pro,55,65,65,3,65.0,10,ok
deepseek_pro_b025_P1_r2,A,deepseek_pro,65,65,65,3,65.0,0,ok
deepseek_pro_b025_P2_r1,A,deepseek_pro,58,68,65,3,65.0,10,ok
deepseek_pro_b025_P2_r2,A,deepseek_pro,65,65,65,3,65.0,0,ok
deepseek_pro_b025_P3_r1,A,deepseek_pro,65,68,65,3,65.0,3,ok
deepseek_pro_b025_P3_r2,A,deepseek_pro,65,68,65,3,65.0,3,ok
deepseek_pro_b026_P1_r1,A,deepseek_pro,58,68,65,3,65.0,10,ok
deepseek_pro_b026_P1_r2,A,deepseek_pro,45,45,55,3,45.0,10,ok
deepseek_pro_b026_P2_r1,A,deepseek_pro,65,68,65,3,65.0,3,ok
deepseek_pro_b026_P2_r2,A,deepseek_pro,55,65,65,3,65.0,10,ok
deepseek_pro_b026_P3_r1,A,deepseek_pro,45,65,65,3,65.0,20,ok
deepseek_pro_b026_P3_r2,A,deepseek_pro,68,68,65,3,68.0,3,ok
deepseek_pro_b027_P1_r1,A,deepseek_pro,65,68,65,3,65.0,3,ok
deepseek_pro_b027_P1_r2,A,deepseek_pro,65,68,65,3,65.0,3,ok
deepseek_pro_b027_P2_r1,A,deepseek_pro,65,68,65,3,65.0,3,ok
deepseek_pro_b027_P2_r2,A,deepseek_pro,65,65,65,3,65.0,0,ok
deepseek_pro_b027_P3_r1,A,deepseek_pro,65,68,65,3,65.0,3,ok
deepseek_pro_b027_P3_r2,A,deepseek_pro,65,65,65,3,65.0,0,ok
deepseek_pro_b028_P1_r1,A,deepseek_pro,65,68,65,3,65.0,3,ok
deepseek_pro_b028_P1_r2,A,deepseek_pro,65,65,65,3,65.0,0,ok
deepseek_pro_b028_P2_r1,A,deepseek_pro,68,65,68,3,68.0,3,ok
deepseek_pro_b028_P2_r2,A,deepseek_pro,65,68,65,3,65.0,3,ok
deepseek_pro_b028_P3_r1,A,deepseek_pro,65,68,65,3,65.0,3,ok
deepseek_pro_b028_P3_r2,A,deepseek_pro,55,65,65,3,65.0,10,ok
deepseek_pro_b029_P1_r1,A,deepseek_pro,65,68,65,3,65.0,3,ok
deepseek_pro_b029_P1_r2,A,deepseek_pro,75,68,65,3,68.0,10,ok
deepseek_pro_b029_P2_r1,A,deepseek_pro,65,68,65,3,65.0,3,ok
deepseek_pro_b029_P2_r2,A,deepseek_pro,55,65,65,3,65.0,10,ok
deepseek_pro_b029_P3_r1,A,deepseek_pro,65,68,65,3,65.0,3,ok
deepseek_pro_b029_P3_r2,A,deepseek_pro,65,68,65,3,65.0,3,ok
deepseek_pro_b030_P1_r1,A,deepseek_pro,65,65,65,3,65.0,0,ok
deepseek_pro_b030_P1_r2,A,deepseek_pro,65,68,65,3,65.0,3,ok
deepseek_pro_b030_P2_r1,A,deepseek_pro,55,65,65,3,65.0,10,ok
deepseek_pro_b030_P2_r2,A,deepseek_pro,65,65,65,3,65.0,0,ok
deepseek_pro_b030_P3_r1,A,deepseek_pro,68,68,68,3,68.0,0,ok
deepseek_pro_b030_P3_r2,A,deepseek_pro,55,68,65,3,65.0,13,ok
deepseek_pro_b031_P1_r1,A,deepseek_pro,55,65,65,3,65.0,10,ok
deepseek_pro_b031_P1_r2,A,deepseek_pro,65,65,65,3,65.0,0,ok
deepseek_pro_b031_P2_r1,A,deepseek_pro,65,68,65,3,65.0,3,ok
deepseek_pro_b031_P2_r2,A,deepseek_pro,68,65,68,3,68.0,3,ok
deepseek_pro_b031_P3_r1,A,deepseek_pro,65,65,65,3,65.0,0,ok
deepseek_pro_b031_P3_r2,A,deepseek_pro,75,68,65,3,68.0,10,ok
deepseek_pro_b032_P1_r1,A,deepseek_pro,65,68,65,3,65.0,3,ok
deepseek_pro_b032_P1_r2,A,deepseek_pro,65,65,65,3,65.0,0,ok
deepseek_pro_b032_P2_r1,A,deepseek_pro,65,68,65,3,65.0,3,ok
deepseek_pro_b032_P2_r2,A,deepseek_pro,68,65,68,3,68.0,3,ok
deepseek_pro_b032_P3_r1,A,deepseek_pro,75,68,65,3,68.0,10,ok
deepseek_pro_b032_P3_r2,A,deepseek_pro,65,68,65,3,65.0,3,ok
deepseek_pro_b033_P1_r1,A,deepseek_pro,68,68,68,3,68.0,0,ok
deepseek_pro_b033_P1_r2,A,deepseek_pro,65,65,65,3,65.0,0,ok
deepseek_pro_b033_P2_r1,A,deepseek_pro,65,68,65,3,65.0,3,ok
deepseek_pro_b033_P2_r2,A,deepseek_pro,48,65,65,3,65.0,17,ok
deepseek_pro_b033_P3_r1,A,deepseek_pro,65,68,65,3,65.0,3,ok
deepseek_pro_b033_P3_r2,A,deepseek_pro,75,65,68,3,68.0,10,ok
deepseek_pro_b034_P1_r1,A,deepseek_pro,65,65,65,3,65.0,0,ok
deepseek_pro_b034_P1_r2,A,deepseek_pro,65,68,65,3,65.0,3,ok
deepseek_pro_b034_P2_r1,A,deepseek_pro,68,65,68,3,68.0,3,ok
deepseek_pro_b034_P2_r2,A,deepseek_pro,68,65,68,3,68.0,3,ok
deepseek_pro_b034_P3_r1,A,deepseek_pro,65,68,65,3,65.0,3,ok
deepseek_pro_b034_P3_r2,A,deepseek_pro,65,68,65,3,65.0,3,ok
deepseek_pro_b035_P1_r1,A,deepseek_pro,68,65,68,3,68.0,3,ok
deepseek_pro_b035_P1_r2,A,deepseek_pro,65,68,65,3,65.0,3,ok
deepseek_pro_b035_P2_r1,A,deepseek_pro,65,65,65,3,65.0,0,ok
deepseek_pro_b035_P2_r2,A,deepseek_pro,65,68,65,3,65.0,3,ok
deepseek_pro_b035_P3_r1,A,deepseek_pro,65,65,65,3,65.0,0,ok
deepseek_pro_b035_P3_r2,A,deepseek_pro,65,68,65,3,65.0,3,ok
deepseek_pro_b036_P1_r1,A,deepseek_pro,68,65,68,3,68.0,3,ok
deepseek_pro_b036_P1_r2,A,deepseek_pro,45,65,65,3,65.0,20,ok
deepseek_pro_b036_P2_r1,A,deepseek_pro,65,68,65,3,65.0,3,ok
deepseek_pro_b036_P2_r2,A,deepseek_pro,65,68,65,3,65.0,3,ok
deepseek_pro_b036_P3_r1,A,deepseek_pro,35,68,65,3,65.0,33,ok
deepseek_pro_b036_P3_r2,A,deepseek_pro,45,68,65,3,65.0,23,ok
deepseek_pro_b037_P1_r1,A,deepseek_pro,65,65,65,3,65.0,0,ok
deepseek_pro_b037_P1_r2,A,deepseek_pro,55,68,65,3,65.0,13,ok
deepseek_pro_b037_P2_r1,A,deepseek_pro,65,45,45,3,45.0,20,ok
deepseek_pro_b037_P2_r2,A,deepseek_pro,68,72,75,3,72.0,7,ok
deepseek_pro_b037_P3_r1,A,deepseek_pro,68,75,75,3,75.0,7,ok
deepseek_pro_b037_P3_r2,A,deepseek_pro,65,65,65,3,65.0,0,ok
deepseek_pro_b038_P1_r1,A,deepseek_pro,75,65,68,3,68.0,10,ok
deepseek_pro_b038_P1_r2,A,deepseek_pro,68,65,68,3,68.0,3,ok
deepseek_pro_b038_P2_r1,A,deepseek_pro,75,65,68,3,68.0,10,ok
deepseek_pro_b038_P2_r2,A,deepseek_pro,68,65,68,3,68.0,3,ok
deepseek_pro_b038_P3_r1,A,deepseek_pro,65,68,65,3,65.0,3,ok
deepseek_pro_b038_P3_r2,A,deepseek_pro,65,68,65,3,65.0,3,ok
deepseek_pro_b039_P1_r1,A,deepseek_pro,55,65,65,3,65.0,10,ok
deepseek_pro_b039_P1_r2,A,deepseek_pro,65,68,65,3,65.0,3,ok
deepseek_pro_b039_P2_r1,A,deepseek_pro,68,65,68,3,68.0,3,ok
deepseek_pro_b039_P2_r2,A,deepseek_pro,65,65,65,3,65.0,0,ok
deepseek_pro_b039_P3_r1,A,deepseek_pro,65,68,65,3,65.0,3,ok
deepseek_pro_b039_P3_r2,A,deepseek_pro,68,65,68,3,68.0,3,ok
deepseek_pro_b040_P1_r1,A,deepseek_pro,65,68,65,3,65.0,3,ok
deepseek_pro_b040_P1_r2,A,deepseek_pro,55,68,65,3,65.0,13,ok
deepseek_pro_b040_P2_r1,A,deepseek_pro,65,68,65,3,65.0,3,ok
deepseek_pro_b040_P2_r2,A,deepseek_pro,55,68,65,3,65.0,13,ok
deepseek_pro_b040_P3_r1,A,deepseek_pro,75,68,68,3,68.0,7,ok
deepseek_pro_b040_P3_r2,A,deepseek_pro,68,65,68,3,68.0,3,ok
deepseek_pro_b041_P1_r1,A,deepseek_pro,68,65,68,3,68.0,3,ok
deepseek_pro_b041_P1_r2,A,deepseek_pro,65,68,65,3,65.0,3,ok
deepseek_pro_b041_P2_r1,A,deepseek_pro,65,65,65,3,65.0,0,ok
deepseek_pro_b041_P2_r2,A,deepseek_pro,55,65,65,3,65.0,10,ok
deepseek_pro_b041_P3_r1,A,deepseek_pro,65,65,65,3,65.0,0,ok
deepseek_pro_b041_P3_r2,A,deepseek_pro,68,65,68,3,68.0,3,ok
deepseek_pro_b042_P1_r1,A,deepseek_pro,65,65,65,3,65.0,0,ok
deepseek_pro_b042_P1_r2,A,deepseek_pro,65,65,65,3,65.0,0,ok
deepseek_pro_b042_P2_r1,A,deepseek_pro,75,68,68,3,68.0,7,ok
deepseek_pro_b042_P2_r2,A,deepseek_pro,68,65,68,3,68.0,3,ok
deepseek_pro_b042_P3_r1,A,deepseek_pro,65,68,65,3,65.0,3,ok
deepseek_pro_b042_P3_r2,A,deepseek_pro,65,65,68,3,65.0,3,ok
deepseek_pro_b043_P1_r1,A,deepseek_pro,65,65,65,3,65.0,0,ok
deepseek_pro_b043_P1_r2,A,deepseek_pro,65,65,65,3,65.0,0,ok
deepseek_pro_b043_P2_r1,A,deepseek_pro,68,65,68,3,68.0,3,ok
deepseek_pro_b043_P2_r2,A,deepseek_pro,65,65,65,3,65.0,0,ok
deepseek_pro_b043_P3_r1,A,deepseek_pro,65,68,65,3,65.0,3,ok
deepseek_pro_b043_P3_r2,A,deepseek_pro,65,68,65,3,65.0,3,ok
deepseek_pro_b044_P1_r1,A,deepseek_pro,65,68,65,3,65.0,3,ok
deepseek_pro_b044_P1_r2,A,deepseek_pro,65,68,65,3,65.0,3,ok
deepseek_pro_b044_P2_r1,A,deepseek_pro,68,65,68,3,68.0,3,ok
deepseek_pro_b044_P2_r2,A,deepseek_pro,75,68,68,3,68.0,7,ok
deepseek_pro_b044_P3_r1,A,deepseek_pro,65,68,65,3,65.0,3,ok
deepseek_pro_b044_P3_r2,A,deepseek_pro,65,68,65,3,65.0,3,ok
deepseek_pro_b045_P1_r1,A,deepseek_pro,65,68,65,3,65.0,3,ok
deepseek_pro_b045_P1_r2,A,deepseek_pro,65,68,65,3,65.0,3,ok
deepseek_pro_b045_P2_r1,A,deepseek_pro,75,68,68,3,68.0,7,ok
deepseek_pro_b045_P2_r2,A,deepseek_pro,68,72,75,3,72.0,7,ok
deepseek_pro_b045_P3_r1,A,deepseek_pro,68,65,68,3,68.0,3,ok
deepseek_pro_b045_P3_r2,A,deepseek_pro,68,65,68,3,68.0,3,ok
gpt_b001_P1_r1,A,gpt,68,65,68,3,68.0,3,ok
gpt_b001_P1_r2,A,gpt,65,68,65,3,65.0,3,ok
gpt_b001_P2_r1,A,gpt,55,65,65,3,65.0,10,ok
gpt_b001_P2_r2,A,gpt,68,65,68,3,68.0,3,ok
gpt_b001_P3_r1,A,gpt,65,68,65,3,65.0,3,ok
gpt_b001_P3_r2,A,gpt,65,68,65,3,65.0,3,ok
gpt_b002_P1_r1,A,gpt,65,68,65,3,65.0,3,ok
gpt_b002_P1_r2,A,gpt,65,68,65,3,65.0,3,ok
gpt_b002_P2_r1,A,gpt,55,65,65,3,65.0,10,ok
gpt_b002_P2_r2,A,gpt,65,68,65,3,65.0,3,ok
gpt_b002_P3_r1,A,gpt,65,68,65,3,65.0,3,ok
gpt_b002_P3_r2,A,gpt,65,68,65,3,65.0,3,ok
gpt_b003_P1_r1,A,gpt,65,68,65,3,65.0,3,ok
gpt_b003_P1_r2,A,gpt,65,68,65,3,65.0,3,ok
gpt_b003_P2_r1,A,gpt,65,68,65,3,65.0,3,ok
gpt_b003_P2_r2,A,gpt,65,68,65,3,65.0,3,ok
gpt_b003_P3_r1,A,gpt,65,68,65,3,65.0,3,ok
gpt_b003_P3_r2,A,gpt,65,68,65,3,65.0,3,ok
gpt_b004_P1_r1,A,gpt,65,68,65,3,65.0,3,ok
gpt_b004_P1_r2,A,gpt,68,65,68,3,68.0,3,ok
gpt_b004_P2_r1,A,gpt,65,68,65,3,65.0,3,ok
gpt_b004_P2_r2,A,gpt,68,65,68,3,68.0,3,ok
gpt_b004_P3_r1,A,gpt,68,65,68,3,68.0,3,ok
gpt_b004_P3_r2,A,gpt,65,68,65,3,65.0,3,ok
gpt_b005_P1_r1,A,gpt,65,65,65,3,65.0,0,ok
gpt_b005_P1_r2,A,gpt,65,65,65,3,65.0,0,ok
gpt_b005_P2_r1,A,gpt,68,65,68,3,68.0,3,ok
gpt_b005_P2_r2,A,gpt,68,65,68,3,68.0,3,ok
gpt_b005_P3_r1,A,gpt,65,68,65,3,65.0,3,ok
gpt_b005_P3_r2,A,gpt,55,65,65,3,65.0,10,ok
gpt_b006_P1_r1,A,gpt,65,68,65,3,65.0,3,ok
gpt_b006_P1_r2,A,gpt,65,68,65,3,65.0,3,ok
gpt_b006_P2_r1,A,gpt,65,65,65,3,65.0,0,ok
gpt_b006_P2_r2,A,gpt,65,68,65,3,65.0,3,ok
gpt_b006_P3_r1,A,gpt,65,68,65,3,65.0,3,ok
gpt_b006_P3_r2,A,gpt,65,68,65,3,65.0,3,ok
gpt_b007_P1_r1,A,gpt,45,68,65,3,65.0,23,ok
gpt_b007_P1_r2,A,gpt,65,68,65,3,65.0,3,ok
gpt_b007_P2_r1,A,gpt,68,65,68,3,68.0,3,ok
gpt_b007_P2_r2,A,gpt,65,65,65,3,65.0,0,ok
gpt_b007_P3_r1,A,gpt,68,65,68,3,68.0,3,ok
gpt_b007_P3_r2,A,gpt,65,65,65,3,65.0,0,ok
gpt_b008_P1_r1,A,gpt,65,65,65,3,65.0,0,ok
gpt_b008_P1_r2,A,gpt,65,68,65,3,65.0,3,ok
gpt_b008_P2_r1,A,gpt,65,68,65,3,65.0,3,ok
gpt_b008_P2_r2,A,gpt,65,68,65,3,65.0,3,ok
gpt_b008_P3_r1,A,gpt,65,68,65,3,65.0,3,ok
gpt_b008_P3_r2,A,gpt,65,65,65,3,65.0,0,ok
gpt_b009_P1_r1,A,gpt,65,68,65,3,65.0,3,ok
gpt_b009_P1_r2,A,gpt,55,65,65,3,65.0,10,ok
gpt_b009_P2_r1,A,gpt,68,65,68,3,68.0,3,ok
gpt_b009_P2_r2,A,gpt,55,65,65,3,65.0,10,ok
gpt_b009_P3_r1,A,gpt,65,68,65,3,65.0,3,ok
gpt_b009_P3_r2,A,gpt,75,68,68,3,68.0,7,ok
gpt_b010_P1_r1,A,gpt,65,65,65,3,65.0,0,ok
gpt_b010_P1_r2,A,gpt,65,68,65,3,65.0,3,ok
gpt_b010_P2_r1,A,gpt,65,68,65,3,65.0,3,ok
gpt_b010_P2_r2,A,gpt,65,65,65,3,65.0,0,ok
gpt_b010_P3_r1,A,gpt,65,68,65,3,65.0,3,ok
gpt_b010_P3_r2,A,gpt,65,65,65,3,65.0,0,ok
gpt_b011_P1_r1,A,gpt,65,65,65,3,65.0,0,ok
gpt_b011_P1_r2,A,gpt,65,68,65,3,65.0,3,ok
gpt_b011_P2_r1,A,gpt,68,65,68,3,68.0,3,ok
gpt_b011_P2_r2,A,gpt,65,68,65,3,65.0,3,ok
gpt_b011_P3_r1,A,gpt,65,68,65,3,65.0,3,ok
gpt_b011_P3_r2,A,gpt,65,65,65,3,65.0,0,ok
gpt_b012_P1_r1,A,gpt,65,65,65,3,65.0,0,ok
gpt_b012_P1_r2,A,gpt,65,68,65,3,65.0,3,ok
gpt_b012_P2_r1,A,gpt,65,68,65,3,65.0,3,ok
gpt_b012_P2_r2,A,gpt,65,65,65,3,65.0,0,ok
gpt_b012_P3_r1,A,gpt,65,65,65,3,65.0,0,ok
gpt_b012_P3_r2,A,gpt,65,65,65,3,65.0,0,ok
gpt_b013_P1_r1,A,gpt,65,65,65,3,65.0,0,ok
gpt_b013_P1_r2,A,gpt,68,65,68,3,68.0,3,ok
gpt_b013_P2_r1,A,gpt,65,68,65,3,65.0,3,ok
gpt_b013_P2_r2,A,gpt,68,65,68,3,68.0,3,ok
gpt_b013_P3_r1,A,gpt,65,65,65,3,65.0,0,ok
gpt_b013_P3_r2,A,gpt,68,65,68,3,68.0,3,ok
gpt_b014_P1_r1,A,gpt,58,65,65,3,65.0,7,ok
gpt_b014_P1_r2,A,gpt,65,65,65,3,65.0,0,ok
gpt_b014_P2_r1,A,gpt,65,65,65,3,65.0,0,ok
gpt_b014_P2_r2,A,gpt,65,65,65,3,65.0,0,ok
gpt_b014_P3_r1,A,gpt,65,68,65,3,65.0,3,ok
gpt_b014_P3_r2,A,gpt,65,68,65,3,65.0,3,ok
gpt_b015_P1_r1,A,gpt,65,68,65,3,65.0,3,ok
gpt_b015_P1_r2,A,gpt,65,68,65,3,65.0,3,ok
gpt_b015_P2_r1,A,gpt,68,68,68,3,68.0,0,ok
gpt_b015_P2_r2,A,gpt,68,65,68,3,68.0,3,ok
gpt_b015_P3_r1,A,gpt,55,65,65,3,65.0,10,ok
gpt_b015_P3_r2,A,gpt,68,65,68,3,68.0,3,ok
gpt_b016_P1_r1,A,gpt,65,68,65,3,65.0,3,ok
gpt_b016_P1_r2,A,gpt,68,68,68,3,68.0,0,ok
gpt_b016_P2_r1,A,gpt,65,68,65,3,65.0,3,ok
gpt_b016_P2_r2,A,gpt,68,65,68,3,68.0,3,ok
gpt_b016_P3_r1,A,gpt,65,68,65,3,65.0,3,ok
gpt_b016_P3_r2,A,gpt,68,65,68,3,68.0,3,ok
gpt_b017_P1_r1,A,gpt,65,68,65,3,65.0,3,ok
gpt_b017_P1_r2,A,gpt,55,68,65,3,65.0,13,ok
gpt_b017_P2_r1,A,gpt,68,65,68,3,68.0,3,ok
gpt_b017_P2_r2,A,gpt,65,65,65,3,65.0,0,ok
gpt_b017_P3_r1,A,gpt,65,65,65,3,65.0,0,ok
gpt_b017_P3_r2,A,gpt,65,68,65,3,65.0,3,ok
gpt_b018_P1_r1,A,gpt,55,65,65,3,65.0,10,ok
gpt_b018_P1_r2,A,gpt,65,68,65,3,65.0,3,ok
gpt_b018_P2_r1,A,gpt,68,65,68,3,68.0,3,ok
gpt_b018_P2_r2,A,gpt,68,65,68,3,68.0,3,ok
gpt_b018_P3_r1,A,gpt,65,65,65,3,65.0,0,ok
gpt_b018_P3_r2,A,gpt,65,65,65,3,65.0,0,ok
gpt_b019_P1_r1,A,gpt,65,65,65,3,65.0,0,ok
gpt_b019_P1_r2,A,gpt,65,65,65,3,65.0,0,ok
gpt_b019_P2_r1,A,gpt,65,68,65,3,65.0,3,ok
gpt_b019_P2_r2,A,gpt,65,68,65,3,65.0,3,ok
gpt_b019_P3_r1,A,gpt,65,68,65,3,65.0,3,ok
gpt_b019_P3_r2,A,gpt,65,68,65,3,65.0,3,ok
gpt_b020_P1_r1,A,gpt,65,68,65,3,65.0,3,ok
gpt_b020_P1_r2,A,gpt,65,68,65,3,65.0,3,ok
gpt_b020_P2_r1,A,gpt,65,68,65,3,65.0,3,ok
gpt_b020_P2_r2,A,gpt,68,65,68,3,68.0,3,ok
gpt_b020_P3_r1,A,gpt,65,68,65,3,65.0,3,ok
gpt_b020_P3_r2,A,gpt,65,68,65,3,65.0,3,ok
gpt_b021_P1_r1,A,gpt,68,65,68,3,68.0,3,ok
gpt_b021_P1_r2,A,gpt,65,68,65,3,65.0,3,ok
gpt_b021_P2_r1,A,gpt,68,65,68,3,68.0,3,ok
gpt_b021_P2_r2,A,gpt,65,68,65,3,65.0,3,ok
gpt_b021_P3_r1,A,gpt,65,68,65,3,65.0,3,ok
gpt_b021_P3_r2,A,gpt,72,68,68,3,68.0,4,ok
gpt_b022_P1_r1,A,gpt,65,68,65,3,65.0,3,ok
gpt_b022_P1_r2,A,gpt,65,65,65,3,65.0,0,ok
gpt_b022_P2_r1,A,gpt,65,65,65,3,65.0,0,ok
gpt_b022_P2_r2,A,gpt,55,65,65,3,65.0,10,ok
gpt_b022_P3_r1,A,gpt,65,68,65,3,65.0,3,ok
gpt_b022_P3_r2,A,gpt,65,68,65,3,65.0,3,ok
gpt_b023_P1_r1,A,gpt,55,65,65,3,65.0,10,ok
gpt_b023_P1_r2,A,gpt,45,65,65,3,65.0,20,ok
gpt_b023_P2_r1,A,gpt,65,65,65,3,65.0,0,ok
gpt_b023_P2_r2,A,gpt,65,65,65,3,65.0,0,ok
gpt_b023_P3_r1,A,gpt,65,68,65,3,65.0,3,ok
gpt_b023_P3_r2,A,gpt,65,68,65,3,65.0,3,ok
gpt_b024_P1_r1,A,gpt,65,65,65,3,65.0,0,ok
gpt_b024_P1_r2,A,gpt,65,65,65,3,65.0,0,ok
gpt_b024_P2_r1,A,gpt,68,65,68,3,68.0,3,ok
gpt_b024_P2_r2,A,gpt,65,68,65,3,65.0,3,ok
gpt_b024_P3_r1,A,gpt,68,65,68,3,68.0,3,ok
gpt_b024_P3_r2,A,gpt,65,65,68,3,65.0,3,ok
gpt_b025_P1_r1,A,gpt,58,65,65,3,65.0,7,ok
gpt_b025_P1_r2,A,gpt,55,65,65,3,65.0,10,ok
gpt_b025_P2_r1,A,gpt,65,68,65,3,65.0,3,ok
gpt_b025_P2_r2,A,gpt,65,68,65,3,65.0,3,ok
gpt_b025_P3_r1,A,gpt,65,68,65,3,65.0,3,ok
gpt_b025_P3_r2,A,gpt,68,65,68,3,68.0,3,ok
gpt_b026_P1_r1,A,gpt,55,68,65,3,65.0,13,ok
gpt_b026_P1_r2,A,gpt,65,68,65,3,65.0,3,ok
gpt_b026_P2_r1,A,gpt,68,65,68,3,68.0,3,ok
gpt_b026_P2_r2,A,gpt,55,68,65,3,65.0,13,ok
gpt_b026_P3_r1,A,gpt,65,65,65,3,65.0,0,ok
gpt_b026_P3_r2,A,gpt,45,65,65,3,65.0,20,ok
gpt_b027_P1_r1,A,gpt,65,68,65,3,65.0,3,ok
gpt_b027_P1_r2,A,gpt,65,65,65,3,65.0,0,ok
gpt_b027_P2_r1,A,gpt,65,68,65,3,65.0,3,ok
gpt_b027_P2_r2,A,gpt,65,65,65,3,65.0,0,ok
gpt_b027_P3_r1,A,gpt,65,68,65,3,65.0,3,ok
gpt_b027_P3_r2,A,gpt,65,65,65,3,65.0,0,ok
gpt_b028_P1_r1,A,gpt,65,65,65,3,65.0,0,ok
gpt_b028_P1_r2,A,gpt,55,65,65,3,65.0,10,ok
gpt_b028_P2_r1,A,gpt,65,65,65,3,65.0,0,ok
gpt_b028_P2_r2,A,gpt,65,65,65,3,65.0,0,ok
gpt_b028_P3_r1,A,gpt,65,68,65,3,65.0,3,ok
gpt_b028_P3_r2,A,gpt,65,68,65,3,65.0,3,ok
gpt_b029_P1_r1,A,gpt,55,65,65,3,65.0,10,ok
gpt_b029_P1_r2,A,gpt,65,68,65,3,65.0,3,ok
gpt_b029_P2_r1,A,gpt,65,68,65,3,65.0,3,ok
gpt_b029_P2_r2,A,gpt,68,65,68,3,68.0,3,ok
gpt_b029_P3_r1,A,gpt,75,65,68,3,68.0,10,ok
gpt_b029_P3_r2,A,gpt,68,65,68,3,68.0,3,ok
gpt_b030_P1_r1,A,gpt,65,68,65,3,65.0,3,ok
gpt_b030_P1_r2,A,gpt,58,68,65,3,65.0,10,ok
gpt_b030_P2_r1,A,gpt,68,65,68,3,68.0,3,ok
gpt_b030_P2_r2,A,gpt,65,68,65,3,65.0,3,ok
gpt_b030_P3_r1,A,gpt,68,65,68,3,68.0,3,ok
gpt_b030_P3_r2,A,gpt,65,68,65,3,65.0,3,ok
gpt_b031_P1_r1,A,gpt,65,65,65,3,65.0,0,ok
gpt_b031_P1_r2,A,gpt,65,65,65,3,65.0,0,ok
gpt_b031_P2_r1,A,gpt,55,65,65,3,65.0,10,ok
gpt_b031_P2_r2,A,gpt,55,65,65,3,65.0,10,ok
gpt_b031_P3_r1,A,gpt,65,68,65,3,65.0,3,ok
gpt_b031_P3_r2,A,gpt,65,68,65,3,65.0,3,ok
gpt_b032_P1_r1,A,gpt,45,65,65,3,65.0,20,ok
gpt_b032_P1_r2,A,gpt,45,65,65,3,65.0,20,ok
gpt_b032_P2_r1,A,gpt,65,68,65,3,65.0,3,ok
gpt_b032_P2_r2,A,gpt,68,65,68,3,68.0,3,ok
gpt_b032_P3_r1,A,gpt,65,68,65,3,65.0,3,ok
gpt_b032_P3_r2,A,gpt,65,65,65,3,65.0,0,ok
gpt_b033_P1_r1,A,gpt,65,65,65,3,65.0,0,ok
gpt_b033_P1_r2,A,gpt,45,68,65,3,65.0,23,ok
gpt_b033_P2_r1,A,gpt,65,68,65,3,65.0,3,ok
gpt_b033_P2_r2,A,gpt,65,68,65,3,65.0,3,ok
gpt_b033_P3_r1,A,gpt,65,65,65,3,65.0,0,ok
gpt_b033_P3_r2,A,gpt,65,65,65,3,65.0,0,ok
gpt_b034_P1_r1,A,gpt,75,65,68,3,68.0,10,ok
gpt_b034_P1_r2,A,gpt,68,65,68,3,68.0,3,ok
gpt_b034_P2_r1,A,gpt,68,65,68,3,68.0,3,ok
gpt_b034_P2_r2,A,gpt,65,68,65,3,65.0,3,ok
gpt_b034_P3_r1,A,gpt,65,68,65,3,65.0,3,ok
gpt_b034_P3_r2,A,gpt,65,68,65,3,65.0,3,ok
gpt_b035_P1_r1,A,gpt,65,65,65,3,65.0,0,ok
gpt_b035_P1_r2,A,gpt,65,65,65,3,65.0,0,ok
gpt_b035_P2_r1,A,gpt,65,65,65,3,65.0,0,ok
gpt_b035_P2_r2,A,gpt,65,68,65,3,65.0,3,ok
gpt_b035_P3_r1,A,gpt,65,68,65,3,65.0,3,ok
gpt_b035_P3_r2,A,gpt,65,65,65,3,65.0,0,ok
gpt_b036_P1_r1,A,gpt,25,35,35,3,35.0,10,ok
gpt_b036_P1_r2,A,gpt,45,65,65,3,65.0,20,ok
gpt_b036_P2_r1,A,gpt,65,65,65,3,65.0,0,ok
gpt_b036_P2_r2,A,gpt,55,65,65,3,65.0,10,ok
gpt_b036_P3_r1,A,gpt,45,25,25,3,25.0,20,ok
gpt_b036_P3_r2,A,gpt,45,65,65,3,65.0,20,ok
gpt_b037_P1_r1,A,gpt,55,65,65,3,65.0,10,ok
gpt_b037_P1_r2,A,gpt,65,68,65,3,65.0,3,ok
gpt_b037_P2_r1,A,gpt,65,68,65,3,65.0,3,ok
gpt_b037_P2_r2,A,gpt,68,68,68,3,68.0,0,ok
gpt_b037_P3_r1,A,gpt,65,65,65,3,65.0,0,ok
gpt_b037_P3_r2,A,gpt,65,68,65,3,65.0,3,ok
gpt_b038_P1_r1,A,gpt,65,68,65,3,65.0,3,ok
gpt_b038_P1_r2,A,gpt,65,68,65,3,65.0,3,ok
gpt_b038_P2_r1,A,gpt,65,68,65,3,65.0,3,ok
gpt_b038_P2_r2,A,gpt,68,65,68,3,68.0,3,ok
gpt_b038_P3_r1,A,gpt,65,68,65,3,65.0,3,ok
gpt_b038_P3_r2,A,gpt,65,65,65,3,65.0,0,ok
gpt_b039_P1_r1,A,gpt,65,65,68,3,65.0,3,ok
gpt_b039_P1_r2,A,gpt,65,65,65,3,65.0,0,ok
gpt_b039_P2_r1,A,gpt,68,65,68,3,68.0,3,ok
gpt_b039_P2_r2,A,gpt,68,65,68,3,68.0,3,ok
gpt_b039_P3_r1,A,gpt,65,68,65,3,65.0,3,ok
gpt_b039_P3_r2,A,gpt,68,65,68,3,68.0,3,ok
gpt_b040_P1_r1,A,gpt,65,68,65,3,65.0,3,ok
gpt_b040_P1_r2,A,gpt,68,65,68,3,68.0,3,ok
gpt_b040_P2_r1,A,gpt,68,65,68,3,68.0,3,ok
gpt_b040_P2_r2,A,gpt,68,65,68,3,68.0,3,ok
gpt_b040_P3_r1,A,gpt,65,68,65,3,65.0,3,ok
gpt_b040_P3_r2,A,gpt,45,65,65,3,65.0,20,ok
gpt_b041_P1_r1,A,gpt,65,65,65,3,65.0,0,ok
gpt_b041_P1_r2,A,gpt,65,65,65,3,65.0,0,ok
gpt_b041_P2_r1,A,gpt,68,65,68,3,68.0,3,ok
gpt_b041_P2_r2,A,gpt,75,68,68,3,68.0,7,ok
gpt_b041_P3_r1,A,gpt,65,68,65,3,65.0,3,ok
gpt_b041_P3_r2,A,gpt,65,68,65,3,65.0,3,ok
gpt_b042_P1_r1,A,gpt,65,68,65,3,65.0,3,ok
gpt_b042_P1_r2,A,gpt,55,45,65,3,55.0,20,ok
gpt_b042_P2_r1,A,gpt,65,68,65,3,65.0,3,ok
gpt_b042_P2_r2,A,gpt,65,68,65,3,65.0,3,ok
gpt_b042_P3_r1,A,gpt,65,65,65,3,65.0,0,ok
gpt_b042_P3_r2,A,gpt,65,68,65,3,65.0,3,ok
gpt_b043_P1_r1,A,gpt,65,68,65,3,65.0,3,ok
gpt_b043_P1_r2,A,gpt,65,68,65,3,65.0,3,ok
gpt_b043_P2_r1,A,gpt,65,68,65,3,65.0,3,ok
gpt_b043_P2_r2,A,gpt,65,68,65,3,65.0,3,ok
gpt_b043_P3_r1,A,gpt,65,65,65,3,65.0,0,ok
gpt_b043_P3_r2,A,gpt,65,65,65,3,65.0,0,ok
gpt_b044_P1_r1,A,gpt,65,68,65,3,65.0,3,ok
gpt_b044_P1_r2,A,gpt,65,68,65,3,65.0,3,ok
gpt_b044_P2_r1,A,gpt,65,68,65,3,65.0,3,ok
gpt_b044_P2_r2,A,gpt,68,65,68,3,68.0,3,ok
gpt_b044_P3_r1,A,gpt,65,68,65,3,65.0,3,ok
gpt_b044_P3_r2,A,gpt,65,68,65,3,65.0,3,ok
gpt_b045_P1_r1,A,gpt,55,65,65,3,65.0,10,ok
gpt_b045_P1_r2,A,gpt,65,68,65,3,65.0,3,ok
gpt_b045_P2_r1,A,gpt,68,68,68,3,68.0,0,ok
gpt_b045_P2_r2,A,gpt,65,68,65,3,65.0,3,ok
gpt_b045_P3_r1,A,gpt,68,65,68,3,68.0,3,ok
gpt_b045_P3_r2,A,gpt,65,65,68,3,65.0,3,ok
human_hard_rusltc_0001,H,,68,68,68,3,68.0,0,ok
human_hard_rusltc_0002,H,,68,65,68,3,68.0,3,ok
human_hard_rusltc_0003,H,,68,75,75,3,75.0,7,ok
human_hard_rusltc_0004,H,,75,75,75,3,75.0,0,ok
human_hard_rusltc_0005,H,,75,75,78,3,75.0,3,ok
human_hard_rusltc_0006,H,,75,78,75,3,75.0,3,ok
human_hard_rusltc_0007,H,,68,78,75,3,75.0,10,ok
human_hard_rusltc_0008,H,,75,75,78,3,75.0,3,ok
human_hard_rusltc_0009,H,,68,65,68,3,68.0,3,ok
human_hard_rusltc_0010,H,,55,65,65,3,65.0,10,ok
human_hard_rusltc_0011,H,,68,65,68,3,68.0,3,ok
human_hard_rusltc_0012,H,,75,68,68,3,68.0,7,ok
human_hard_rusltc_0013,H,,75,72,68,3,72.0,7,ok
human_hard_rusltc_0014,H,,68,68,68,3,68.0,0,ok
human_hard_rusltc_0015,H,,75,78,75,3,75.0,3,ok
human_hard_rusltc_0016,H,,68,68,65,3,68.0,3,ok
human_hard_rusltc_0017,H,,68,75,75,3,75.0,7,ok
human_hard_rusltc_0018,H,,75,68,68,3,68.0,7,ok
human_hard_rusltc_0019,H,,68,65,68,3,68.0,3,ok
human_hard_rusltc_0020,H,,75,75,75,3,75.0,0,ok
human_hard_rusltc_0021,H,,75,68,68,3,68.0,7,ok
human_hard_rusltc_0022,H,,65,65,65,3,65.0,0,ok
human_hard_rusltc_0023,H,,68,65,68,3,68.0,3,ok
human_hard_rusltc_0024,H,,68,65,68,3,68.0,3,ok
human_hard_rusltc_0025,H,,75,75,78,3,75.0,3,ok
human_hard_rusltc_0026,H,,68,65,68,3,68.0,3,ok
human_hard_rusltc_0027,H,,65,68,65,3,65.0,3,ok
human_hard_rusltc_0028,H,,75,68,68,3,68.0,7,ok
human_hard_rusltc_0029,H,,68,75,75,3,75.0,7,ok
human_hard_rusltc_0030,H,,68,65,68,3,68.0,3,ok
human_hard_rusltc_0031,H,,68,65,68,3,68.0,3,ok
human_hard_rusltc_0032,H,,55,65,65,3,65.0,10,ok
human_hard_rusltc_0033,H,,68,65,68,3,68.0,3,ok
human_hard_rusltc_0034,H,,75,68,68,3,68.0,7,ok
human_hard_rusltc_0035,H,,68,65,68,3,68.0,3,ok
human_hard_rusltc_0036,H,,68,68,68,3,68.0,0,ok
human_hard_rusltc_0037,H,,75,68,68,3,68.0,7,ok
human_hard_rusltc_0038,H,,75,68,68,3,68.0,7,ok
human_hard_rusltc_0039,H,,68,75,75,3,75.0,7,ok
human_hard_rusltc_0040,H,,68,65,68,3,68.0,3,ok
human_hard_rusltc_0041,H,,65,68,65,3,65.0,3,ok
human_hard_rusltc_0042,H,,68,65,68,3,68.0,3,ok
human_hard_rusltc_0043,H,,75,68,68,3,68.0,7,ok
human_hard_rusltc_0044,H,,68,72,75,3,72.0,7,ok
human_hard_rusltc_0045,H,,65,68,65,3,65.0,3,ok
human_hard_rusltc_0046,H,,68,65,68,3,68.0,3,ok
human_hard_rusltc_0047,H,,75,75,75,3,75.0,0,ok
human_hard_rusltc_0048,H,,68,65,68,3,68.0,3,ok
human_hard_rusltc_0049,H,,68,75,75,3,75.0,7,ok
human_hard_rusltc_0050,H,,75,75,75,3,75.0,0,ok
human_hard_rusltc_0051,H,,68,75,75,3,75.0,7,ok
human_hard_rusltc_0052,H,,68,78,75,3,75.0,10,ok
human_hard_rusltc_0053,H,,68,65,68,3,68.0,3,ok
human_hard_rusltc_0054,H,,68,75,75,3,75.0,7,ok
human_hard_rusltc_0055,H,,68,65,68,3,68.0,3,ok
human_hard_rusltc_0056,H,,75,75,68,3,75.0,7,ok
human_hard_rusltc_0057,H,,68,65,68,3,68.0,3,ok
human_hard_rusltc_0058,H,,55,65,65,3,65.0,10,ok
human_hard_rusltc_0059,H,,65,68,65,3,65.0,3,ok
human_hard_rusltc_0060,H,,75,68,68,3,68.0,7,ok
human_hard_rusltc_0061,H,,65,68,65,3,65.0,3,ok
human_hard_rusltc_0062,H,,75,68,68,3,68.0,7,ok
human_hard_rusltc_0063,H,,65,68,65,3,65.0,3,ok
human_hard_rusltc_0064,H,,68,65,68,3,68.0,3,ok
human_hard_rusltc_0065,H,,75,75,75,3,75.0,0,ok
human_hard_rusltc_0066,H,,72,65,68,3,68.0,7,ok
human_hard_rusltc_0067,H,,72,65,68,3,68.0,7,ok
human_hard_rusltc_0068,H,,68,75,75,3,75.0,7,ok
human_hard_rusltc_0069,H,,75,65,68,3,68.0,10,ok
human_hard_rusltc_0070,H,,75,65,68,3,68.0,10,ok
human_hard_rusltc_0071,H,,75,75,75,3,75.0,0,ok
human_hard_rusltc_0072,H,,48,68,65,3,65.0,20,ok
human_hard_rusltc_0073,H,,65,68,65,3,65.0,3,ok
human_news_buriy_2014_0001,H,,65,68,65,3,65.0,3,ok
human_news_buriy_2014_0002,H,,68,75,75,3,75.0,7,ok
human_news_buriy_2014_0003,H,,75,65,68,3,68.0,10,ok
human_news_buriy_2014_0004,H,,65,68,65,3,65.0,3,ok
human_news_buriy_2014_0005,H,,65,68,65,3,65.0,3,ok
human_news_buriy_2014_0006,H,,65,68,68,3,68.0,3,ok
human_news_buriy_2014_0007,H,,68,78,75,3,75.0,10,ok
human_news_buriy_2014_0008,H,,68,65,68,3,68.0,3,ok
human_news_buriy_2014_0009,H,,75,68,68,3,68.0,7,ok
human_news_buriy_2014_0010,H,,68,65,68,3,68.0,3,ok
human_news_buriy_2014_0011,H,,75,72,68,3,72.0,7,ok
human_news_buriy_2014_0012,H,,65,68,65,3,65.0,3,ok
human_news_buriy_2014_0013,H,,68,75,75,3,75.0,7,ok
human_news_buriy_2014_0014,H,,68,65,68,3,68.0,3,ok
human_news_buriy_2014_0015,H,,55,68,65,3,65.0,13,ok
human_news_buriy_2014_0016,H,,68,65,68,3,68.0,3,ok
human_news_buriy_2014_0017,H,,75,65,68,3,68.0,10,ok
human_news_buriy_2014_0018,H,,75,65,68,3,68.0,10,ok
human_news_buriy_2014_0019,H,,68,65,68,3,68.0,3,ok
human_news_buriy_2014_0020,H,,75,65,68,3,68.0,10,ok
human_news_buriy_2014_0021,H,,75,75,68,3,75.0,7,ok
human_news_buriy_2014_0022,H,,75,65,68,3,68.0,10,ok
human_news_buriy_2014_0023,H,,68,65,68,3,68.0,3,ok
human_news_buriy_2014_0024,H,,65,75,75,3,75.0,10,ok
human_news_buriy_2014_0025,H,,75,78,75,3,75.0,3,ok
human_news_buriy_2014_0026,H,,65,68,65,3,65.0,3,ok
human_news_buriy_2014_0027,H,,75,75,75,3,75.0,0,ok
human_news_buriy_2014_0028,H,,55,68,65,3,65.0,13,ok
human_news_buriy_2014_0029,H,,68,65,68,3,68.0,3,ok
human_news_buriy_2014_0030,H,,75,68,68,3,68.0,7,ok
human_news_buriy_2014_0031,H,,65,68,65,3,65.0,3,ok
human_news_buriy_2014_0032,H,,75,72,78,3,75.0,6,ok
human_news_buriy_2014_0033,H,,65,68,65,3,65.0,3,ok
human_news_buriy_2014_0034,H,,68,65,68,3,68.0,3,ok
human_news_buriy_2014_0035,H,,75,75,75,3,75.0,0,ok
human_news_buriy_2014_0036,H,,65,68,65,3,65.0,3,ok
human_news_buriy_2014_0037,H,,35,45,45,3,45.0,10,ok
human_news_buriy_2014_0038,H,,68,75,75,3,75.0,7,ok
human_news_buriy_2014_0039,H,,75,72,68,3,72.0,7,ok
human_news_buriy_2014_0040,H,,75,65,68,3,68.0,10,ok
human_news_buriy_2014_0041,H,,65,68,65,3,65.0,3,ok
human_news_buriy_2014_0042,H,,68,68,65,3,68.0,3,ok
human_news_buriy_2014_0043,H,,65,68,65,3,65.0,3,ok
human_news_buriy_2014_0044,H,,68,65,68,3,68.0,3,ok
human_news_buriy_2014_0045,H,,75,65,68,3,68.0,10,ok
human_news_buriy_2014_0046,H,,75,65,68,3,68.0,10,ok
human_news_buriy_2014_0047,H,,68,75,75,3,75.0,7,ok
human_news_buriy_2014_0048,H,,68,65,68,3,68.0,3,ok
human_news_buriy_2014_0049,H,,55,65,65,3,65.0,10,ok
human_news_buriy_2014_0050,H,,55,65,65,3,65.0,10,ok
human_news_buriy_2014_0051,H,,75,65,68,3,68.0,10,ok
human_news_buriy_2014_0052,H,,65,68,65,3,65.0,3,ok
human_news_buriy_2014_0053,H,,68,65,68,3,68.0,3,ok
human_news_buriy_2014_0054,H,,65,65,65,3,65.0,0,ok
human_news_buriy_2014_0055,H,,68,75,75,3,75.0,7,ok
human_news_buriy_2014_0056,H,,75,68,68,3,68.0,7,ok
human_news_buriy_2014_0057,H,,68,78,75,3,75.0,10,ok
human_news_buriy_2014_0058,H,,65,68,65,3,65.0,3,ok
human_news_buriy_2014_0059,H,,68,72,75,3,72.0,7,ok
human_news_buriy_2014_0060,H,,65,68,65,3,65.0,3,ok
human_news_gazeta_0001,H,,75,68,68,3,68.0,7,ok
human_news_gazeta_0002,H,,68,68,68,3,68.0,0,ok
human_news_gazeta_0003,H,,68,75,75,3,75.0,7,ok
human_news_gazeta_0004,H,,68,65,68,3,68.0,3,ok
human_news_gazeta_0005,H,,75,72,68,3,72.0,7,ok
human_news_gazeta_0006,H,,68,68,75,3,68.0,7,ok
human_news_gazeta_0007,H,,65,65,65,3,65.0,0,ok
human_news_gazeta_0008,H,,75,68,68,3,68.0,7,ok
human_news_gazeta_0009,H,,65,68,65,3,65.0,3,ok
human_news_gazeta_0010,H,,68,72,75,3,72.0,7,ok
human_news_gazeta_0011,H,,68,68,68,3,68.0,0,ok
human_news_gazeta_0012,H,,65,68,65,3,65.0,3,ok
human_news_gazeta_0013,H,,65,68,65,3,65.0,3,ok
human_news_gazeta_0014,H,,75,75,75,3,75.0,0,ok
human_news_gazeta_0015,H,,68,65,68,3,68.0,3,ok
human_news_gazeta_0016,H,,65,68,65,3,65.0,3,ok
human_news_gazeta_0017,H,,75,68,68,3,68.0,7,ok
human_news_gazeta_0018,H,,68,65,68,3,68.0,3,ok
human_news_gazeta_0019,H,,55,65,65,3,65.0,10,ok
human_news_gazeta_0020,H,,68,75,75,3,75.0,7,ok
human_news_gazeta_0021,H,,68,65,68,3,68.0,3,ok
human_news_gazeta_0022,H,,68,65,68,3,68.0,3,ok
human_news_gazeta_0023,H,,68,65,68,3,68.0,3,ok
human_news_gazeta_0024,H,,55,65,65,3,65.0,10,ok
human_news_gazeta_0025,H,,65,68,65,3,65.0,3,ok
human_news_gazeta_0026,H,,65,68,65,3,65.0,3,ok
human_news_gazeta_0027,H,,75,75,75,3,75.0,0,ok
human_news_gazeta_0028,H,,75,68,68,3,68.0,7,ok
human_news_gazeta_0029,H,,65,65,65,3,65.0,0,ok
human_news_gazeta_0030,H,,68,72,75,3,72.0,7,ok
human_news_gazeta_0031,H,,68,65,68,3,68.0,3,ok
human_news_gazeta_0032,H,,68,65,68,3,68.0,3,ok
human_news_gazeta_0033,H,,75,68,68,3,68.0,7,ok
human_news_gazeta_0034,H,,68,65,68,3,68.0,3,ok
human_news_gazeta_0035,H,,68,75,75,3,75.0,7,ok
human_news_gazeta_0036,H,,65,68,65,3,65.0,3,ok
human_news_gazeta_0037,H,,68,65,68,3,68.0,3,ok
human_news_gazeta_0038,H,,68,65,68,3,68.0,3,ok
human_news_gazeta_0039,H,,75,68,68,3,68.0,7,ok
human_news_gazeta_0040,H,,68,68,68,3,68.0,0,ok
human_news_gazeta_0041,H,,75,68,68,3,68.0,7,ok
human_news_gazeta_0042,H,,68,65,68,3,68.0,3,ok
human_news_gazeta_0043,H,,75,68,68,3,68.0,7,ok
human_news_gazeta_0044,H,,65,68,65,3,65.0,3,ok
human_news_gazeta_0045,H,,68,68,75,3,68.0,7,ok
human_news_gazeta_0046,H,,68,65,68,3,68.0,3,ok
human_news_gazeta_0047,H,,65,68,65,3,65.0,3,ok
human_news_gazeta_0048,H,,72,68,68,3,68.0,4,ok
human_news_gazeta_0049,H,,75,75,68,3,75.0,7,ok
human_news_gazeta_0050,H,,75,68,68,3,68.0,7,ok
human_news_gazeta_0051,H,,68,75,75,3,75.0,7,ok
human_news_gazeta_0052,H,,68,75,75,3,75.0,7,ok
human_news_gazeta_0053,H,,75,68,68,3,68.0,7,ok
human_news_gazeta_0054,H,,68,72,75,3,72.0,7,ok
human_news_gazeta_0055,H,,65,68,65,3,65.0,3,ok
human_news_gazeta_0056,H,,75,68,68,3,68.0,7,ok
human_news_gazeta_0057,H,,75,68,68,3,68.0,7,ok
human_news_gazeta_0058,H,,75,65,68,3,68.0,10,ok
human_news_gazeta_0059,H,,68,65,68,3,68.0,3,ok
human_news_gazeta_0060,H,,65,68,65,3,65.0,3,ok
human_news_lenta_0001,H,,68,65,68,3,68.0,3,ok
human_news_lenta_0002,H,,68,68,68,3,68.0,0,ok
human_news_lenta_0003,H,,75,75,75,3,75.0,0,ok
human_news_lenta_0004,H,,68,65,68,3,68.0,3,ok
human_news_lenta_0005,H,,75,75,75,3,75.0,0,ok
human_news_lenta_0006,H,,75,75,75,3,75.0,0,ok
human_news_lenta_0007,H,,68,75,75,3,75.0,7,ok
human_news_lenta_0008,H,,75,75,75,3,75.0,0,ok
human_news_lenta_0009,H,,68,75,75,3,75.0,7,ok
human_news_lenta_0010,H,,75,75,75,3,75.0,0,ok
human_news_lenta_0011,H,,75,75,75,3,75.0,0,ok
human_news_lenta_0012,H,,68,75,75,3,75.0,7,ok
human_news_lenta_0013,H,,65,68,65,3,65.0,3,ok
human_news_lenta_0014,H,,75,68,68,3,68.0,7,ok
human_news_lenta_0015,H,,75,78,75,3,75.0,3,ok
human_news_lenta_0016,H,,75,65,68,3,68.0,10,ok
human_news_lenta_0017,H,,68,78,75,3,75.0,10,ok
human_news_lenta_0018,H,,65,68,65,3,65.0,3,ok
human_news_lenta_0019,H,,75,75,75,3,75.0,0,ok
human_news_lenta_0020,H,,75,75,75,3,75.0,0,ok
human_news_lenta_0021,H,,75,68,68,3,68.0,7,ok
human_news_lenta_0022,H,,65,68,65,3,65.0,3,ok
human_news_lenta_0023,H,,68,75,75,3,75.0,7,ok
human_news_lenta_0024,H,,75,75,75,3,75.0,0,ok
human_news_lenta_0025,H,,75,75,75,3,75.0,0,ok
human_news_lenta_0026,H,,75,75,75,3,75.0,0,ok
human_news_lenta_0027,H,,75,75,75,3,75.0,0,ok
human_news_lenta_0028,H,,75,75,75,3,75.0,0,ok
human_news_lenta_0029,H,,75,75,75,3,75.0,0,ok
human_news_lenta_0030,H,,75,75,75,3,75.0,0,ok
human_news_lenta_0031,H,,85,75,75,3,75.0,10,ok
human_news_lenta_0032,H,,85,75,75,3,75.0,10,ok
human_news_lenta_0033,H,,85,75,75,3,75.0,10,ok
human_news_lenta_0034,H,,75,68,68,3,68.0,7,ok
human_news_lenta_0035,H,,85,75,75,3,75.0,10,ok
human_news_lenta_0036,H,,65,68,65,3,65.0,3,ok
human_news_lenta_0037,H,,85,75,75,3,75.0,10,ok
human_news_lenta_0038,H,,85,75,75,3,75.0,10,ok
human_news_lenta_0039,H,,65,68,65,3,65.0,3,ok
human_news_lenta_0040,H,,75,68,68,3,68.0,7,ok
human_news_lenta_0041,H,,68,65,68,3,68.0,3,ok
human_news_lenta_0042,H,,55,65,65,3,65.0,10,ok
human_news_lenta_0043,H,,75,75,75,3,75.0,0,ok
human_news_lenta_0044,H,,68,65,68,3,68.0,3,ok
human_news_lenta_0045,H,,68,65,68,3,68.0,3,ok
human_news_lenta_0046,H,,68,75,75,3,75.0,7,ok
human_news_lenta_0047,H,,75,75,75,3,75.0,0,ok
human_news_lenta_0048,H,,75,85,85,3,85.0,10,ok
human_news_lenta_0049,H,,65,68,65,3,65.0,3,ok
human_news_lenta_0050,H,,85,75,75,3,75.0,10,ok
human_news_lenta_0051,H,,68,75,75,3,75.0,7,ok
human_news_lenta_0052,H,,85,78,75,3,78.0,10,ok
human_news_lenta_0053,H,,75,75,72,3,75.0,3,ok
human_news_lenta_0054,H,,75,85,85,3,85.0,10,ok
human_news_lenta_0055,H,,68,75,75,3,75.0,7,ok
human_news_lenta_0056,H,,75,75,75,3,75.0,0,ok
human_news_lenta_0057,H,,75,85,85,3,85.0,10,ok
human_news_lenta_0058,H,,85,85,85,3,85.0,0,ok
human_news_lenta_0059,H,,85,75,75,3,75.0,10,ok
human_news_lenta_0060,H,,75,75,75,3,75.0,0,ok
human_prose_taiga_arzamas_0001,H,,65,68,65,3,65.0,3,ok
human_prose_taiga_arzamas_0002,H,,65,68,65,3,65.0,3,ok
human_prose_taiga_arzamas_0003,H,,68,68,65,3,68.0,3,ok
human_prose_taiga_arzamas_0004,H,,55,65,65,3,65.0,10,ok
human_prose_taiga_arzamas_0005,H,,55,68,65,3,65.0,13,ok
human_prose_taiga_arzamas_0006,H,,65,68,65,3,65.0,3,ok
human_prose_taiga_arzamas_0007,H,,65,65,65,3,65.0,0,ok
human_prose_taiga_arzamas_0008,H,,65,65,65,3,65.0,0,ok
human_prose_taiga_arzamas_0009,H,,65,68,65,3,65.0,3,ok
human_prose_taiga_arzamas_0010,H,,75,65,68,3,68.0,10,ok
human_prose_taiga_arzamas_0011,H,,65,68,65,3,65.0,3,ok
human_prose_taiga_arzamas_0012,H,,68,68,65,3,68.0,3,ok
human_prose_taiga_arzamas_0013,H,,75,75,78,3,75.0,3,ok
human_prose_taiga_arzamas_0014,H,,65,68,65,3,65.0,3,ok
human_prose_taiga_arzamas_0015,H,,65,65,65,3,65.0,0,ok
human_prose_taiga_arzamas_0016,H,,65,68,65,3,65.0,3,ok
human_prose_taiga_arzamas_0017,H,,65,68,65,3,65.0,3,ok
human_prose_taiga_arzamas_0018,H,,55,68,65,3,65.0,13,ok
human_prose_taiga_arzamas_0019,H,,65,68,65,3,65.0,3,ok
human_prose_taiga_arzamas_0020,H,,68,,68,2,68.0,0,partial_two_of_three
human_prose_taiga_arzamas_0021,H,,55,65,65,3,65.0,10,ok
human_prose_taiga_arzamas_0022,H,,68,65,68,3,68.0,3,ok
human_prose_taiga_arzamas_0023,H,,65,65,65,3,65.0,0,ok
human_prose_taiga_arzamas_0024,H,,68,65,75,3,68.0,10,ok
human_prose_taiga_arzamas_0025,H,,65,65,65,3,65.0,0,ok
human_prose_taiga_arzamas_0026,H,,65,68,65,3,65.0,3,ok
human_prose_taiga_arzamas_0027,H,,55,65,65,3,65.0,10,ok
human_prose_taiga_arzamas_0028,H,,75,68,68,3,68.0,7,ok
human_prose_taiga_arzamas_0029,H,,65,68,65,3,65.0,3,ok
human_prose_taiga_arzamas_0030,H,,55,68,65,3,65.0,13,ok
human_prose_taiga_arzamas_0031,H,,65,65,65,3,65.0,0,ok
human_prose_taiga_arzamas_0032,H,,75,65,65,3,65.0,10,ok
human_prose_taiga_arzamas_0033,H,,65,68,65,3,65.0,3,ok
human_prose_taiga_arzamas_0034,H,,65,45,45,3,45.0,20,ok
human_prose_taiga_arzamas_0035,H,,65,65,68,3,65.0,3,ok
human_prose_taiga_arzamas_0036,H,,65,68,65,3,65.0,3,ok
human_prose_taiga_arzamas_0037,H,,65,65,65,3,65.0,0,ok
human_prose_taiga_arzamas_0038,H,,55,68,65,3,65.0,13,ok
human_prose_taiga_arzamas_0039,H,,65,68,65,3,65.0,3,ok
human_prose_taiga_arzamas_0040,H,,75,65,68,3,68.0,10,ok
human_prose_taiga_arzamas_0041,H,,65,45,45,3,45.0,20,ok
human_prose_taiga_arzamas_0042,H,,55,65,65,3,65.0,10,ok
human_prose_taiga_arzamas_0043,H,,68,65,68,3,68.0,3,ok
human_prose_taiga_arzamas_0044,H,,68,65,68,3,68.0,3,ok
human_prose_taiga_arzamas_0045,H,,65,65,65,3,65.0,0,ok
human_prose_taiga_arzamas_0046,H,,65,55,55,3,55.0,10,ok
human_prose_taiga_arzamas_0047,H,,45,65,65,3,65.0,20,ok
human_prose_taiga_arzamas_0048,H,,75,68,72,3,72.0,7,ok
human_prose_taiga_arzamas_0049,H,,68,68,65,3,68.0,3,ok
human_prose_taiga_arzamas_0050,H,,65,68,65,3,65.0,3,ok
human_prose_taiga_arzamas_0051,H,,65,68,65,3,65.0,3,ok
human_prose_taiga_arzamas_0052,H,,68,65,68,3,68.0,3,ok
human_prose_taiga_arzamas_0053,H,,45,65,65,3,65.0,20,ok
human_prose_taiga_arzamas_0054,H,,65,68,65,3,65.0,3,ok
human_prose_taiga_arzamas_0055,H,,75,72,68,3,72.0,7,ok
human_prose_taiga_arzamas_0056,H,,65,68,65,3,65.0,3,ok
human_prose_taiga_arzamas_0057,H,,68,78,75,3,75.0,10,ok
human_prose_taiga_arzamas_0058,H,,68,65,68,3,68.0,3,ok
human_prose_taiga_arzamas_0059,H,,65,68,65,3,65.0,3,ok
human_prose_taiga_arzamas_0060,H,,68,68,65,3,68.0,3,ok
human_prose_taiga_magazines_0001,H,,65,68,65,3,65.0,3,ok
human_prose_taiga_magazines_0002,H,,68,78,75,3,75.0,10,ok
human_prose_taiga_magazines_0003,H,,68,72,75,3,72.0,7,ok
human_prose_taiga_magazines_0004,H,,65,65,68,3,65.0,3,ok
human_prose_taiga_magazines_0005,H,,65,68,65,3,65.0,3,ok
human_prose_taiga_magazines_0006,H,,65,68,65,3,65.0,3,ok
human_prose_taiga_magazines_0007,H,,68,78,75,3,75.0,10,ok
human_prose_taiga_magazines_0008,H,,65,65,68,3,65.0,3,ok
human_prose_taiga_magazines_0009,H,,75,68,65,3,68.0,10,ok
human_prose_taiga_magazines_0010,H,,65,68,65,3,65.0,3,ok
human_prose_taiga_magazines_0011,H,,72,65,68,3,68.0,7,ok
human_prose_taiga_magazines_0012,H,,72,68,65,3,68.0,7,ok
human_prose_taiga_magazines_0013,H,,68,65,68,3,68.0,3,ok
human_prose_taiga_magazines_0014,H,,75,65,68,3,68.0,10,ok
human_prose_taiga_magazines_0015,H,,68,65,68,3,68.0,3,ok
human_prose_taiga_magazines_0016,H,,68,68,65,3,68.0,3,ok
human_prose_taiga_magazines_0017,H,,65,65,68,3,65.0,3,ok
human_prose_taiga_magazines_0018,H,,68,65,68,3,68.0,3,ok
human_prose_taiga_magazines_0019,H,,68,65,68,3,68.0,3,ok
human_prose_taiga_magazines_0020,H,,58,68,65,3,65.0,10,ok
human_prose_taiga_magazines_0021,H,,75,68,65,3,68.0,10,ok
human_prose_taiga_magazines_0022,H,,68,78,75,3,75.0,10,ok
human_prose_taiga_magazines_0023,H,,65,65,65,3,65.0,0,ok
human_prose_taiga_magazines_0024,H,,68,78,75,3,75.0,10,ok
human_prose_taiga_magazines_0025,H,,65,65,65,3,65.0,0,ok
human_prose_taiga_magazines_0026,H,,68,72,75,3,72.0,7,ok
human_prose_taiga_magazines_0027,H,,75,65,65,3,65.0,10,ok
human_prose_taiga_magazines_0028,H,,68,75,75,3,75.0,7,ok
human_prose_taiga_magazines_0029,H,,55,48,45,3,48.0,10,ok
human_prose_taiga_magazines_0030,H,,72,65,68,3,68.0,7,ok
human_prose_taiga_magazines_0031,H,,68,65,68,3,68.0,3,ok
human_prose_taiga_magazines_0032,H,,68,65,68,3,68.0,3,ok
human_prose_taiga_magazines_0033,H,,75,75,78,3,75.0,3,ok
human_prose_taiga_magazines_0034,H,,68,65,68,3,68.0,3,ok
human_prose_taiga_magazines_0035,H,,65,78,75,3,75.0,13,ok
human_prose_taiga_magazines_0036,H,,72,65,68,3,68.0,7,ok
human_prose_taiga_magazines_0037,H,,65,65,65,3,65.0,0,ok
human_prose_taiga_magazines_0038,H,,75,75,78,3,75.0,3,ok
human_prose_taiga_magazines_0039,H,,55,65,65,3,65.0,10,ok
human_prose_taiga_magazines_0040,H,,75,65,68,3,68.0,10,ok
human_prose_taiga_magazines_0041,H,,68,65,68,3,68.0,3,ok
human_prose_taiga_magazines_0042,H,,68,78,75,3,75.0,10,ok
human_prose_taiga_magazines_0043,H,,68,78,75,3,75.0,10,ok
human_prose_taiga_magazines_0044,H,,65,68,65,3,65.0,3,ok
human_prose_taiga_magazines_0045,H,,68,65,68,3,68.0,3,ok
human_prose_taiga_magazines_0046,H,,75,68,78,3,75.0,10,ok
human_prose_taiga_magazines_0047,H,,65,68,65,3,65.0,3,ok
human_prose_taiga_magazines_0048,H,,72,68,68,3,68.0,4,ok
human_prose_taiga_magazines_0049,H,,68,75,68,3,68.0,7,ok
human_prose_taiga_magazines_0050,H,,68,72,75,3,72.0,7,ok
human_prose_taiga_magazines_0051,H,,68,72,75,3,72.0,7,ok
human_prose_taiga_magazines_0052,H,,68,68,65,3,68.0,3,ok
human_prose_taiga_magazines_0053,H,,75,68,68,3,68.0,7,ok
human_prose_taiga_magazines_0054,H,,65,68,65,3,65.0,3,ok
human_prose_taiga_magazines_0055,H,,75,65,68,3,68.0,10,ok
human_prose_taiga_magazines_0056,H,,68,65,68,3,68.0,3,ok
human_prose_taiga_magazines_0057,H,,55,68,65,3,65.0,13,ok
human_prose_taiga_magazines_0058,H,,72,65,68,3,68.0,7,ok
human_prose_taiga_magazines_0059,H,,75,75,78,3,75.0,3,ok
human_prose_taiga_magazines_0060,H,,68,65,68,3,68.0,3,ok
human_prose_taiga_proza_0001,H,,75,65,68,3,68.0,10,ok
human_prose_taiga_proza_0002,H,,65,68,65,3,65.0,3,ok
human_prose_taiga_proza_0003,H,,68,75,75,3,75.0,7,ok
human_prose_taiga_proza_0004,H,,75,68,68,3,68.0,7,ok
human_prose_taiga_proza_0005,H,,75,78,75,3,75.0,3,ok
human_prose_taiga_proza_0006,H,,85,78,75,3,78.0,10,ok
human_prose_taiga_proza_0007,H,,75,78,75,3,75.0,3,ok
human_prose_taiga_proza_0008,H,,75,68,68,3,68.0,7,ok
human_prose_taiga_proza_0009,H,,68,65,65,3,65.0,3,ok
human_prose_taiga_proza_0010,H,,72,65,68,3,68.0,7,ok
human_prose_taiga_proza_0011,H,,68,65,68,3,68.0,3,ok
human_prose_taiga_proza_0012,H,,68,68,75,3,68.0,7,ok
human_prose_taiga_proza_0013,H,,65,68,65,3,65.0,3,ok
human_prose_taiga_proza_0014,H,,68,68,68,3,68.0,0,ok
human_prose_taiga_proza_0015,H,,75,68,68,3,68.0,7,ok
human_prose_taiga_proza_0016,H,,68,72,75,3,72.0,7,ok
human_prose_taiga_proza_0017,H,,75,65,68,3,68.0,10,ok
human_prose_taiga_proza_0018,H,,75,65,68,3,68.0,10,ok
human_prose_taiga_proza_0019,H,,65,68,65,3,65.0,3,ok
human_prose_taiga_proza_0020,H,,68,65,68,3,68.0,3,ok
human_prose_taiga_proza_0021,H,,75,65,68,3,68.0,10,ok
human_prose_taiga_proza_0022,H,,72,68,68,3,68.0,4,ok
human_prose_taiga_proza_0023,H,,78,72,68,3,72.0,10,ok
human_prose_taiga_proza_0024,H,,55,65,65,3,65.0,10,ok
human_prose_taiga_proza_0025,H,,75,68,68,3,68.0,7,ok
human_prose_taiga_proza_0026,H,,65,68,65,3,65.0,3,ok
human_prose_taiga_proza_0027,H,,75,78,75,3,75.0,3,ok
human_prose_taiga_proza_0028,H,,68,65,68,3,68.0,3,ok
human_prose_taiga_proza_0029,H,,68,65,68,3,68.0,3,ok
human_prose_taiga_proza_0030,H,,75,68,68,3,68.0,7,ok
human_prose_taiga_proza_0031,H,,68,78,75,3,75.0,10,ok
human_prose_taiga_proza_0032,H,,55,68,65,3,65.0,13,ok
human_prose_taiga_proza_0033,H,,68,65,68,3,68.0,3,ok
human_prose_taiga_proza_0034,H,,68,65,68,3,68.0,3,ok
human_prose_taiga_proza_0035,H,,72,68,68,3,68.0,4,ok
human_prose_taiga_proza_0036,H,,75,65,68,3,68.0,10,ok
human_prose_taiga_proza_0037,H,,55,45,45,3,45.0,10,ok
human_prose_taiga_proza_0038,H,,75,65,68,3,68.0,10,ok
human_prose_taiga_proza_0039,H,,65,68,65,3,65.0,3,ok
human_prose_taiga_proza_0040,H,,68,72,75,3,72.0,7,ok
human_prose_taiga_proza_0041,H,,68,68,65,3,68.0,3,ok
human_prose_taiga_proza_0042,H,,75,65,68,3,68.0,10,ok
human_prose_taiga_proza_0043,H,,55,65,65,3,65.0,10,ok
human_prose_taiga_proza_0044,H,,68,65,68,3,68.0,3,ok
human_prose_taiga_proza_0045,H,,68,68,75,3,68.0,7,ok
human_prose_taiga_proza_0046,H,,75,68,68,3,68.0,7,ok
human_prose_taiga_proza_0047,H,,68,65,68,3,68.0,3,ok
human_prose_taiga_proza_0048,H,,75,65,68,3,68.0,10,ok
human_prose_taiga_proza_0049,H,,65,68,65,3,65.0,3,ok
human_prose_taiga_proza_0050,H,,68,72,75,3,72.0,7,ok
human_prose_taiga_proza_0051,H,,68,72,75,3,72.0,7,ok
human_prose_taiga_proza_0052,H,,75,65,68,3,68.0,10,ok
human_prose_taiga_proza_0053,H,,75,65,68,3,68.0,10,ok
human_prose_taiga_proza_0054,H,,75,65,68,3,68.0,10,ok
human_prose_taiga_proza_0055,H,,65,65,65,3,65.0,0,ok
human_prose_taiga_proza_0056,H,,68,75,75,3,75.0,7,ok
human_prose_taiga_proza_0057,H,,68,72,75,3,72.0,7,ok
human_prose_taiga_proza_0058,H,,68,65,68,3,68.0,3,ok
human_prose_taiga_proza_0059,H,,65,68,65,3,65.0,3,ok
human_prose_taiga_proza_0060,H,,68,78,75,3,75.0,10,ok
human_science_cyberleninka_0001,H,,78,75,78,3,78.0,3,ok
human_science_cyberleninka_0002,H,,65,68,65,3,65.0,3,ok
human_science_cyberleninka_0003,H,,72,68,68,3,68.0,4,ok
human_science_cyberleninka_0004,H,,68,75,75,3,75.0,7,ok
human_science_cyberleninka_0005,H,,75,75,75,3,75.0,0,ok
human_science_cyberleninka_0006,H,,68,65,68,3,68.0,3,ok
human_science_cyberleninka_0007,H,,68,75,75,3,75.0,7,ok
human_science_cyberleninka_0008,H,,68,72,75,3,72.0,7,ok
human_science_cyberleninka_0009,H,,75,68,65,3,68.0,10,ok
human_science_cyberleninka_0010,H,,68,68,65,3,68.0,3,ok
human_science_cyberleninka_0011,H,,68,75,75,3,75.0,7,ok
human_science_cyberleninka_0013,H,,75,78,75,3,75.0,3,ok
human_science_cyberleninka_0014,H,,78,78,75,3,78.0,3,ok
human_science_cyberleninka_0015,H,,75,65,68,3,68.0,10,ok
human_science_cyberleninka_0016,H,,75,65,68,3,68.0,10,ok
human_science_cyberleninka_0017,H,,68,72,75,3,72.0,7,ok
human_science_cyberleninka_0018,H,,78,78,75,3,78.0,3,ok
human_science_cyberleninka_0019,H,,68,72,75,3,72.0,7,ok
human_science_cyberleninka_0020,H,,65,65,65,3,65.0,0,ok
human_science_cyberleninka_0021,H,,75,65,68,3,68.0,10,ok
human_science_cyberleninka_0022,H,,75,68,65,3,68.0,10,ok
human_science_cyberleninka_0023,H,,72,68,65,3,68.0,7,ok
human_science_cyberleninka_0024,H,,65,65,65,3,65.0,0,ok
human_science_cyberleninka_0025,H,,75,65,68,3,68.0,10,ok
human_science_cyberleninka_0026,H,,65,68,65,3,65.0,3,ok
human_science_cyberleninka_0027,H,,68,75,75,3,75.0,7,ok
human_science_cyberleninka_0028,H,,65,68,65,3,65.0,3,ok
human_science_cyberleninka_0029,H,,65,68,65,3,65.0,3,ok
human_science_cyberleninka_0030,H,,75,65,68,3,68.0,10,ok
human_science_cyberleninka_0031,H,,68,72,75,3,72.0,7,ok
human_science_cyberleninka_0032,H,,75,65,68,3,68.0,10,ok
human_science_cyberleninka_0033,H,,75,68,65,3,68.0,10,ok
human_science_cyberleninka_0034,H,,75,65,68,3,68.0,10,ok
human_science_cyberleninka_0035,H,,68,78,75,3,75.0,10,ok
human_science_cyberleninka_0036,H,,65,65,68,3,65.0,3,ok
human_science_cyberleninka_0037,H,,68,72,75,3,72.0,7,ok
human_science_cyberleninka_0038,H,,75,78,75,3,75.0,3,ok
human_science_cyberleninka_0039,H,,75,75,75,3,75.0,0,ok
human_science_cyberleninka_0040,H,,68,75,75,3,75.0,7,ok
human_science_cyberleninka_0041,H,,75,68,68,3,68.0,7,ok
human_science_cyberleninka_0042,H,,68,78,75,3,75.0,10,ok
human_science_cyberleninka_0043,H,,75,68,65,3,68.0,10,ok
human_science_cyberleninka_0044,H,,75,78,75,3,75.0,3,ok
human_science_cyberleninka_0045,H,,75,68,68,3,68.0,7,ok
human_science_cyberleninka_0046,H,,65,68,65,3,65.0,3,ok
human_science_cyberleninka_0047,H,,65,72,75,3,72.0,10,ok
human_science_cyberleninka_0048,H,,75,65,68,3,68.0,10,ok
human_science_cyberleninka_0049,H,,75,65,68,3,68.0,10,ok
human_science_cyberleninka_0050,H,,65,68,65,3,65.0,3,ok
human_science_cyberleninka_0051,H,,75,75,72,3,75.0,3,ok
human_science_cyberleninka_0052,H,,75,75,78,3,75.0,3,ok
human_science_cyberleninka_0053,H,,68,78,75,3,75.0,10,ok
human_science_cyberleninka_0054,H,,75,75,75,3,75.0,0,ok
human_science_cyberleninka_0055,H,,65,75,75,3,75.0,10,ok
human_science_cyberleninka_0056,H,,68,72,75,3,72.0,7,ok
human_science_cyberleninka_0057,H,,65,68,65,3,65.0,3,ok
human_science_cyberleninka_0058,H,,75,78,75,3,75.0,3,ok
human_science_cyberleninka_0059,H,,75,65,68,3,68.0,10,ok
human_science_cyberleninka_0060,H,,68,78,75,3,75.0,10,ok
human_science_cyberleninka_0067,H,,75,65,68,3,68.0,10,ok
human_science_spbgu_0001,H,,68,65,68,3,68.0,3,ok
human_science_spbgu_0002,H,,65,45,45,3,45.0,20,ok
human_science_spbgu_0003,H,,75,65,68,3,68.0,10,ok
human_science_spbgu_0004,H,,75,75,75,3,75.0,0,ok
human_science_spbgu_0005,H,,75,78,75,3,75.0,3,ok
human_science_spbgu_0006,H,,68,68,65,3,68.0,3,ok
human_science_spbgu_0007,H,,68,68,65,3,68.0,3,ok
human_science_spbgu_0008,H,,75,68,65,3,68.0,10,ok
human_science_spbgu_0009,H,,65,65,68,3,65.0,3,ok
human_science_spbgu_0010,H,,68,75,75,3,75.0,7,ok
human_science_spbgu_0011,H,,68,68,65,3,68.0,3,ok
human_science_spbgu_0012,H,,68,78,75,3,75.0,10,ok
human_science_spbgu_0013,H,,75,72,73,3,73.0,3,ok
human_science_spbgu_0014,H,,68,78,75,3,75.0,10,ok
human_science_spbgu_0015,H,,75,68,72,3,72.0,7,ok
human_science_spbgu_0016,H,,65,75,75,3,75.0,10,ok
human_science_spbgu_0017,H,,75,72,68,3,72.0,7,ok
human_science_spbgu_0018,H,,75,78,78,3,78.0,3,ok
human_science_spbgu_0019,H,,68,78,75,3,75.0,10,ok
human_science_spbgu_0020,H,,75,68,65,3,68.0,10,ok
human_science_spbgu_0021,H,,68,72,75,3,72.0,7,ok
human_science_spbgu_0022,H,,75,75,78,3,75.0,3,ok
human_science_spbgu_0023,H,,65,65,68,3,65.0,3,ok
human_science_spbgu_0024,H,,65,65,68,3,65.0,3,ok
human_science_spbgu_0025,H,,75,75,72,3,75.0,3,ok
human_science_spbgu_0026,H,,68,72,75,3,72.0,7,ok
human_science_spbgu_0027,H,,65,65,75,3,65.0,10,ok
human_science_spbgu_0028,H,,65,75,68,3,68.0,10,ok
human_science_spbgu_0029,H,,75,75,72,3,75.0,3,ok
human_science_spbgu_0030,H,,75,75,78,3,75.0,3,ok
human_science_spbgu_0031,H,,75,75,78,3,75.0,3,ok
human_science_spbgu_0032,H,,65,68,68,3,68.0,3,ok
human_science_spbgu_0033,H,,75,75,75,3,75.0,0,ok
human_science_spbgu_0034,H,,72,68,65,3,68.0,7,ok
human_science_spbgu_0035,H,,75,65,65,3,65.0,10,ok
human_science_spbgu_0036,H,,68,65,75,3,68.0,10,ok
human_science_spbgu_0037,H,,68,68,65,3,68.0,3,ok
human_science_spbgu_0038,H,,65,65,65,3,65.0,0,ok
human_science_spbgu_0039,H,,68,65,65,3,65.0,3,ok
human_science_spbgu_0040,H,,75,75,72,3,75.0,3,ok
human_science_spbgu_0041,H,,65,65,65,3,65.0,0,ok
human_science_spbgu_0042,H,,65,65,68,3,65.0,3,ok
human_science_spbgu_0043,H,,75,75,78,3,75.0,3,ok
human_science_spbgu_0044,H,,65,65,68,3,65.0,3,ok
human_science_spbgu_0045,H,,75,75,78,3,75.0,3,ok
human_science_spbgu_0046,H,,65,65,68,3,65.0,3,ok
human_science_spbgu_0048,H,,65,65,68,3,65.0,3,ok
human_science_spbgu_0049,H,,65,65,68,3,65.0,3,ok
human_science_spbgu_0050,H,,68,68,65,3,68.0,3,ok
human_science_spbgu_0054,H,,75,65,65,3,65.0,10,ok
human_science_spbgu_0055,H,,65,65,68,3,65.0,3,ok
human_science_spbgu_0057,H,,75,68,65,3,68.0,10,ok
human_science_spbgu_0059,H,,75,75,72,3,75.0,3,ok
human_science_spbgu_0060,H,,65,68,65,3,65.0,3,ok
human_science_spbgu_0061,H,,65,65,68,3,65.0,3,ok
human_science_spbgu_0062,H,,68,75,65,3,68.0,10,ok
human_science_spbgu_0063,H,,65,65,68,3,65.0,3,ok
human_science_spbgu_0064,H,,65,65,68,3,65.0,3,ok
human_science_spbgu_0065,H,,65,65,68,3,65.0,3,ok
human_science_urfu_0001,H,,75,75,72,3,75.0,3,ok
human_science_urfu_0002,H,,68,78,75,3,75.0,10,ok
human_science_urfu_0003,H,,68,78,75,3,75.0,10,ok
human_science_urfu_0004,H,,68,72,75,3,72.0,7,ok
human_science_urfu_0005,H,,68,78,75,3,75.0,10,ok
human_science_urfu_0006,H,,75,78,75,3,75.0,3,ok
human_science_urfu_0007,H,,75,68,78,3,75.0,10,ok
human_science_urfu_0008,H,,75,78,78,3,78.0,3,ok
human_science_urfu_0009,H,,65,65,68,3,65.0,3,ok
human_science_urfu_0010,H,,68,78,75,3,75.0,10,ok
human_science_urfu_0011,H,,75,78,72,3,75.0,6,ok
human_science_urfu_0012,H,,75,78,72,3,75.0,6,ok
human_science_urfu_0013,H,,75,75,78,3,75.0,3,ok
human_science_urfu_0014,H,,75,,78,2,76.5,3,partial_two_of_three
human_science_urfu_0015,H,,75,75,78,3,75.0,3,ok
human_science_urfu_0016,H,,75,75,78,3,75.0,3,ok
human_science_urfu_0017,H,,65,65,68,3,65.0,3,ok
human_science_urfu_0018,H,,75,65,65,3,65.0,10,ok
human_science_urfu_0019,H,,75,68,65,3,68.0,10,ok
human_science_urfu_0020,H,,75,65,65,3,65.0,10,ok
human_science_urfu_0021,H,,75,65,78,3,75.0,13,ok
human_science_urfu_0022,H,,75,75,78,3,75.0,3,ok
human_science_urfu_0023,H,,75,75,78,3,75.0,3,ok
human_science_urfu_0024,H,,65,78,75,3,75.0,13,ok
human_science_urfu_0025,H,,68,78,75,3,75.0,10,ok
human_science_urfu_0026,H,,68,78,75,3,75.0,10,ok
human_science_urfu_0027,H,,65,78,75,3,75.0,13,ok
human_science_urfu_0028,H,,75,78,75,3,75.0,3,ok
human_science_urfu_0029,H,,75,65,65,3,65.0,10,ok
human_science_urfu_0030,H,,68,78,75,3,75.0,10,ok
human_science_urfu_0031,H,,75,75,78,3,75.0,3,ok
human_science_urfu_0032,H,,65,75,75,3,75.0,10,ok
human_science_urfu_0033,H,,75,75,78,3,75.0,3,ok
human_science_urfu_0034,H,,65,72,75,3,72.0,10,ok
human_science_urfu_0035,H,,68,78,75,3,75.0,10,ok
human_science_urfu_0036,H,,65,78,75,3,75.0,13,ok
human_science_urfu_0037,H,,68,78,75,3,75.0,10,ok
human_science_urfu_0038,H,,75,78,78,3,78.0,3,ok
human_science_urfu_0039,H,,75,75,78,3,75.0,3,ok
human_science_urfu_0040,H,,75,75,72,3,75.0,3,ok
human_science_urfu_0041,H,,75,75,78,3,75.0,3,ok
human_science_urfu_0042,H,,65,78,75,3,75.0,13,ok
human_science_urfu_0043,H,,75,75,78,3,75.0,3,ok
human_science_urfu_0044,H,,75,75,78,3,75.0,3,ok
human_science_urfu_0045,H,,68,65,65,3,65.0,3,ok
human_science_urfu_0046,H,,75,78,78,3,78.0,3,ok
human_science_urfu_0047,H,,78,78,75,3,78.0,3,ok
human_science_urfu_0048,H,,75,78,75,3,75.0,3,ok
human_seo_alaev_0001,H,,75,65,68,3,68.0,10,ok
human_seo_alaev_0002,H,,75,65,68,3,68.0,10,ok
human_seo_alaev_0003,H,,65,68,65,3,65.0,3,ok
human_seo_alaev_0004,H,,68,75,75,3,75.0,7,ok
human_seo_alaev_0005,H,,75,68,68,3,68.0,7,ok
human_seo_alaev_0006,H,,68,65,68,3,68.0,3,ok
human_seo_alaev_0007,H,,68,65,68,3,68.0,3,ok
human_seo_alaev_0008,H,,65,68,65,3,65.0,3,ok
human_seo_alaev_0009,H,,75,65,68,3,68.0,10,ok
human_seo_alaev_0010,H,,68,65,68,3,68.0,3,ok
human_seo_alaev_0011,H,,65,65,65,3,65.0,0,ok
human_seo_alaev_0012,H,,65,68,65,3,65.0,3,ok
human_seo_alaev_0013,H,,65,68,65,3,65.0,3,ok
human_seo_alaev_0014,H,,65,68,65,3,65.0,3,ok
human_seo_alaev_0015,H,,65,68,65,3,65.0,3,ok
human_seo_alaev_0016,H,,65,68,65,3,65.0,3,ok
human_seo_alaev_0017,H,,65,65,65,3,65.0,0,ok
human_seo_alaev_0018,H,,75,68,65,3,68.0,10,ok
human_seo_alaev_0019,H,,75,68,65,3,68.0,10,ok
human_seo_alaev_0020,H,,68,65,68,3,68.0,3,ok
human_seo_alaev_0021,H,,65,68,65,3,65.0,3,ok
human_seo_convertmonster_0001,H,,75,65,68,3,68.0,10,ok
human_seo_devaka_ru_0001,H,,65,68,65,3,65.0,3,ok
human_seo_devaka_ru_0002,H,,65,68,65,3,65.0,3,ok
human_seo_devaka_ru_0003,H,,65,65,65,3,65.0,0,ok
human_seo_devaka_ru_0004,H,,65,68,65,3,65.0,3,ok
human_seo_devaka_ru_0005,H,,65,68,65,3,65.0,3,ok
human_seo_devaka_ru_0006,H,,65,65,65,3,65.0,0,ok
human_seo_devaka_ru_0007,H,,68,65,68,3,68.0,3,ok
human_seo_devaka_ru_0008,H,,68,65,68,3,68.0,3,ok
human_seo_devaka_ru_0009,H,,68,72,75,3,72.0,7,ok
human_seo_devaka_ru_0011,H,,75,65,68,3,68.0,10,ok
human_seo_devaka_ru_0012,H,,75,68,65,3,68.0,10,ok
human_seo_devaka_ru_0013,H,,65,68,65,3,65.0,3,ok
human_seo_devaka_ru_0014,H,,65,68,65,3,65.0,3,ok
human_seo_devaka_ru_0017,H,,75,65,68,3,68.0,10,ok
human_seo_devaka_ru_0018,H,,65,68,65,3,65.0,3,ok
human_seo_devaka_ru_0019,H,,65,65,65,3,65.0,0,ok
human_seo_devaka_ru_0020,H,,65,68,65,3,65.0,3,ok
human_seo_devaka_ru_0021,H,,68,65,68,3,68.0,3,ok
human_seo_devaka_ru_0022,H,,65,68,65,3,65.0,3,ok
human_seo_devaka_ru_0023,H,,75,75,75,3,75.0,0,ok
human_seo_devaka_ru_0024,H,,75,65,68,3,68.0,10,ok
human_seo_devaka_ru_0025,H,,68,65,68,3,68.0,3,ok
human_seo_devaka_ru_0026,H,,75,68,65,3,68.0,10,ok
human_seo_devaka_ru_0027,H,,68,68,65,3,68.0,3,ok
human_seo_devaka_ru_0028,H,,68,65,68,3,68.0,3,ok
human_seo_devaka_ru_0029,H,,68,68,65,3,68.0,3,ok
human_seo_devaka_ru_0030,H,,75,68,68,3,68.0,7,ok
human_seo_devaka_ru_0031,H,,68,65,68,3,68.0,3,ok
human_seo_devaka_ru_0032,H,,75,65,68,3,68.0,10,ok
human_seo_devaka_ru_0033,H,,65,65,65,3,65.0,0,ok
human_seo_devaka_ru_0034,H,,68,65,75,3,68.0,10,ok
human_seo_devaka_ru_0035,H,,75,65,68,3,68.0,10,ok
human_seo_devaka_ru_0036,H,,65,68,65,3,65.0,3,ok
human_seo_drmax_0001,H,,75,65,68,3,68.0,10,ok
human_seo_drmax_0002,H,,75,68,65,3,68.0,10,ok
human_seo_drmax_0003,H,,75,65,65,3,65.0,10,ok
human_seo_drmax_0004,H,,65,65,65,3,65.0,0,ok
human_seo_drmax_0005,H,,65,65,65,3,65.0,0,ok
human_seo_drmax_0006,H,,65,65,68,3,65.0,3,ok
human_seo_drmax_0007,H,,75,65,68,3,68.0,10,ok
human_seo_drmax_0008,H,,65,65,65,3,65.0,0,ok
human_seo_drmax_0009,H,,75,68,65,3,68.0,10,ok
human_seo_drmax_0010,H,,75,68,65,3,68.0,10,ok
human_seo_drmax_0011,H,,65,65,65,3,65.0,0,ok
human_seo_drmax_0012,H,,65,68,65,3,65.0,3,ok
human_seo_drmax_0013,H,,65,68,65,3,65.0,3,ok
human_seo_drmax_0014,H,,65,65,65,3,65.0,0,ok
human_seo_drmax_0015,H,,75,68,65,3,68.0,10,ok
human_seo_drmax_0016,H,,65,65,65,3,65.0,0,ok
human_seo_drmax_0017,H,,65,65,68,3,65.0,3,ok
human_seo_drmax_0018,H,,75,65,68,3,68.0,10,ok
human_seo_drmax_0019,H,,75,68,65,3,68.0,10,ok
human_seo_drmax_0020,H,,68,72,75,3,72.0,7,ok
human_seo_drmax_0021,H,,75,68,65,3,68.0,10,ok
human_seo_drmax_0024,H,,65,68,65,3,65.0,3,ok
human_seo_drmax_0025,H,,65,68,65,3,65.0,3,ok
human_seo_drmax_su_0001,H,,65,75,75,3,75.0,10,ok
human_seo_drmax_su_0002,H,,75,65,68,3,68.0,10,ok
human_seo_drmax_su_0003,H,,68,75,75,3,75.0,7,ok
human_seo_drmax_su_0004,H,,65,65,68,3,65.0,3,ok
human_seo_drmax_su_0005,H,,65,65,65,3,65.0,0,ok
human_seo_drmax_su_0006,H,,75,68,65,3,68.0,10,ok
human_seo_drmax_su_0007,H,,65,65,65,3,65.0,0,ok
human_seo_drmax_su_0008,H,,68,68,65,3,68.0,3,ok
human_seo_labrika_0001,H,,68,78,75,3,75.0,10,ok
human_seo_labrika_0002,H,,75,68,65,3,68.0,10,ok
human_seo_labrika_0003,H,,65,68,65,3,65.0,3,ok
human_seo_labrika_0004,H,,75,78,75,3,75.0,3,ok
human_seo_madcats_0001,H,,68,78,75,3,75.0,10,ok
human_seo_madcats_0002,H,,68,65,68,3,68.0,3,ok
human_seo_madcats_0003,H,,68,75,75,3,75.0,7,ok
human_seo_madcats_0004,H,,65,65,65,3,65.0,0,ok
human_seo_madcats_0005,H,,65,68,65,3,65.0,3,ok
human_seo_madcats_0006,H,,68,65,68,3,68.0,3,ok
human_seo_madcats_0007,H,,65,65,65,3,65.0,0,ok
human_seo_madcats_0008,H,,65,68,65,3,65.0,3,ok
human_seo_madcats_0009,H,,55,68,65,3,65.0,13,ok
human_seo_madcats_0010,H,,65,68,65,3,65.0,3,ok
human_seo_madcats_0011,H,,75,65,68,3,68.0,10,ok
human_seo_madcats_0012,H,,65,68,65,3,65.0,3,ok
human_seo_madcats_0013,H,,55,65,65,3,65.0,10,ok
human_seo_madcats_0014,H,,75,68,68,3,68.0,7,ok
human_seo_madcats_0015,H,,55,68,65,3,65.0,13,ok
human_seo_madcats_0016,H,,65,68,65,3,65.0,3,ok
human_seo_madcats_0017,H,,65,68,65,3,65.0,3,ok
human_seo_madcats_0018,H,,68,65,68,3,68.0,3,ok
human_seo_madcats_0019,H,,65,68,65,3,65.0,3,ok
human_seo_madcats_0020,H,,65,68,65,3,65.0,3,ok
human_seo_madcats_0021,H,,65,68,65,3,65.0,3,ok
human_seo_madcats_0022,H,,68,65,68,3,68.0,3,ok
human_seo_madcats_0023,H,,65,65,65,3,65.0,0,ok
human_seo_madcats_0024,H,,68,65,68,3,68.0,3,ok
human_seo_madcats_0025,H,,65,68,65,3,65.0,3,ok
human_seo_madcats_0026,H,,65,68,65,3,65.0,3,ok
human_seo_madcats_0027,H,,68,68,65,3,68.0,3,ok
human_seo_madcats_0028,H,,65,68,65,3,65.0,3,ok
human_seo_madcats_0029,H,,65,68,65,3,65.0,3,ok
human_seo_madcats_0030,H,,65,65,65,3,65.0,0,ok
human_seo_madcats_ru_0001,H,,75,68,68,3,68.0,7,ok
human_seo_madcats_ru_0002,H,,75,68,68,3,68.0,7,ok
human_seo_madcats_ru_0003,H,,68,65,68,3,68.0,3,ok
human_seo_madcats_ru_0004,H,,68,65,68,3,68.0,3,ok
human_seo_madcats_ru_0005,H,,68,65,68,3,68.0,3,ok
human_seo_madcats_ru_0006,H,,68,65,68,3,68.0,3,ok
human_seo_madcats_ru_0007,H,,75,65,68,3,68.0,10,ok
human_seo_madcats_ru_0008,H,,68,65,68,3,68.0,3,ok
human_seo_madcats_ru_0009,H,,55,68,65,3,65.0,13,ok
human_seo_madcats_ru_0010,H,,68,65,68,3,68.0,3,ok
human_seo_madcats_ru_0012,H,,72,68,68,3,68.0,4,ok
human_seo_optimizatorsha_ru_0001,H,,65,68,65,3,65.0,3,ok
human_seo_optimizatorsha_ru_0002,H,,65,68,65,3,65.0,3,ok
human_seo_optimizatorsha_ru_0003,H,,75,68,65,3,68.0,10,ok
human_seo_optimizatorsha_ru_0004,H,,55,65,65,3,65.0,10,ok
human_seo_optimizatorsha_ru_0005,H,,65,65,68,3,65.0,3,ok
human_seo_seoprofy_ua_0001,H,,65,68,68,3,68.0,3,ok
human_seo_seoprofy_ua_0002,H,,68,65,68,3,68.0,3,ok
human_seo_seoprofy_ua_0003,H,,75,75,75,3,75.0,0,ok
human_seo_seopulses_0003,H,,68,75,75,3,75.0,7,ok
human_seo_seopulses_0005,H,,68,75,75,3,75.0,7,ok
human_seo_seopulses_0006,H,,68,72,75,3,72.0,7,ok
human_seo_seopulses_0007,H,,75,75,75,3,75.0,0,ok
human_seo_seopulses_0012,H,,68,75,75,3,75.0,7,ok
human_seo_seopulses_0014,H,,68,75,75,3,75.0,7,ok
human_seo_seopulses_0016,H,,68,65,68,3,68.0,3,ok
human_seo_seopulses_0017,H,,75,65,68,3,68.0,10,ok
human_seo_seopulses_0018,H,,65,68,65,3,65.0,3,ok
human_seo_seopulses_0020,H,,68,75,75,3,75.0,7,ok
human_seo_seopulses_0022,H,,68,72,75,3,72.0,7,ok
human_seo_seopulses_0025,H,,68,75,75,3,75.0,7,ok
human_seo_seopulses_ru_0001,H,,68,75,75,3,75.0,7,ok
human_seo_seopulses_ru_0002,H,,68,75,75,3,75.0,7,ok
human_seo_seopulses_ru_0003,H,,75,65,68,3,68.0,10,ok
human_seo_seopulses_ru_0004,H,,68,75,75,3,75.0,7,ok
human_seo_seopulses_ru_0005,H,,68,65,68,3,68.0,3,ok
human_seo_shakin_0001,H,,68,75,75,3,75.0,7,ok
human_seo_shakin_0002,H,,68,65,68,3,68.0,3,ok
human_seo_shakin_0003,H,,65,68,65,3,65.0,3,ok
human_seo_shakin_0004,H,,65,68,65,3,65.0,3,ok
human_seo_shakin_0005,H,,65,65,65,3,65.0,0,ok
human_seo_shakin_0007,H,,65,68,65,3,65.0,3,ok
human_seo_shakin_0008,H,,68,65,68,3,68.0,3,ok
human_seo_shakin_0009,H,,55,65,65,3,65.0,10,ok
human_seo_shakin_0010,H,,75,65,68,3,68.0,10,ok
human_seo_shakin_0011,H,,55,65,65,3,65.0,10,ok
human_seo_shakin_0012,H,,65,68,65,3,65.0,3,ok
human_seo_shakin_0013,H,,45,58,65,3,58.0,20,ok
human_seo_shakin_0014,H,,75,65,68,3,68.0,10,ok
human_seo_shakin_0015,H,,55,65,65,3,65.0,10,ok
human_seo_shakin_0017,H,,65,65,65,3,65.0,0,ok
human_seo_shakin_0018,H,,65,65,65,3,65.0,0,ok
human_seo_shakin_0019,H,,55,65,65,3,65.0,10,ok
human_seo_shakin_0020,H,,55,65,65,3,65.0,10,ok
human_seo_shakin_ru_0001,H,,68,75,75,3,75.0,7,ok
human_seo_shakin_ru_0002,H,,65,65,65,3,65.0,0,ok
human_seo_shakin_ru_0003,H,,75,65,68,3,68.0,10,ok
human_seo_sosnovskij_0007,H,,68,65,68,3,68.0,3,ok
human_seo_sosnovskij_0011,H,,68,65,68,3,68.0,3,ok
human_seo_sosnovskij_0012,H,,65,65,65,3,65.0,0,ok
human_seo_sosnovskij_0015,H,,65,68,65,3,65.0,3,ok
human_seo_sosnovskij_0016,H,,65,65,65,3,65.0,0,ok
human_seo_sosnovskij_0019,H,,68,65,68,3,68.0,3,ok
human_seo_sosnovskij_0021,H,,65,68,65,3,65.0,3,ok
human_seo_sosnovskij_0022,H,,68,65,68,3,68.0,3,ok
human_seo_sosnovskij_0025,H,,65,68,65,3,65.0,3,ok
human_seo_sosnovskij_0028,H,,65,65,68,3,65.0,3,ok
human_seo_sosnovskij_0029,H,,65,68,65,3,65.0,3,ok
human_seo_sosnovskij_0030,H,,65,65,68,3,65.0,3,ok
human_seo_sosnovskij_0032,H,,65,65,65,3,65.0,0,ok
human_seo_sosnovskij_0033,H,,65,68,65,3,65.0,3,ok
human_seo_sosnovskij_0034,H,,75,68,68,3,68.0,7,ok
human_seo_sosnovskij_0035,H,,65,68,65,3,65.0,3,ok
human_seo_sosnovskij_0036,H,,68,65,68,3,68.0,3,ok
human_seo_sosnovskij_0037,H,,68,75,75,3,75.0,7,ok
human_seo_sosnovskij_0039,H,,65,68,65,3,65.0,3,ok
human_seo_sosnovskij_ru_0001,H,,65,68,65,3,65.0,3,ok
human_seo_sosnovskij_ru_0002,H,,65,68,65,3,65.0,3,ok
human_seo_sosnovskij_ru_0003,H,,75,75,75,3,75.0,0,ok
human_seo_sosnovskij_ru_0004,H,,68,65,68,3,68.0,3,ok
human_seo_sosnovskij_ru_0005,H,,75,65,68,3,68.0,10,ok
human_seo_sosnovskij_ru_0006,H,,65,68,65,3,65.0,3,ok
human_seo_sosnovskij_ru_0007,H,,65,65,65,3,65.0,0,ok
human_seo_sosnovskij_ru_0010,H,,65,65,65,3,65.0,0,ok
human_seo_sosnovskij_ru_0011,H,,68,65,68,3,68.0,3,ok
human_seo_sosnovskij_ru_0012,H,,68,68,65,3,68.0,3,ok
human_seo_sosnovskij_ru_0013,H,,55,68,65,3,65.0,13,ok
human_seo_sosnovskij_ru_0014,H,,75,68,65,3,68.0,10,ok
human_seo_sosnovskij_ru_0015,H,,68,65,68,3,68.0,3,ok
human_seo_sosnovskij_ru_0018,H,,75,68,68,3,68.0,7,ok
human_seo_sosnovskij_ru_0019,H,,75,65,68,3,68.0,10,ok
human_seo_sosnovskij_ru_0021,H,,75,68,65,3,68.0,10,ok
human_seo_sosnovskij_ru_0022,H,,75,68,68,3,68.0,7,ok
human_seo_author_archive_0001,H,,65,68,65,3,65.0,3,ok
human_seo_author_archive_0002,H,,65,68,65,3,65.0,3,ok
human_seo_author_archive_0003,H,,75,68,68,3,68.0,7,ok
human_seo_author_archive_0004,H,,75,72,68,3,72.0,7,ok
human_seo_author_archive_0005,H,,68,65,68,3,68.0,3,ok
human_seo_author_archive_0006,H,,72,65,68,3,68.0,7,ok
human_seo_texterra_ru_0001,H,,68,65,68,3,68.0,3,ok
human_seo_texterra_ru_0002,H,,68,65,68,3,68.0,3,ok
human_seo_texterra_ru_0003,H,,75,75,75,3,75.0,0,ok
human_seo_texterra_ru_0004,H,,65,68,65,3,65.0,3,ok
human_seo_texterra_ru_0005,H,,65,65,65,3,65.0,0,ok
human_seo_texterra_ru_0006,H,,65,68,65,3,65.0,3,ok
human_seo_texterra_ru_0007,H,,65,68,65,3,65.0,3,ok
human_seo_texterra_ru_0008,H,,75,68,68,3,68.0,7,ok
human_seo_texterra_ru_0009,H,,68,65,68,3,68.0,3,ok
human_seo_texterra_ru_0010,H,,68,65,68,3,68.0,3,ok
human_seo_texterra_ru_0011,H,,68,65,68,3,68.0,3,ok
human_seo_texterra_ru_0012,H,,75,65,68,3,68.0,10,ok
human_seo_texterra_ru_0013,H,,85,85,85,3,85.0,0,ok
human_seo_texterra_ru_0014,H,,65,65,68,3,65.0,3,ok
human_seo_texterra_ru_0015,H,,75,75,78,3,75.0,3,ok
human_seo_texterra_ru_0016,H,,85,85,85,3,85.0,0,ok
human_seo_texterra_ru_0017,H,,75,75,78,3,75.0,3,ok
human_seo_texterra_ru_0018,H,,75,68,68,3,68.0,7,ok
nemotron_b001_P1_r1,A,nemotron,65,68,65,3,65.0,3,ok
nemotron_b001_P1_r2,A,nemotron,65,65,65,3,65.0,0,ok
nemotron_b001_P2_r1,A,nemotron,55,68,65,3,65.0,13,ok
nemotron_b001_P2_r2,A,nemotron,65,68,65,3,65.0,3,ok
nemotron_b001_P3_r1,A,nemotron,65,65,65,3,65.0,0,ok
nemotron_b001_P3_r2,A,nemotron,65,68,65,3,65.0,3,ok
nemotron_b002_P1_r1,A,nemotron,65,68,65,3,65.0,3,ok
nemotron_b002_P1_r2,A,nemotron,55,65,65,3,65.0,10,ok
nemotron_b002_P2_r1,A,nemotron,55,65,65,3,65.0,10,ok
nemotron_b002_P2_r2,A,nemotron,65,68,65,3,65.0,3,ok
nemotron_b002_P3_r1,A,nemotron,65,68,65,3,65.0,3,ok
nemotron_b002_P3_r2,A,nemotron,65,68,65,3,65.0,3,ok
nemotron_b003_P1_r1,A,nemotron,45,58,55,3,55.0,13,ok
nemotron_b003_P1_r2,A,nemotron,55,65,65,3,65.0,10,ok
nemotron_b003_P2_r1,A,nemotron,65,65,65,3,65.0,0,ok
nemotron_b003_P2_r2,A,nemotron,68,65,68,3,68.0,3,ok
nemotron_b003_P3_r1,A,nemotron,65,68,65,3,65.0,3,ok
nemotron_b003_P3_r2,A,nemotron,65,68,65,3,65.0,3,ok
nemotron_b004_P1_r1,A,nemotron,68,65,68,3,68.0,3,ok
nemotron_b004_P1_r2,A,nemotron,68,65,68,3,68.0,3,ok
nemotron_b004_P2_r1,A,nemotron,68,65,68,3,68.0,3,ok
nemotron_b004_P2_r2,A,nemotron,68,65,68,3,68.0,3,ok
nemotron_b004_P3_r1,A,nemotron,65,68,65,3,65.0,3,ok
nemotron_b004_P3_r2,A,nemotron,68,65,68,3,68.0,3,ok
nemotron_b005_P1_r1,A,nemotron,68,65,68,3,68.0,3,ok
nemotron_b005_P1_r2,A,nemotron,65,68,65,3,65.0,3,ok
nemotron_b005_P2_r1,A,nemotron,68,65,68,3,68.0,3,ok
nemotron_b005_P2_r2,A,nemotron,65,68,65,3,65.0,3,ok
nemotron_b005_P3_r1,A,nemotron,55,65,65,3,65.0,10,ok
nemotron_b005_P3_r2,A,nemotron,65,65,65,3,65.0,0,ok
nemotron_b006_P1_r1,A,nemotron,65,65,65,3,65.0,0,ok
nemotron_b006_P1_r2,A,nemotron,65,68,65,3,65.0,3,ok
nemotron_b006_P2_r1,A,nemotron,55,65,65,3,65.0,10,ok
nemotron_b006_P2_r2,A,nemotron,68,65,68,3,68.0,3,ok
nemotron_b006_P3_r1,A,nemotron,75,68,65,3,68.0,10,ok
nemotron_b006_P3_r2,A,nemotron,65,65,65,3,65.0,0,ok
nemotron_b007_P1_r1,A,nemotron,65,68,65,3,65.0,3,ok
nemotron_b007_P1_r2,A,nemotron,65,68,65,3,65.0,3,ok
nemotron_b007_P2_r1,A,nemotron,,68,65,2,66.5,3,partial_two_of_three
nemotron_b007_P2_r2,A,nemotron,65,68,65,3,65.0,3,ok
nemotron_b007_P3_r1,A,nemotron,65,68,65,3,65.0,3,ok
nemotron_b007_P3_r2,A,nemotron,55,65,65,3,65.0,10,ok
nemotron_b008_P1_r1,A,nemotron,75,68,68,3,68.0,7,ok
nemotron_b008_P1_r2,A,nemotron,65,68,65,3,65.0,3,ok
nemotron_b008_P2_r1,A,nemotron,65,68,65,3,65.0,3,ok
nemotron_b008_P2_r2,A,nemotron,65,68,65,3,65.0,3,ok
nemotron_b008_P3_r1,A,nemotron,68,65,68,3,68.0,3,ok
nemotron_b008_P3_r2,A,nemotron,68,65,75,3,68.0,10,ok
nemotron_b009_P1_r1,A,nemotron,65,68,65,3,65.0,3,ok
nemotron_b009_P1_r2,A,nemotron,65,68,65,3,65.0,3,ok
nemotron_b009_P2_r1,A,nemotron,65,68,65,3,65.0,3,ok
nemotron_b009_P2_r2,A,nemotron,75,65,68,3,68.0,10,ok
nemotron_b009_P3_r1,A,nemotron,65,68,65,3,65.0,3,ok
nemotron_b009_P3_r2,A,nemotron,75,65,68,3,68.0,10,ok
nemotron_b010_P1_r1,A,nemotron,65,65,65,3,65.0,0,ok
nemotron_b010_P1_r2,A,nemotron,65,68,65,3,65.0,3,ok
nemotron_b010_P2_r1,A,nemotron,65,68,65,3,65.0,3,ok
nemotron_b010_P2_r2,A,nemotron,68,65,68,3,68.0,3,ok
nemotron_b010_P3_r1,A,nemotron,65,68,65,3,65.0,3,ok
nemotron_b010_P3_r2,A,nemotron,65,68,65,3,65.0,3,ok
nemotron_b011_P1_r1,A,nemotron,65,68,65,3,65.0,3,ok
nemotron_b011_P1_r2,A,nemotron,55,65,65,3,65.0,10,ok
nemotron_b011_P2_r1,A,nemotron,65,65,68,3,65.0,3,ok
nemotron_b011_P2_r2,A,nemotron,55,65,65,3,65.0,10,ok
nemotron_b011_P3_r1,A,nemotron,55,65,65,3,65.0,10,ok
nemotron_b011_P3_r2,A,nemotron,68,65,68,3,68.0,3,ok
nemotron_b012_P1_r1,A,nemotron,55,55,65,3,55.0,10,ok
nemotron_b012_P1_r2,A,nemotron,55,68,65,3,65.0,13,ok
nemotron_b012_P2_r1,A,nemotron,68,65,68,3,68.0,3,ok
nemotron_b012_P2_r2,A,nemotron,65,68,65,3,65.0,3,ok
nemotron_b012_P3_r1,A,nemotron,68,65,68,3,68.0,3,ok
nemotron_b012_P3_r2,A,nemotron,75,65,68,3,68.0,10,ok
nemotron_b013_P1_r1,A,nemotron,75,65,68,3,68.0,10,ok
nemotron_b013_P1_r2,A,nemotron,68,65,68,3,68.0,3,ok
nemotron_b013_P2_r1,A,nemotron,68,68,68,3,68.0,0,ok
nemotron_b013_P2_r2,A,nemotron,68,65,68,3,68.0,3,ok
nemotron_b013_P3_r1,A,nemotron,65,68,68,3,68.0,3,ok
nemotron_b013_P3_r2,A,nemotron,75,65,68,3,68.0,10,ok
nemotron_b014_P1_r1,A,nemotron,65,65,65,3,65.0,0,ok
nemotron_b014_P1_r2,A,nemotron,65,68,65,3,65.0,3,ok
nemotron_b014_P2_r1,A,nemotron,65,65,65,3,65.0,0,ok
nemotron_b014_P2_r2,A,nemotron,65,68,65,3,65.0,3,ok
nemotron_b014_P3_r1,A,nemotron,65,65,65,3,65.0,0,ok
nemotron_b014_P3_r2,A,nemotron,65,68,65,3,65.0,3,ok
nemotron_b015_P1_r1,A,nemotron,75,65,68,3,68.0,10,ok
nemotron_b015_P1_r2,A,nemotron,65,65,65,3,65.0,0,ok
nemotron_b015_P2_r1,A,nemotron,65,68,65,3,65.0,3,ok
nemotron_b015_P2_r2,A,nemotron,65,68,65,3,65.0,3,ok
nemotron_b015_P3_r1,A,nemotron,75,65,68,3,68.0,10,ok
nemotron_b015_P3_r2,A,nemotron,65,68,65,3,65.0,3,ok
nemotron_b016_P1_r1,A,nemotron,68,65,68,3,68.0,3,ok
nemotron_b016_P1_r2,A,nemotron,68,65,68,3,68.0,3,ok
nemotron_b016_P2_r1,A,nemotron,55,65,65,3,65.0,10,ok
nemotron_b016_P2_r2,A,nemotron,65,65,65,3,65.0,0,ok
nemotron_b016_P3_r1,A,nemotron,55,65,65,3,65.0,10,ok
nemotron_b016_P3_r2,A,nemotron,68,78,75,3,75.0,10,ok
nemotron_b017_P1_r1,A,nemotron,75,65,68,3,68.0,10,ok
nemotron_b017_P1_r2,A,nemotron,75,65,68,3,68.0,10,ok
nemotron_b017_P2_r1,A,nemotron,65,68,65,3,65.0,3,ok
nemotron_b017_P2_r2,A,nemotron,75,68,68,3,68.0,7,ok
nemotron_b017_P3_r1,A,nemotron,75,68,65,3,68.0,10,ok
nemotron_b017_P3_r2,A,nemotron,65,68,65,3,65.0,3,ok
nemotron_b018_P1_r1,A,nemotron,65,68,65,3,65.0,3,ok
nemotron_b018_P1_r2,A,nemotron,65,68,65,3,65.0,3,ok
nemotron_b018_P2_r1,A,nemotron,65,65,65,3,65.0,0,ok
nemotron_b018_P2_r2,A,nemotron,65,68,65,3,65.0,3,ok
nemotron_b018_P3_r1,A,nemotron,65,68,65,3,65.0,3,ok
nemotron_b018_P3_r2,A,nemotron,65,68,65,3,65.0,3,ok
nemotron_b019_P1_r1,A,nemotron,65,65,65,3,65.0,0,ok
nemotron_b019_P1_r2,A,nemotron,65,65,65,3,65.0,0,ok
nemotron_b019_P2_r1,A,nemotron,65,68,65,3,65.0,3,ok
nemotron_b019_P2_r2,A,nemotron,55,68,65,3,65.0,13,ok
nemotron_b019_P3_r1,A,nemotron,65,68,65,3,65.0,3,ok
nemotron_b019_P3_r2,A,nemotron,65,68,65,3,65.0,3,ok
nemotron_b020_P1_r1,A,nemotron,65,65,65,3,65.0,0,ok
nemotron_b020_P1_r2,A,nemotron,65,68,65,3,65.0,3,ok
nemotron_b020_P2_r1,A,nemotron,65,65,65,3,65.0,0,ok
nemotron_b020_P2_r2,A,nemotron,68,65,68,3,68.0,3,ok
nemotron_b020_P3_r1,A,nemotron,65,68,65,3,65.0,3,ok
nemotron_b020_P3_r2,A,nemotron,65,68,65,3,65.0,3,ok
nemotron_b021_P1_r1,A,nemotron,75,68,68,3,68.0,7,ok
nemotron_b021_P1_r2,A,nemotron,75,65,68,3,68.0,10,ok
nemotron_b021_P2_r1,A,nemotron,68,65,68,3,68.0,3,ok
nemotron_b021_P2_r2,A,nemotron,65,68,65,3,65.0,3,ok
nemotron_b021_P3_r1,A,nemotron,65,68,65,3,65.0,3,ok
nemotron_b021_P3_r2,A,nemotron,75,65,68,3,68.0,10,ok
nemotron_b022_P1_r1,A,nemotron,65,68,65,3,65.0,3,ok
nemotron_b022_P1_r2,A,nemotron,65,68,65,3,65.0,3,ok
nemotron_b022_P2_r1,A,nemotron,68,65,68,3,68.0,3,ok
nemotron_b022_P2_r2,A,nemotron,55,65,65,3,65.0,10,ok
nemotron_b022_P3_r1,A,nemotron,75,68,65,3,68.0,10,ok
nemotron_b022_P3_r2,A,nemotron,75,65,68,3,68.0,10,ok
nemotron_b023_P1_r1,A,nemotron,65,65,65,3,65.0,0,ok
nemotron_b023_P1_r2,A,nemotron,65,55,55,3,55.0,10,ok
nemotron_b023_P2_r1,A,nemotron,65,65,65,3,65.0,0,ok
nemotron_b023_P2_r2,A,nemotron,68,65,68,3,68.0,3,ok
nemotron_b023_P3_r1,A,nemotron,68,78,75,3,75.0,10,ok
nemotron_b023_P3_r2,A,nemotron,65,68,65,3,65.0,3,ok
nemotron_b024_P1_r1,A,nemotron,55,65,65,3,65.0,10,ok
nemotron_b024_P1_r2,A,nemotron,68,68,68,3,68.0,0,ok
nemotron_b024_P2_r1,A,nemotron,65,65,65,3,65.0,0,ok
nemotron_b024_P2_r2,A,nemotron,65,68,65,3,65.0,3,ok
nemotron_b024_P3_r1,A,nemotron,55,65,65,3,65.0,10,ok
nemotron_b024_P3_r2,A,nemotron,55,65,65,3,65.0,10,ok
nemotron_b025_P1_r1,A,nemotron,65,68,65,3,65.0,3,ok
nemotron_b025_P1_r2,A,nemotron,65,68,65,3,65.0,3,ok
nemotron_b025_P2_r1,A,nemotron,55,68,65,3,65.0,13,ok
nemotron_b025_P2_r2,A,nemotron,58,65,65,3,65.0,7,ok
nemotron_b025_P3_r1,A,nemotron,65,68,65,3,65.0,3,ok
nemotron_b025_P3_r2,A,nemotron,68,65,68,3,68.0,3,ok
nemotron_b026_P1_r1,A,nemotron,55,45,45,3,45.0,10,ok
nemotron_b026_P1_r2,A,nemotron,65,65,65,3,65.0,0,ok
nemotron_b026_P2_r1,A,nemotron,55,65,65,3,65.0,10,ok
nemotron_b026_P2_r2,A,nemotron,65,65,65,3,65.0,0,ok
nemotron_b026_P3_r1,A,nemotron,65,68,65,3,65.0,3,ok
nemotron_b026_P3_r2,A,nemotron,75,68,65,3,68.0,10,ok
nemotron_b027_P1_r1,A,nemotron,68,65,68,3,68.0,3,ok
nemotron_b027_P1_r2,A,nemotron,65,68,65,3,65.0,3,ok
nemotron_b027_P2_r1,A,nemotron,68,65,68,3,68.0,3,ok
nemotron_b027_P2_r2,A,nemotron,75,68,68,3,68.0,7,ok
nemotron_b027_P3_r1,A,nemotron,75,68,65,3,68.0,10,ok
nemotron_b027_P3_r2,A,nemotron,65,68,65,3,65.0,3,ok
nemotron_b028_P1_r1,A,nemotron,65,68,65,3,65.0,3,ok
nemotron_b028_P1_r2,A,nemotron,65,65,65,3,65.0,0,ok
nemotron_b028_P2_r1,A,nemotron,65,68,65,3,65.0,3,ok
nemotron_b028_P2_r2,A,nemotron,55,68,65,3,65.0,13,ok
nemotron_b028_P3_r1,A,nemotron,65,68,65,3,65.0,3,ok
nemotron_b029_P1_r1,A,nemotron,75,68,65,3,68.0,10,ok
nemotron_b029_P1_r2,A,nemotron,65,68,65,3,65.0,3,ok
nemotron_b029_P2_r1,A,nemotron,65,68,65,3,65.0,3,ok
nemotron_b029_P2_r2,A,nemotron,68,65,68,3,68.0,3,ok
nemotron_b029_P3_r1,A,nemotron,65,68,65,3,65.0,3,ok
nemotron_b029_P3_r2,A,nemotron,65,65,65,3,65.0,0,ok
nemotron_b030_P1_r1,A,nemotron,65,68,65,3,65.0,3,ok
nemotron_b030_P1_r2,A,nemotron,65,65,65,3,65.0,0,ok
nemotron_b030_P2_r1,A,nemotron,55,65,65,3,65.0,10,ok
nemotron_b030_P2_r2,A,nemotron,55,68,65,3,65.0,13,ok
nemotron_b030_P3_r1,A,nemotron,75,68,65,3,68.0,10,ok
nemotron_b030_P3_r2,A,nemotron,65,65,65,3,65.0,0,ok
nemotron_b031_P1_r1,A,nemotron,65,68,65,3,65.0,3,ok
nemotron_b031_P1_r2,A,nemotron,65,68,65,3,65.0,3,ok
nemotron_b031_P2_r1,A,nemotron,75,68,68,3,68.0,7,ok
nemotron_b031_P2_r2,A,nemotron,68,65,68,3,68.0,3,ok
nemotron_b031_P3_r1,A,nemotron,65,65,65,3,65.0,0,ok
nemotron_b031_P3_r2,A,nemotron,65,65,65,3,65.0,0,ok
nemotron_b032_P1_r1,A,nemotron,68,65,68,3,68.0,3,ok
nemotron_b032_P1_r2,A,nemotron,68,65,68,3,68.0,3,ok
nemotron_b032_P2_r1,A,nemotron,75,68,68,3,68.0,7,ok
nemotron_b032_P2_r2,A,nemotron,68,65,68,3,68.0,3,ok
nemotron_b032_P3_r1,A,nemotron,65,68,65,3,65.0,3,ok
nemotron_b032_P3_r2,A,nemotron,68,65,68,3,68.0,3,ok
nemotron_b033_P1_r1,A,nemotron,55,68,65,3,65.0,13,ok
nemotron_b033_P1_r2,A,nemotron,65,68,65,3,65.0,3,ok
nemotron_b033_P2_r1,A,nemotron,65,68,65,3,65.0,3,ok
nemotron_b033_P2_r2,A,nemotron,68,65,68,3,68.0,3,ok
nemotron_b033_P3_r1,A,nemotron,68,65,68,3,68.0,3,ok
nemotron_b033_P3_r2,A,nemotron,75,68,65,3,68.0,10,ok
nemotron_b034_P1_r1,A,nemotron,65,68,65,3,65.0,3,ok
nemotron_b034_P1_r2,A,nemotron,65,68,65,3,65.0,3,ok
nemotron_b034_P2_r1,A,nemotron,75,68,68,3,68.0,7,ok
nemotron_b034_P2_r2,A,nemotron,65,68,65,3,65.0,3,ok
nemotron_b034_P3_r1,A,nemotron,75,65,68,3,68.0,10,ok
nemotron_b034_P3_r2,A,nemotron,55,65,65,3,65.0,10,ok
nemotron_b035_P1_r1,A,nemotron,75,72,68,3,72.0,7,ok
nemotron_b035_P1_r2,A,nemotron,68,65,68,3,68.0,3,ok
nemotron_b035_P2_r1,A,nemotron,68,68,68,3,68.0,0,ok
nemotron_b035_P2_r2,A,nemotron,68,65,68,3,68.0,3,ok
nemotron_b035_P3_r1,A,nemotron,72,68,65,3,68.0,7,ok
nemotron_b035_P3_r2,A,nemotron,68,75,75,3,75.0,7,ok
nemotron_b036_P1_r1,A,nemotron,45,65,65,3,65.0,20,ok
nemotron_b036_P1_r2,A,nemotron,65,68,65,3,65.0,3,ok
nemotron_b036_P2_r1,A,nemotron,68,75,75,3,75.0,7,ok
nemotron_b036_P2_r2,A,nemotron,68,65,68,3,68.0,3,ok
nemotron_b036_P3_r1,A,nemotron,68,65,68,3,68.0,3,ok
nemotron_b036_P3_r2,A,nemotron,68,68,68,3,68.0,0,ok
nemotron_b037_P1_r1,A,nemotron,65,65,65,3,65.0,0,ok
nemotron_b037_P1_r2,A,nemotron,68,68,65,3,68.0,3,ok
nemotron_b037_P2_r1,A,nemotron,55,65,65,3,65.0,10,ok
nemotron_b037_P2_r2,A,nemotron,55,65,65,3,65.0,10,ok
nemotron_b037_P3_r1,A,nemotron,65,68,65,3,65.0,3,ok
nemotron_b037_P3_r2,A,nemotron,68,65,68,3,68.0,3,ok
nemotron_b038_P1_r1,A,nemotron,68,65,68,3,68.0,3,ok
nemotron_b038_P1_r2,A,nemotron,65,65,65,3,65.0,0,ok
nemotron_b038_P2_r1,A,nemotron,68,65,68,3,68.0,3,ok
nemotron_b038_P2_r2,A,nemotron,68,65,68,3,68.0,3,ok
nemotron_b038_P3_r1,A,nemotron,75,68,65,3,68.0,10,ok
nemotron_b038_P3_r2,A,nemotron,65,65,65,3,65.0,0,ok
nemotron_b039_P1_r1,A,nemotron,65,65,65,3,65.0,0,ok
nemotron_b039_P1_r2,A,nemotron,65,65,65,3,65.0,0,ok
nemotron_b039_P2_r1,A,nemotron,68,65,68,3,68.0,3,ok
nemotron_b039_P2_r2,A,nemotron,68,65,68,3,68.0,3,ok
nemotron_b039_P3_r1,A,nemotron,65,68,65,3,65.0,3,ok
nemotron_b039_P3_r2,A,nemotron,65,68,65,3,65.0,3,ok
nemotron_b040_P1_r1,A,nemotron,55,68,65,3,65.0,13,ok
nemotron_b040_P1_r2,A,nemotron,65,68,65,3,65.0,3,ok
nemotron_b040_P2_r1,A,nemotron,65,68,65,3,65.0,3,ok
nemotron_b040_P2_r2,A,nemotron,65,68,65,3,65.0,3,ok
nemotron_b040_P3_r1,A,nemotron,68,65,68,3,68.0,3,ok
nemotron_b040_P3_r2,A,nemotron,68,65,68,3,68.0,3,ok
nemotron_b041_P1_r1,A,nemotron,55,65,65,3,65.0,10,ok
nemotron_b041_P1_r2,A,nemotron,65,65,65,3,65.0,0,ok
nemotron_b041_P2_r1,A,nemotron,68,65,68,3,68.0,3,ok
nemotron_b041_P2_r2,A,nemotron,65,68,65,3,65.0,3,ok
nemotron_b041_P3_r1,A,nemotron,68,65,68,3,68.0,3,ok
nemotron_b041_P3_r2,A,nemotron,68,65,68,3,68.0,3,ok
nemotron_b042_P1_r1,A,nemotron,68,65,68,3,68.0,3,ok
nemotron_b042_P1_r2,A,nemotron,65,65,65,3,65.0,0,ok
nemotron_b042_P2_r1,A,nemotron,68,65,68,3,68.0,3,ok
nemotron_b042_P2_r2,A,nemotron,68,65,68,3,68.0,3,ok
nemotron_b042_P3_r1,A,nemotron,65,68,65,3,65.0,3,ok
nemotron_b042_P3_r2,A,nemotron,65,68,65,3,65.0,3,ok
nemotron_b043_P1_r1,A,nemotron,68,65,68,3,68.0,3,ok
nemotron_b043_P1_r2,A,nemotron,75,65,68,3,68.0,10,ok
nemotron_b043_P2_r1,A,nemotron,68,68,68,3,68.0,0,ok
nemotron_b043_P2_r2,A,nemotron,65,68,65,3,65.0,3,ok
nemotron_b043_P3_r1,A,nemotron,65,65,65,3,65.0,0,ok
nemotron_b043_P3_r2,A,nemotron,65,68,65,3,65.0,3,ok
nemotron_b044_P1_r1,A,nemotron,68,68,68,3,68.0,0,ok
nemotron_b044_P1_r2,A,nemotron,65,65,65,3,65.0,0,ok
nemotron_b044_P2_r1,A,nemotron,65,68,65,3,65.0,3,ok
nemotron_b044_P2_r2,A,nemotron,68,65,68,3,68.0,3,ok
nemotron_b044_P3_r1,A,nemotron,68,65,68,3,68.0,3,ok
nemotron_b044_P3_r2,A,nemotron,75,65,68,3,68.0,10,ok
nemotron_b045_P1_r1,A,nemotron,65,68,65,3,65.0,3,ok
nemotron_b045_P1_r2,A,nemotron,68,65,68,3,68.0,3,ok
nemotron_b045_P2_r1,A,nemotron,68,65,68,3,68.0,3,ok
nemotron_b045_P2_r2,A,nemotron,75,65,68,3,68.0,10,ok
nemotron_b045_P3_r1,A,nemotron,65,68,65,3,65.0,3,ok
nemotron_b045_P3_r2,A,nemotron,68,65,68,3,68.0,3,ok
real_claude_b001_P1_r1,A,real_claude,65,65,65,3,65.0,0,ok
real_claude_b001_P1_r2,A,real_claude,65,68,65,3,65.0,3,ok
real_claude_b001_P2_r1,A,real_claude,45,55,55,3,55.0,10,ok
real_claude_b001_P2_r2,A,real_claude,65,65,65,3,65.0,0,ok
real_claude_b001_P3_r1,A,real_claude,65,68,65,3,65.0,3,ok
real_claude_b001_P3_r2,A,real_claude,65,68,65,3,65.0,3,ok
real_claude_b002_P1_r1,A,real_claude,65,68,65,3,65.0,3,ok
real_claude_b002_P1_r2,A,real_claude,65,65,65,3,65.0,0,ok
real_claude_b002_P2_r1,A,real_claude,65,68,65,3,65.0,3,ok
real_claude_b002_P2_r2,A,real_claude,68,65,68,3,68.0,3,ok
real_claude_b002_P3_r1,A,real_claude,65,68,65,3,65.0,3,ok
real_claude_b002_P3_r2,A,real_claude,65,65,65,3,65.0,0,ok
real_claude_b003_P1_r1,A,real_claude,65,65,65,3,65.0,0,ok
real_claude_b003_P1_r2,A,real_claude,68,65,68,3,68.0,3,ok
real_claude_b003_P2_r1,A,real_claude,65,68,65,3,65.0,3,ok
real_claude_b003_P2_r2,A,real_claude,55,68,65,3,65.0,13,ok
real_claude_b003_P3_r1,A,real_claude,65,68,65,3,65.0,3,ok
real_claude_b003_P3_r2,A,real_claude,65,68,65,3,65.0,3,ok
real_claude_b004_P1_r1,A,real_claude,65,68,65,3,65.0,3,ok
real_claude_b004_P1_r2,A,real_claude,68,65,68,3,68.0,3,ok
real_claude_b004_P2_r1,A,real_claude,65,68,65,3,65.0,3,ok
real_claude_b004_P2_r2,A,real_claude,65,68,65,3,65.0,3,ok
real_claude_b004_P3_r1,A,real_claude,65,68,65,3,65.0,3,ok
real_claude_b004_P3_r2,A,real_claude,68,68,75,3,68.0,7,ok
real_claude_b005_P1_r1,A,real_claude,65,68,65,3,65.0,3,ok
real_claude_b005_P1_r2,A,real_claude,65,68,65,3,65.0,3,ok
real_claude_b005_P2_r1,A,real_claude,65,68,65,3,65.0,3,ok
real_claude_b005_P2_r2,A,real_claude,55,65,65,3,65.0,10,ok
real_claude_b005_P3_r1,A,real_claude,65,68,65,3,65.0,3,ok
real_claude_b005_P3_r2,A,real_claude,55,65,65,3,65.0,10,ok
real_claude_b006_P1_r1,A,real_claude,65,68,65,3,65.0,3,ok
real_claude_b006_P1_r2,A,real_claude,65,68,65,3,65.0,3,ok
real_claude_b006_P2_r1,A,real_claude,48,58,65,3,58.0,17,ok
real_claude_b006_P2_r2,A,real_claude,65,65,65,3,65.0,0,ok
real_claude_b006_P3_r1,A,real_claude,65,68,65,3,65.0,3,ok
real_claude_b006_P3_r2,A,real_claude,65,65,65,3,65.0,0,ok
real_claude_b007_P1_r1,A,real_claude,65,68,65,3,65.0,3,ok
real_claude_b007_P1_r2,A,real_claude,45,65,65,3,65.0,20,ok
real_claude_b007_P2_r1,A,real_claude,55,65,65,3,65.0,10,ok
real_claude_b007_P2_r2,A,real_claude,65,65,65,3,65.0,0,ok
real_claude_b007_P3_r1,A,real_claude,65,68,65,3,65.0,3,ok
real_claude_b007_P3_r2,A,real_claude,65,65,65,3,65.0,0,ok
real_claude_b008_P1_r1,A,real_claude,68,65,68,3,68.0,3,ok
real_claude_b008_P1_r2,A,real_claude,65,65,65,3,65.0,0,ok
real_claude_b008_P2_r1,A,real_claude,55,65,65,3,65.0,10,ok
real_claude_b008_P2_r2,A,real_claude,65,65,65,3,65.0,0,ok
real_claude_b008_P3_r1,A,real_claude,65,65,65,3,65.0,0,ok
real_claude_b008_P3_r2,A,real_claude,65,68,65,3,65.0,3,ok
real_claude_b009_P1_r1,A,real_claude,65,68,65,3,65.0,3,ok
real_claude_b009_P1_r2,A,real_claude,65,65,65,3,65.0,0,ok
real_claude_b009_P2_r1,A,real_claude,55,55,55,3,55.0,0,ok
real_claude_b009_P2_r2,A,real_claude,68,65,68,3,68.0,3,ok
real_claude_b009_P3_r1,A,real_claude,65,68,65,3,65.0,3,ok
real_claude_b009_P3_r2,A,real_claude,68,65,68,3,68.0,3,ok
real_claude_b010_P1_r1,A,real_claude,65,68,65,3,65.0,3,ok
real_claude_b010_P1_r2,A,real_claude,65,65,65,3,65.0,0,ok
real_claude_b010_P2_r1,A,real_claude,55,65,65,3,65.0,10,ok
real_claude_b010_P2_r2,A,real_claude,65,65,65,3,65.0,0,ok
real_claude_b010_P3_r1,A,real_claude,68,65,68,3,68.0,3,ok
real_claude_b010_P3_r2,A,real_claude,65,65,65,3,65.0,0,ok
real_claude_b011_P1_r1,A,real_claude,65,65,65,3,65.0,0,ok
real_claude_b011_P1_r2,A,real_claude,65,65,65,3,65.0,0,ok
real_claude_b011_P2_r1,A,real_claude,65,68,65,3,65.0,3,ok
real_claude_b011_P2_r2,A,real_claude,65,68,65,3,65.0,3,ok
real_claude_b011_P3_r1,A,real_claude,65,65,65,3,65.0,0,ok
real_claude_b011_P3_r2,A,real_claude,65,65,65,3,65.0,0,ok
real_claude_b012_P1_r1,A,real_claude,65,65,65,3,65.0,0,ok
real_claude_b012_P1_r2,A,real_claude,68,65,68,3,68.0,3,ok
real_claude_b012_P2_r1,A,real_claude,65,65,65,3,65.0,0,ok
real_claude_b012_P2_r2,A,real_claude,65,68,65,3,65.0,3,ok
real_claude_b012_P3_r1,A,real_claude,65,68,65,3,65.0,3,ok
real_claude_b012_P3_r2,A,real_claude,65,65,65,3,65.0,0,ok
real_claude_b013_P1_r1,A,real_claude,55,65,65,3,65.0,10,ok
real_claude_b013_P1_r2,A,real_claude,65,68,65,3,65.0,3,ok
real_claude_b013_P2_r1,A,real_claude,65,65,65,3,65.0,0,ok
real_claude_b013_P2_r2,A,real_claude,65,68,65,3,65.0,3,ok
real_claude_b013_P3_r1,A,real_claude,65,68,65,3,65.0,3,ok
real_claude_b013_P3_r2,A,real_claude,65,68,65,3,65.0,3,ok
real_claude_b014_P1_r1,A,real_claude,65,68,65,3,65.0,3,ok
real_claude_b014_P1_r2,A,real_claude,55,45,45,3,45.0,10,ok
real_claude_b014_P2_r1,A,real_claude,65,68,65,3,65.0,3,ok
real_claude_b014_P2_r2,A,real_claude,58,68,65,3,65.0,10,ok
real_claude_b014_P3_r1,A,real_claude,65,68,65,3,65.0,3,ok
real_claude_b014_P3_r2,A,real_claude,65,65,65,3,65.0,0,ok
real_claude_b015_P1_r1,A,real_claude,65,68,65,3,65.0,3,ok
real_claude_b015_P1_r2,A,real_claude,65,48,45,3,48.0,20,ok
real_claude_b015_P2_r1,A,real_claude,68,65,68,3,68.0,3,ok
real_claude_b015_P2_r2,A,real_claude,65,68,65,3,65.0,3,ok
real_claude_b015_P3_r1,A,real_claude,65,65,65,3,65.0,0,ok
real_claude_b015_P3_r2,A,real_claude,65,65,65,3,65.0,0,ok
real_claude_b016_P1_r1,A,real_claude,65,68,65,3,65.0,3,ok
real_claude_b016_P1_r2,A,real_claude,68,65,68,3,68.0,3,ok
real_claude_b016_P2_r1,A,real_claude,55,65,65,3,65.0,10,ok
real_claude_b016_P2_r2,A,real_claude,55,65,65,3,65.0,10,ok
real_claude_b016_P3_r1,A,real_claude,65,68,65,3,65.0,3,ok
real_claude_b016_P3_r2,A,real_claude,65,68,65,3,65.0,3,ok
real_claude_b017_P1_r1,A,real_claude,65,65,65,3,65.0,0,ok
real_claude_b017_P1_r2,A,real_claude,75,65,68,3,68.0,10,ok
real_claude_b017_P2_r1,A,real_claude,65,65,65,3,65.0,0,ok
real_claude_b017_P2_r2,A,real_claude,58,65,65,3,65.0,7,ok
real_claude_b017_P3_r1,A,real_claude,68,78,75,3,75.0,10,ok
real_claude_b017_P3_r2,A,real_claude,68,65,68,3,68.0,3,ok
real_claude_b018_P1_r1,A,real_claude,55,65,65,3,65.0,10,ok
real_claude_b018_P1_r2,A,real_claude,65,68,65,3,65.0,3,ok
real_claude_b018_P2_r1,A,real_claude,55,65,65,3,65.0,10,ok
real_claude_b018_P2_r2,A,real_claude,65,68,65,3,65.0,3,ok
real_claude_b018_P3_r1,A,real_claude,68,68,68,3,68.0,0,ok
real_claude_b018_P3_r2,A,real_claude,65,68,65,3,65.0,3,ok
real_claude_b019_P1_r1,A,real_claude,65,68,65,3,65.0,3,ok
real_claude_b019_P1_r2,A,real_claude,65,65,65,3,65.0,0,ok
real_claude_b019_P2_r1,A,real_claude,65,65,65,3,65.0,0,ok
real_claude_b019_P2_r2,A,real_claude,55,65,65,3,65.0,10,ok
real_claude_b019_P3_r1,A,real_claude,65,68,65,3,65.0,3,ok
real_claude_b019_P3_r2,A,real_claude,65,68,65,3,65.0,3,ok
real_claude_b020_P1_r1,A,real_claude,65,68,65,3,65.0,3,ok
real_claude_b020_P1_r2,A,real_claude,65,68,65,3,65.0,3,ok
real_claude_b020_P2_r1,A,real_claude,65,68,65,3,65.0,3,ok
real_claude_b020_P2_r2,A,real_claude,68,65,68,3,68.0,3,ok
real_claude_b020_P3_r1,A,real_claude,65,65,65,3,65.0,0,ok
real_claude_b020_P3_r2,A,real_claude,68,65,68,3,68.0,3,ok
real_claude_b021_P1_r1,A,real_claude,68,68,68,3,68.0,0,ok
real_claude_b021_P1_r2,A,real_claude,65,68,65,3,65.0,3,ok
real_claude_b021_P2_r1,A,real_claude,65,68,65,3,65.0,3,ok
real_claude_b021_P2_r2,A,real_claude,65,65,65,3,65.0,0,ok
real_claude_b021_P3_r1,A,real_claude,65,68,65,3,65.0,3,ok
real_claude_b021_P3_r2,A,real_claude,65,68,65,3,65.0,3,ok
real_claude_b022_P1_r1,A,real_claude,65,65,65,3,65.0,0,ok
real_claude_b022_P1_r2,A,real_claude,65,68,65,3,65.0,3,ok
real_claude_b022_P2_r1,A,real_claude,68,65,68,3,68.0,3,ok
real_claude_b022_P2_r2,A,real_claude,55,65,65,3,65.0,10,ok
real_claude_b022_P3_r1,A,real_claude,65,68,65,3,65.0,3,ok
real_claude_b022_P3_r2,A,real_claude,65,65,65,3,65.0,0,ok
real_claude_b023_P1_r1,A,real_claude,55,65,65,3,65.0,10,ok
real_claude_b023_P1_r2,A,real_claude,65,65,65,3,65.0,0,ok
real_claude_b023_P2_r1,A,real_claude,45,68,65,3,65.0,23,ok
real_claude_b023_P2_r2,A,real_claude,55,65,65,3,65.0,10,ok
real_claude_b023_P3_r1,A,real_claude,65,65,65,3,65.0,0,ok
real_claude_b023_P3_r2,A,real_claude,65,68,65,3,65.0,3,ok
real_claude_b024_P1_r1,A,real_claude,65,65,65,3,65.0,0,ok
real_claude_b024_P1_r2,A,real_claude,75,65,68,3,68.0,10,ok
real_claude_b024_P2_r1,A,real_claude,65,68,65,3,65.0,3,ok
real_claude_b024_P2_r2,A,real_claude,68,65,68,3,68.0,3,ok
real_claude_b024_P3_r1,A,real_claude,65,68,65,3,65.0,3,ok
real_claude_b024_P3_r2,A,real_claude,65,68,65,3,65.0,3,ok
real_claude_b025_P1_r1,A,real_claude,65,68,65,3,65.0,3,ok
real_claude_b025_P1_r2,A,real_claude,68,65,68,3,68.0,3,ok
real_claude_b025_P2_r1,A,real_claude,65,68,65,3,65.0,3,ok
real_claude_b025_P2_r2,A,real_claude,55,58,55,3,55.0,3,ok
real_claude_b025_P3_r1,A,real_claude,75,65,68,3,68.0,10,ok
real_claude_b025_P3_r2,A,real_claude,68,65,68,3,68.0,3,ok
real_claude_b026_P1_r1,A,real_claude,45,65,65,3,65.0,20,ok
real_claude_b026_P1_r2,A,real_claude,45,68,65,3,65.0,23,ok
real_claude_b026_P2_r1,A,real_claude,65,68,65,3,65.0,3,ok
real_claude_b026_P2_r2,A,real_claude,68,65,68,3,68.0,3,ok
real_claude_b026_P3_r1,A,real_claude,55,45,45,3,45.0,10,ok
real_claude_b026_P3_r2,A,real_claude,65,65,65,3,65.0,0,ok
real_claude_b027_P1_r1,A,real_claude,65,65,65,3,65.0,0,ok
real_claude_b027_P1_r2,A,real_claude,68,68,68,3,68.0,0,ok
real_claude_b027_P2_r1,A,real_claude,65,68,65,3,65.0,3,ok
real_claude_b027_P2_r2,A,real_claude,65,68,65,3,65.0,3,ok
real_claude_b027_P3_r1,A,real_claude,65,68,65,3,65.0,3,ok
real_claude_b027_P3_r2,A,real_claude,45,45,65,3,45.0,20,ok
real_claude_b028_P1_r1,A,real_claude,65,68,65,3,65.0,3,ok
real_claude_b028_P1_r2,A,real_claude,65,65,65,3,65.0,0,ok
real_claude_b028_P2_r1,A,real_claude,65,68,65,3,65.0,3,ok
real_claude_b028_P2_r2,A,real_claude,65,68,65,3,65.0,3,ok
real_claude_b028_P3_r1,A,real_claude,65,68,65,3,65.0,3,ok
real_claude_b028_P3_r2,A,real_claude,65,65,65,3,65.0,0,ok
real_claude_b029_P1_r1,A,real_claude,65,65,65,3,65.0,0,ok
real_claude_b029_P1_r2,A,real_claude,65,68,65,3,65.0,3,ok
real_claude_b029_P2_r1,A,real_claude,68,65,68,3,68.0,3,ok
real_claude_b029_P2_r2,A,real_claude,58,68,65,3,65.0,10,ok
real_claude_b029_P3_r1,A,real_claude,65,65,65,3,65.0,0,ok
real_claude_b029_P3_r2,A,real_claude,68,65,68,3,68.0,3,ok
real_claude_b030_P1_r1,A,real_claude,65,65,65,3,65.0,0,ok
real_claude_b030_P1_r2,A,real_claude,75,65,68,3,68.0,10,ok
real_claude_b030_P2_r1,A,real_claude,55,45,45,3,45.0,10,ok
real_claude_b030_P2_r2,A,real_claude,55,68,65,3,65.0,13,ok
real_claude_b030_P3_r1,A,real_claude,65,68,65,3,65.0,3,ok
real_claude_b030_P3_r2,A,real_claude,68,65,68,3,68.0,3,ok
real_claude_b031_P1_r1,A,real_claude,65,65,65,3,65.0,0,ok
real_claude_b031_P1_r2,A,real_claude,65,65,65,3,65.0,0,ok
real_claude_b031_P2_r1,A,real_claude,55,68,65,3,65.0,13,ok
real_claude_b031_P2_r2,A,real_claude,65,68,65,3,65.0,3,ok
real_claude_b031_P3_r1,A,real_claude,65,65,65,3,65.0,0,ok
real_claude_b031_P3_r2,A,real_claude,65,65,65,3,65.0,0,ok
real_claude_b032_P1_r1,A,real_claude,45,65,65,3,65.0,20,ok
real_claude_b032_P1_r2,A,real_claude,45,65,65,3,65.0,20,ok
real_claude_b032_P2_r1,A,real_claude,65,68,65,3,65.0,3,ok
real_claude_b032_P2_r2,A,real_claude,65,68,65,3,65.0,3,ok
real_claude_b032_P3_r1,A,real_claude,65,68,65,3,65.0,3,ok
real_claude_b032_P3_r2,A,real_claude,68,65,68,3,68.0,3,ok
real_claude_b033_P1_r1,A,real_claude,65,68,65,3,65.0,3,ok
real_claude_b033_P1_r2,A,real_claude,45,65,65,3,65.0,20,ok
real_claude_b033_P2_r1,A,real_claude,55,65,65,3,65.0,10,ok
real_claude_b033_P2_r2,A,real_claude,68,65,68,3,68.0,3,ok
real_claude_b033_P3_r1,A,real_claude,65,65,65,3,65.0,0,ok
real_claude_b033_P3_r2,A,real_claude,55,65,65,3,65.0,10,ok
real_claude_b034_P1_r1,A,real_claude,65,65,65,3,65.0,0,ok
real_claude_b034_P1_r2,A,real_claude,65,68,65,3,65.0,3,ok
real_claude_b034_P2_r1,A,real_claude,65,65,65,3,65.0,0,ok
real_claude_b034_P2_r2,A,real_claude,65,68,65,3,65.0,3,ok
real_claude_b034_P3_r1,A,real_claude,65,68,65,3,65.0,3,ok
real_claude_b034_P3_r2,A,real_claude,65,68,65,3,65.0,3,ok
real_claude_b035_P1_r1,A,real_claude,55,65,65,3,65.0,10,ok
real_claude_b035_P1_r2,A,real_claude,65,65,65,3,65.0,0,ok
real_claude_b035_P2_r1,A,real_claude,48,58,55,3,55.0,10,ok
real_claude_b035_P2_r2,A,real_claude,55,65,65,3,65.0,10,ok
real_claude_b035_P3_r1,A,real_claude,65,65,65,3,65.0,0,ok
real_claude_b035_P3_r2,A,real_claude,65,68,65,3,65.0,3,ok
real_claude_b036_P1_r1,A,real_claude,28,45,45,3,45.0,17,ok
real_claude_b036_P1_r2,A,real_claude,45,68,65,3,65.0,23,ok
real_claude_b036_P2_r1,A,real_claude,65,68,65,3,65.0,3,ok
real_claude_b036_P2_r2,A,real_claude,65,68,65,3,65.0,3,ok
real_claude_b036_P3_r1,A,real_claude,25,35,35,3,35.0,10,ok
real_claude_b036_P3_r2,A,real_claude,45,65,65,3,65.0,20,ok
real_claude_b037_P1_r1,A,real_claude,65,68,65,3,65.0,3,ok
real_claude_b037_P1_r2,A,real_claude,65,68,65,3,65.0,3,ok
real_claude_b037_P2_r1,A,real_claude,68,65,68,3,68.0,3,ok
real_claude_b037_P2_r2,A,real_claude,55,68,65,3,65.0,13,ok
real_claude_b037_P3_r1,A,real_claude,75,68,65,3,68.0,10,ok
real_claude_b037_P3_r2,A,real_claude,75,65,68,3,68.0,10,ok
real_claude_b038_P1_r1,A,real_claude,65,65,65,3,65.0,0,ok
real_claude_b038_P1_r2,A,real_claude,65,68,65,3,65.0,3,ok
real_claude_b038_P2_r1,A,real_claude,65,68,65,3,65.0,3,ok
real_claude_b038_P2_r2,A,real_claude,68,65,68,3,68.0,3,ok
real_claude_b038_P3_r1,A,real_claude,65,65,65,3,65.0,0,ok
real_claude_b038_P3_r2,A,real_claude,65,68,65,3,65.0,3,ok
real_claude_b039_P1_r1,A,real_claude,65,65,65,3,65.0,0,ok
real_claude_b039_P1_r2,A,real_claude,65,65,65,3,65.0,0,ok
real_claude_b039_P2_r1,A,real_claude,58,65,65,3,65.0,7,ok
real_claude_b039_P2_r2,A,real_claude,58,65,65,3,65.0,7,ok
real_claude_b039_P3_r1,A,real_claude,65,68,65,3,65.0,3,ok
real_claude_b039_P3_r2,A,real_claude,65,65,65,3,65.0,0,ok
real_claude_b040_P1_r1,A,real_claude,65,65,65,3,65.0,0,ok
real_claude_b040_P1_r2,A,real_claude,65,65,65,3,65.0,0,ok
real_claude_b040_P2_r1,A,real_claude,68,65,68,3,68.0,3,ok
real_claude_b040_P2_r2,A,real_claude,65,68,65,3,65.0,3,ok
real_claude_b040_P3_r1,A,real_claude,65,65,65,3,65.0,0,ok
real_claude_b040_P3_r2,A,real_claude,65,68,65,3,65.0,3,ok
real_claude_b041_P1_r1,A,real_claude,45,65,65,3,65.0,20,ok
real_claude_b041_P1_r2,A,real_claude,65,68,65,3,65.0,3,ok
real_claude_b041_P2_r1,A,real_claude,65,68,65,3,65.0,3,ok
real_claude_b041_P2_r2,A,real_claude,55,65,65,3,65.0,10,ok
real_claude_b041_P3_r1,A,real_claude,65,65,65,3,65.0,0,ok
real_claude_b041_P3_r2,A,real_claude,65,65,65,3,65.0,0,ok
real_claude_b042_P1_r1,A,real_claude,65,68,65,3,65.0,3,ok
real_claude_b042_P1_r2,A,real_claude,65,65,65,3,65.0,0,ok
real_claude_b042_P2_r1,A,real_claude,65,68,65,3,65.0,3,ok
real_claude_b042_P2_r2,A,real_claude,55,65,65,3,65.0,10,ok
real_claude_b042_P3_r1,A,real_claude,55,68,65,3,65.0,13,ok
real_claude_b042_P3_r2,A,real_claude,65,68,65,3,65.0,3,ok
real_claude_b043_P1_r1,A,real_claude,68,65,68,3,68.0,3,ok
real_claude_b043_P1_r2,A,real_claude,65,68,65,3,65.0,3,ok
real_claude_b043_P2_r1,A,real_claude,55,65,65,3,65.0,10,ok
real_claude_b043_P2_r2,A,real_claude,65,68,65,3,65.0,3,ok
real_claude_b043_P3_r1,A,real_claude,45,65,65,3,65.0,20,ok
real_claude_b043_P3_r2,A,real_claude,65,68,65,3,65.0,3,ok
real_claude_b044_P1_r1,A,real_claude,65,65,65,3,65.0,0,ok
real_claude_b044_P1_r2,A,real_claude,65,68,65,3,65.0,3,ok
real_claude_b044_P2_r1,A,real_claude,65,68,65,3,65.0,3,ok
real_claude_b044_P2_r2,A,real_claude,65,68,65,3,65.0,3,ok
real_claude_b044_P3_r1,A,real_claude,65,68,65,3,65.0,3,ok
real_claude_b044_P3_r2,A,real_claude,65,65,65,3,65.0,0,ok
real_claude_b045_P1_r1,A,real_claude,65,68,65,3,65.0,3,ok
real_claude_b045_P1_r2,A,real_claude,65,65,65,3,65.0,0,ok
real_claude_b045_P2_r1,A,real_claude,65,45,45,3,45.0,20,ok
real_claude_b045_P2_r2,A,real_claude,65,68,65,3,65.0,3,ok
real_claude_b045_P3_r1,A,real_claude,65,68,65,3,65.0,3,ok
real_claude_b045_P3_r2,A,real_claude,65,68,65,3,65.0,3,ok
