document_id,origin_class,generation_channel,nll,scored_tokens,n_windows,expected_tokens
deepseek_pro_b001_P1_r1,A,deepseek_pro,2.747998,1685,3,1685
deepseek_pro_b001_P1_r2,A,deepseek_pro,2.799307,2088,4,2088
deepseek_pro_b001_P2_r1,A,deepseek_pro,2.954338,748,1,748
deepseek_pro_b001_P2_r2,A,deepseek_pro,2.684695,1099,2,1099
deepseek_pro_b001_P3_r1,A,deepseek_pro,2.762825,2437,4,2437
deepseek_pro_b001_P3_r2,A,deepseek_pro,2.833102,2422,4,2422
deepseek_pro_b002_P1_r1,A,deepseek_pro,3.033869,2463,4,2463
deepseek_pro_b002_P1_r2,A,deepseek_pro,2.879905,2960,5,2960
deepseek_pro_b002_P2_r1,A,deepseek_pro,2.826128,2026,3,2026
deepseek_pro_b002_P2_r2,A,deepseek_pro,2.822754,1316,2,1316
deepseek_pro_b002_P3_r1,A,deepseek_pro,2.932154,2188,4,2188
deepseek_pro_b002_P3_r2,A,deepseek_pro,2.983444,2034,3,2034
deepseek_pro_b003_P1_r1,A,deepseek_pro,3.238685,1130,2,1130
deepseek_pro_b003_P1_r2,A,deepseek_pro,3.319918,2004,3,2004
deepseek_pro_b003_P2_r1,A,deepseek_pro,3.024343,2204,4,2204
deepseek_pro_b003_P2_r2,A,deepseek_pro,3.075223,1515,2,1515
deepseek_pro_b003_P3_r1,A,deepseek_pro,3.314584,2185,4,2185
deepseek_pro_b003_P3_r2,A,deepseek_pro,3.170417,2150,4,2150
deepseek_pro_b004_P1_r1,A,deepseek_pro,2.929505,1645,3,1645
deepseek_pro_b004_P1_r2,A,deepseek_pro,3.002346,2003,3,2003
deepseek_pro_b004_P2_r1,A,deepseek_pro,2.962420,1462,2,1462
deepseek_pro_b004_P2_r2,A,deepseek_pro,2.978975,1909,3,1909
deepseek_pro_b004_P3_r1,A,deepseek_pro,3.048490,2317,4,2317
deepseek_pro_b004_P3_r2,A,deepseek_pro,2.925725,1822,3,1822
deepseek_pro_b005_P1_r1,A,deepseek_pro,3.282531,3456,6,3456
deepseek_pro_b005_P1_r2,A,deepseek_pro,3.203623,2409,4,2409
deepseek_pro_b005_P2_r1,A,deepseek_pro,3.031510,2150,4,2150
deepseek_pro_b005_P2_r2,A,deepseek_pro,3.109313,1204,2,1204
deepseek_pro_b005_P3_r1,A,deepseek_pro,3.368959,3403,6,3403
deepseek_pro_b005_P3_r2,A,deepseek_pro,3.205851,2866,5,2866
deepseek_pro_b006_P1_r1,A,deepseek_pro,2.851000,2438,4,2438
deepseek_pro_b006_P1_r2,A,deepseek_pro,2.995494,845,1,845
deepseek_pro_b006_P2_r1,A,deepseek_pro,3.205314,1595,3,1595
deepseek_pro_b006_P2_r2,A,deepseek_pro,2.925415,1040,2,1040
deepseek_pro_b006_P3_r1,A,deepseek_pro,3.055426,1919,3,1919
deepseek_pro_b006_P3_r2,A,deepseek_pro,3.230076,2178,4,2178
deepseek_pro_b007_P1_r1,A,deepseek_pro,3.054551,1389,2,1389
deepseek_pro_b007_P1_r2,A,deepseek_pro,3.047745,1709,3,1709
deepseek_pro_b007_P2_r1,A,deepseek_pro,3.047885,1216,2,1216
deepseek_pro_b007_P2_r2,A,deepseek_pro,2.960526,936,1,936
deepseek_pro_b007_P3_r1,A,deepseek_pro,2.946335,2180,4,2180
deepseek_pro_b007_P3_r2,A,deepseek_pro,3.047212,2708,5,2708
deepseek_pro_b008_P1_r1,A,deepseek_pro,3.006850,2355,4,2355
deepseek_pro_b008_P1_r2,A,deepseek_pro,3.036632,2552,4,2552
deepseek_pro_b008_P2_r1,A,deepseek_pro,2.901680,1378,2,1378
deepseek_pro_b008_P2_r2,A,deepseek_pro,3.006587,1240,2,1240
deepseek_pro_b008_P3_r1,A,deepseek_pro,3.174201,2520,4,2520
deepseek_pro_b008_P3_r2,A,deepseek_pro,3.175927,2167,4,2167
deepseek_pro_b009_P1_r1,A,deepseek_pro,2.999451,2933,5,2933
deepseek_pro_b009_P1_r2,A,deepseek_pro,3.038400,1759,3,1759
deepseek_pro_b009_P2_r1,A,deepseek_pro,3.334648,1359,2,1359
deepseek_pro_b009_P2_r2,A,deepseek_pro,2.931191,1067,2,1067
deepseek_pro_b009_P3_r1,A,deepseek_pro,3.093755,2152,4,2152
deepseek_pro_b009_P3_r2,A,deepseek_pro,3.152363,1445,2,1445
deepseek_pro_b010_P1_r1,A,deepseek_pro,2.974424,2311,4,2311
deepseek_pro_b010_P1_r2,A,deepseek_pro,2.949215,1801,3,1801
deepseek_pro_b010_P2_r1,A,deepseek_pro,3.004417,2886,5,2886
deepseek_pro_b010_P2_r2,A,deepseek_pro,3.022218,2158,4,2158
deepseek_pro_b010_P3_r1,A,deepseek_pro,2.965189,1776,3,1776
deepseek_pro_b010_P3_r2,A,deepseek_pro,3.263237,2187,4,2187
deepseek_pro_b011_P1_r1,A,deepseek_pro,2.950606,1720,3,1720
deepseek_pro_b011_P1_r2,A,deepseek_pro,3.161135,1480,2,1480
deepseek_pro_b011_P2_r1,A,deepseek_pro,3.230182,919,1,919
deepseek_pro_b011_P2_r2,A,deepseek_pro,3.052231,957,1,957
deepseek_pro_b011_P3_r1,A,deepseek_pro,3.060772,2142,4,2142
deepseek_pro_b011_P3_r2,A,deepseek_pro,3.225473,3367,6,3367
deepseek_pro_b012_P1_r1,A,deepseek_pro,3.518267,2072,4,2072
deepseek_pro_b012_P1_r2,A,deepseek_pro,3.232558,2279,4,2279
deepseek_pro_b012_P2_r1,A,deepseek_pro,3.035662,1253,2,1253
deepseek_pro_b012_P2_r2,A,deepseek_pro,3.298386,1028,2,1028
deepseek_pro_b012_P3_r1,A,deepseek_pro,3.233797,1962,3,1962
deepseek_pro_b012_P3_r2,A,deepseek_pro,3.133479,2580,5,2580
deepseek_pro_b013_P1_r1,A,deepseek_pro,3.213132,2577,5,2577
deepseek_pro_b013_P1_r2,A,deepseek_pro,3.134485,2229,4,2229
deepseek_pro_b013_P2_r1,A,deepseek_pro,3.080169,1152,2,1152
deepseek_pro_b013_P2_r2,A,deepseek_pro,2.956180,990,1,990
deepseek_pro_b013_P3_r1,A,deepseek_pro,3.362035,2029,3,2029
deepseek_pro_b013_P3_r2,A,deepseek_pro,3.116127,2094,4,2094
deepseek_pro_b014_P1_r1,A,deepseek_pro,2.997390,2657,5,2657
deepseek_pro_b014_P1_r2,A,deepseek_pro,3.108782,1541,3,1541
deepseek_pro_b014_P2_r1,A,deepseek_pro,2.862850,1190,2,1190
deepseek_pro_b014_P2_r2,A,deepseek_pro,2.923140,873,1,873
deepseek_pro_b014_P3_r1,A,deepseek_pro,3.223182,2239,4,2239
deepseek_pro_b014_P3_r2,A,deepseek_pro,3.199583,1619,3,1619
deepseek_pro_b015_P1_r1,A,deepseek_pro,3.019734,3175,6,3175
deepseek_pro_b015_P1_r2,A,deepseek_pro,3.031177,1768,3,1768
deepseek_pro_b015_P2_r1,A,deepseek_pro,3.143554,733,1,733
deepseek_pro_b015_P2_r2,A,deepseek_pro,2.880890,743,1,743
deepseek_pro_b015_P3_r1,A,deepseek_pro,2.997421,3345,6,3345
deepseek_pro_b015_P3_r2,A,deepseek_pro,3.057876,2450,4,2450
deepseek_pro_b016_P1_r1,A,deepseek_pro,3.050617,2052,4,2052
deepseek_pro_b016_P1_r2,A,deepseek_pro,3.118536,2870,5,2870
deepseek_pro_b016_P2_r1,A,deepseek_pro,3.091794,1979,3,1979
deepseek_pro_b016_P2_r2,A,deepseek_pro,3.153864,977,1,977
deepseek_pro_b016_P3_r1,A,deepseek_pro,3.320310,1911,3,1911
deepseek_pro_b016_P3_r2,A,deepseek_pro,3.291442,2236,4,2236
deepseek_pro_b017_P1_r1,A,deepseek_pro,3.241843,2925,5,2925
deepseek_pro_b017_P1_r2,A,deepseek_pro,3.572566,2874,5,2874
deepseek_pro_b017_P2_r1,A,deepseek_pro,3.179055,1786,3,1786
deepseek_pro_b017_P2_r2,A,deepseek_pro,3.196305,356,1,356
deepseek_pro_b017_P3_r1,A,deepseek_pro,3.212596,2498,4,2498
deepseek_pro_b017_P3_r2,A,deepseek_pro,3.063687,2644,5,2644
deepseek_pro_b018_P1_r1,A,deepseek_pro,3.300985,2128,4,2128
deepseek_pro_b018_P1_r2,A,deepseek_pro,3.112804,2703,5,2703
deepseek_pro_b018_P2_r1,A,deepseek_pro,3.170576,1278,2,1278
deepseek_pro_b018_P2_r2,A,deepseek_pro,3.052062,1414,2,1414
deepseek_pro_b018_P3_r1,A,deepseek_pro,3.142205,2353,4,2353
deepseek_pro_b018_P3_r2,A,deepseek_pro,3.232825,2397,4,2397
deepseek_pro_b019_P1_r1,A,deepseek_pro,3.284300,2106,4,2106
deepseek_pro_b019_P1_r2,A,deepseek_pro,3.154180,2418,4,2418
deepseek_pro_b019_P2_r1,A,deepseek_pro,3.453604,1229,2,1229
deepseek_pro_b019_P2_r2,A,deepseek_pro,3.222741,1158,2,1158
deepseek_pro_b019_P3_r1,A,deepseek_pro,3.240530,2420,4,2420
deepseek_pro_b019_P3_r2,A,deepseek_pro,3.350613,2721,5,2721
deepseek_pro_b020_P1_r1,A,deepseek_pro,3.208371,1918,3,1918
deepseek_pro_b020_P1_r2,A,deepseek_pro,3.088309,1934,3,1934
deepseek_pro_b020_P2_r1,A,deepseek_pro,3.080515,1093,2,1093
deepseek_pro_b020_P2_r2,A,deepseek_pro,3.151295,1293,2,1293
deepseek_pro_b020_P3_r1,A,deepseek_pro,3.233919,2036,3,2036
deepseek_pro_b020_P3_r2,A,deepseek_pro,3.361039,2547,4,2547
deepseek_pro_b021_P1_r1,A,deepseek_pro,3.175618,1993,3,1993
deepseek_pro_b021_P1_r2,A,deepseek_pro,3.163909,2113,4,2113
deepseek_pro_b021_P2_r1,A,deepseek_pro,3.027178,923,1,923
deepseek_pro_b021_P2_r2,A,deepseek_pro,2.957460,649,1,649
deepseek_pro_b021_P3_r1,A,deepseek_pro,3.226346,2028,3,2028
deepseek_pro_b021_P3_r2,A,deepseek_pro,3.342080,1936,3,1936
deepseek_pro_b022_P1_r1,A,deepseek_pro,3.044507,2461,4,2461
deepseek_pro_b022_P1_r2,A,deepseek_pro,2.921929,1269,2,1269
deepseek_pro_b022_P2_r1,A,deepseek_pro,2.971987,1423,2,1423
deepseek_pro_b022_P2_r2,A,deepseek_pro,3.185152,760,1,760
deepseek_pro_b022_P3_r1,A,deepseek_pro,3.298443,1847,3,1847
deepseek_pro_b022_P3_r2,A,deepseek_pro,3.039849,1992,3,1992
deepseek_pro_b023_P1_r1,A,deepseek_pro,3.041956,2545,4,2545
deepseek_pro_b023_P1_r2,A,deepseek_pro,3.070633,2196,4,2196
deepseek_pro_b023_P2_r1,A,deepseek_pro,2.994861,1033,2,1033
deepseek_pro_b023_P2_r2,A,deepseek_pro,3.068645,1974,3,1974
deepseek_pro_b023_P3_r1,A,deepseek_pro,3.167387,1927,3,1927
deepseek_pro_b023_P3_r2,A,deepseek_pro,3.150515,2467,4,2467
deepseek_pro_b024_P1_r1,A,deepseek_pro,3.357407,1604,3,1604
deepseek_pro_b024_P1_r2,A,deepseek_pro,3.237933,1652,3,1652
deepseek_pro_b024_P2_r1,A,deepseek_pro,3.337770,812,1,812
deepseek_pro_b024_P2_r2,A,deepseek_pro,3.203390,1293,2,1293
deepseek_pro_b024_P3_r1,A,deepseek_pro,3.258240,2372,4,2372
deepseek_pro_b024_P3_r2,A,deepseek_pro,3.224434,2188,4,2188
deepseek_pro_b025_P1_r1,A,deepseek_pro,3.209726,2517,4,2517
deepseek_pro_b025_P1_r2,A,deepseek_pro,3.013507,2422,4,2422
deepseek_pro_b025_P2_r1,A,deepseek_pro,3.095801,1290,2,1290
deepseek_pro_b025_P2_r2,A,deepseek_pro,3.163799,800,1,800
deepseek_pro_b025_P3_r1,A,deepseek_pro,3.102485,2618,5,2618
deepseek_pro_b025_P3_r2,A,deepseek_pro,3.093710,2521,4,2521
deepseek_pro_b026_P1_r1,A,deepseek_pro,2.958166,2945,5,2945
deepseek_pro_b026_P1_r2,A,deepseek_pro,3.019712,575,1,575
deepseek_pro_b026_P2_r1,A,deepseek_pro,3.054877,739,1,739
deepseek_pro_b026_P2_r2,A,deepseek_pro,2.978739,896,1,896
deepseek_pro_b026_P3_r1,A,deepseek_pro,2.924948,2996,5,2996
deepseek_pro_b026_P3_r2,A,deepseek_pro,3.383196,2235,4,2235
deepseek_pro_b027_P1_r1,A,deepseek_pro,3.117743,3263,6,3263
deepseek_pro_b027_P1_r2,A,deepseek_pro,3.176974,1901,3,1901
deepseek_pro_b027_P2_r1,A,deepseek_pro,3.036079,901,1,901
deepseek_pro_b027_P2_r2,A,deepseek_pro,3.019720,2038,3,2038
deepseek_pro_b027_P3_r1,A,deepseek_pro,3.089856,2232,4,2232
deepseek_pro_b027_P3_r2,A,deepseek_pro,3.030868,2468,4,2468
deepseek_pro_b028_P1_r1,A,deepseek_pro,3.141114,914,1,914
deepseek_pro_b028_P1_r2,A,deepseek_pro,3.171332,1637,3,1637
deepseek_pro_b028_P2_r1,A,deepseek_pro,3.300028,867,1,867
deepseek_pro_b028_P2_r2,A,deepseek_pro,3.129972,2061,4,2061
deepseek_pro_b028_P3_r1,A,deepseek_pro,3.325047,1786,3,1786
deepseek_pro_b028_P3_r2,A,deepseek_pro,3.277257,2425,4,2425
deepseek_pro_b029_P1_r1,A,deepseek_pro,3.141878,2780,5,2780
deepseek_pro_b029_P1_r2,A,deepseek_pro,3.127365,2947,5,2947
deepseek_pro_b029_P2_r1,A,deepseek_pro,2.993740,1311,2,1311
deepseek_pro_b029_P2_r2,A,deepseek_pro,3.219929,1347,2,1347
deepseek_pro_b029_P3_r1,A,deepseek_pro,3.177118,2608,5,2608
deepseek_pro_b029_P3_r2,A,deepseek_pro,3.114720,2210,4,2210
deepseek_pro_b030_P1_r1,A,deepseek_pro,3.123108,2423,4,2423
deepseek_pro_b030_P1_r2,A,deepseek_pro,2.999722,2433,4,2433
deepseek_pro_b030_P2_r1,A,deepseek_pro,3.051057,1020,1,1020
deepseek_pro_b030_P2_r2,A,deepseek_pro,3.031919,2821,5,2821
deepseek_pro_b030_P3_r1,A,deepseek_pro,3.039730,2265,4,2265
deepseek_pro_b030_P3_r2,A,deepseek_pro,3.077748,2317,4,2317
deepseek_pro_b031_P1_r1,A,deepseek_pro,2.770752,1143,2,1143
deepseek_pro_b031_P1_r2,A,deepseek_pro,2.958603,2480,4,2480
deepseek_pro_b031_P2_r1,A,deepseek_pro,3.134722,1149,2,1149
deepseek_pro_b031_P2_r2,A,deepseek_pro,2.980119,933,1,933
deepseek_pro_b031_P3_r1,A,deepseek_pro,2.994167,2216,4,2216
deepseek_pro_b031_P3_r2,A,deepseek_pro,2.874393,2324,4,2324
deepseek_pro_b032_P1_r1,A,deepseek_pro,3.192252,2910,5,2910
deepseek_pro_b032_P1_r2,A,deepseek_pro,2.842013,2669,5,2669
deepseek_pro_b032_P2_r1,A,deepseek_pro,3.065111,1482,2,1482
deepseek_pro_b032_P2_r2,A,deepseek_pro,3.182208,980,1,980
deepseek_pro_b032_P3_r1,A,deepseek_pro,3.035232,2448,4,2448
deepseek_pro_b032_P3_r2,A,deepseek_pro,3.062943,2386,4,2386
deepseek_pro_b033_P1_r1,A,deepseek_pro,3.306842,1147,2,1147
deepseek_pro_b033_P1_r2,A,deepseek_pro,3.298483,3026,5,3026
deepseek_pro_b033_P2_r1,A,deepseek_pro,3.146714,673,1,673
deepseek_pro_b033_P2_r2,A,deepseek_pro,3.188370,924,1,924
deepseek_pro_b033_P3_r1,A,deepseek_pro,3.288766,1971,3,1971
deepseek_pro_b033_P3_r2,A,deepseek_pro,3.093349,1840,3,1840
deepseek_pro_b034_P1_r1,A,deepseek_pro,3.081914,2438,4,2438
deepseek_pro_b034_P1_r2,A,deepseek_pro,3.044226,2166,4,2166
deepseek_pro_b034_P2_r1,A,deepseek_pro,3.100259,1567,3,1567
deepseek_pro_b034_P2_r2,A,deepseek_pro,2.988485,1224,2,1224
deepseek_pro_b034_P3_r1,A,deepseek_pro,3.088847,2595,5,2595
deepseek_pro_b034_P3_r2,A,deepseek_pro,3.215655,2194,4,2194
deepseek_pro_b035_P1_r1,A,deepseek_pro,3.209913,896,1,896
deepseek_pro_b035_P1_r2,A,deepseek_pro,3.066042,1209,2,1209
deepseek_pro_b035_P2_r1,A,deepseek_pro,3.030162,2135,4,2135
deepseek_pro_b035_P2_r2,A,deepseek_pro,3.080591,1288,2,1288
deepseek_pro_b035_P3_r1,A,deepseek_pro,2.968355,2483,4,2483
deepseek_pro_b035_P3_r2,A,deepseek_pro,3.269231,2574,5,2574
deepseek_pro_b036_P1_r1,A,deepseek_pro,3.070861,3057,5,3057
deepseek_pro_b036_P1_r2,A,deepseek_pro,3.203147,1490,2,1490
deepseek_pro_b036_P2_r1,A,deepseek_pro,3.122303,1738,3,1738
deepseek_pro_b036_P2_r2,A,deepseek_pro,3.052329,837,1,837
deepseek_pro_b036_P3_r1,A,deepseek_pro,3.084779,2121,4,2121
deepseek_pro_b036_P3_r2,A,deepseek_pro,3.185095,1761,3,1761
deepseek_pro_b037_P1_r1,A,deepseek_pro,3.101609,2820,5,2820
deepseek_pro_b037_P1_r2,A,deepseek_pro,3.064396,1205,2,1205
deepseek_pro_b037_P2_r1,A,deepseek_pro,2.883572,1179,2,1179
deepseek_pro_b037_P2_r2,A,deepseek_pro,3.110237,1224,2,1224
deepseek_pro_b037_P3_r1,A,deepseek_pro,3.064072,2678,5,2678
deepseek_pro_b037_P3_r2,A,deepseek_pro,2.906872,2085,4,2085
deepseek_pro_b038_P1_r1,A,deepseek_pro,3.249713,2689,5,2689
deepseek_pro_b038_P1_r2,A,deepseek_pro,3.184690,2763,5,2763
deepseek_pro_b038_P2_r1,A,deepseek_pro,2.933537,1159,2,1159
deepseek_pro_b038_P2_r2,A,deepseek_pro,3.052566,1006,1,1006
deepseek_pro_b038_P3_r1,A,deepseek_pro,3.017232,1865,3,1865
deepseek_pro_b038_P3_r2,A,deepseek_pro,3.272164,1941,3,1941
deepseek_pro_b039_P1_r1,A,deepseek_pro,3.058388,1533,2,1533
deepseek_pro_b039_P1_r2,A,deepseek_pro,2.943200,2756,5,2756
deepseek_pro_b039_P2_r1,A,deepseek_pro,3.120298,860,1,860
deepseek_pro_b039_P2_r2,A,deepseek_pro,3.116826,1792,3,1792
deepseek_pro_b039_P3_r1,A,deepseek_pro,2.997548,2689,5,2689
deepseek_pro_b039_P3_r2,A,deepseek_pro,3.219447,1543,3,1543
deepseek_pro_b040_P1_r1,A,deepseek_pro,3.241826,2231,4,2231
deepseek_pro_b040_P1_r2,A,deepseek_pro,3.288794,1698,3,1698
deepseek_pro_b040_P2_r1,A,deepseek_pro,3.181076,1961,3,1961
deepseek_pro_b040_P2_r2,A,deepseek_pro,3.514737,1608,3,1608
deepseek_pro_b040_P3_r1,A,deepseek_pro,3.269473,2195,4,2195
deepseek_pro_b040_P3_r2,A,deepseek_pro,3.230602,1993,3,1993
deepseek_pro_b041_P1_r1,A,deepseek_pro,2.975697,2267,4,2267
deepseek_pro_b041_P1_r2,A,deepseek_pro,2.981897,3035,5,3035
deepseek_pro_b041_P2_r1,A,deepseek_pro,3.116532,477,1,477
deepseek_pro_b041_P2_r2,A,deepseek_pro,3.079322,968,1,968
deepseek_pro_b041_P3_r1,A,deepseek_pro,2.913931,2000,3,2000
deepseek_pro_b041_P3_r2,A,deepseek_pro,3.099557,1531,2,1531
deepseek_pro_b042_P1_r1,A,deepseek_pro,3.076739,2838,5,2838
deepseek_pro_b042_P1_r2,A,deepseek_pro,3.089635,2267,4,2267
deepseek_pro_b042_P2_r1,A,deepseek_pro,3.379107,1218,2,1218
deepseek_pro_b042_P2_r2,A,deepseek_pro,3.035223,1029,2,1029
deepseek_pro_b042_P3_r1,A,deepseek_pro,3.108291,1762,3,1762
deepseek_pro_b042_P3_r2,A,deepseek_pro,2.934352,2383,4,2383
deepseek_pro_b043_P1_r1,A,deepseek_pro,2.923279,2518,4,2518
deepseek_pro_b043_P1_r2,A,deepseek_pro,3.062764,3289,6,3289
deepseek_pro_b043_P2_r1,A,deepseek_pro,3.012116,1807,3,1807
deepseek_pro_b043_P2_r2,A,deepseek_pro,3.017341,1674,3,1674
deepseek_pro_b043_P3_r1,A,deepseek_pro,3.387639,2540,4,2540
deepseek_pro_b043_P3_r2,A,deepseek_pro,3.295886,2542,4,2542
deepseek_pro_b044_P1_r1,A,deepseek_pro,3.008225,2151,4,2151
deepseek_pro_b044_P1_r2,A,deepseek_pro,3.178755,2162,4,2162
deepseek_pro_b044_P2_r1,A,deepseek_pro,3.219716,1351,2,1351
deepseek_pro_b044_P2_r2,A,deepseek_pro,3.149733,957,1,957
deepseek_pro_b044_P3_r1,A,deepseek_pro,3.298052,1991,3,1991
deepseek_pro_b044_P3_r2,A,deepseek_pro,3.038527,2125,4,2125
deepseek_pro_b045_P1_r1,A,deepseek_pro,3.258518,3052,5,3052
deepseek_pro_b045_P1_r2,A,deepseek_pro,3.103524,2930,5,2930
deepseek_pro_b045_P2_r1,A,deepseek_pro,3.123770,1211,2,1211
deepseek_pro_b045_P2_r2,A,deepseek_pro,3.077875,1154,2,1154
deepseek_pro_b045_P3_r1,A,deepseek_pro,3.152112,2753,5,2753
deepseek_pro_b045_P3_r2,A,deepseek_pro,3.077212,1992,3,1992
gpt_b001_P1_r1,A,gpt,2.976590,2070,4,2070
gpt_b001_P1_r2,A,gpt,2.751928,2260,4,2260
gpt_b001_P2_r1,A,gpt,3.013022,1607,3,1607
gpt_b001_P2_r2,A,gpt,2.682577,1284,2,1284
gpt_b001_P3_r1,A,gpt,3.261564,1914,3,1914
gpt_b001_P3_r2,A,gpt,2.906777,2263,4,2263
gpt_b002_P1_r1,A,gpt,3.043451,1843,3,1843
gpt_b002_P1_r2,A,gpt,2.950817,2013,3,2013
gpt_b002_P2_r1,A,gpt,3.080635,1165,2,1165
gpt_b002_P2_r2,A,gpt,2.948593,1793,3,1793
gpt_b002_P3_r1,A,gpt,3.218954,1860,3,1860
gpt_b002_P3_r2,A,gpt,2.944294,2612,5,2612
gpt_b003_P1_r1,A,gpt,3.192042,1930,3,1930
gpt_b003_P1_r2,A,gpt,3.081994,1967,3,1967
gpt_b003_P2_r1,A,gpt,3.244526,1361,2,1361
gpt_b003_P2_r2,A,gpt,3.143069,1297,2,1297
gpt_b003_P3_r1,A,gpt,3.347979,1921,3,1921
gpt_b003_P3_r2,A,gpt,3.251506,2310,4,2310
gpt_b004_P1_r1,A,gpt,3.141123,1944,3,1944
gpt_b004_P1_r2,A,gpt,2.835051,2110,4,2110
gpt_b004_P2_r1,A,gpt,3.212435,1362,2,1362
gpt_b004_P2_r2,A,gpt,2.986007,1476,2,1476
gpt_b004_P3_r1,A,gpt,3.241070,1934,3,1934
gpt_b004_P3_r2,A,gpt,3.313172,661,1,661
gpt_b005_P1_r1,A,gpt,3.341782,1870,3,1870
gpt_b005_P1_r2,A,gpt,3.124199,2271,4,2271
gpt_b005_P2_r1,A,gpt,3.318187,1455,2,1455
gpt_b005_P2_r2,A,gpt,3.281884,1619,3,1619
gpt_b005_P3_r1,A,gpt,3.571838,1972,3,1972
gpt_b005_P3_r2,A,gpt,3.562584,2704,5,2704
gpt_b006_P1_r1,A,gpt,3.176062,1881,3,1881
gpt_b006_P1_r2,A,gpt,2.866328,2824,5,2824
gpt_b006_P2_r1,A,gpt,3.145726,1376,2,1376
gpt_b006_P2_r2,A,gpt,3.036987,1324,2,1324
gpt_b006_P3_r1,A,gpt,3.170084,1984,3,1984
gpt_b006_P3_r2,A,gpt,3.183677,2152,4,2152
gpt_b007_P1_r1,A,gpt,3.166086,1797,3,1797
gpt_b007_P1_r2,A,gpt,2.980916,2371,4,2371
gpt_b007_P2_r1,A,gpt,3.166900,1254,2,1254
gpt_b007_P2_r2,A,gpt,2.977572,1358,2,1358
gpt_b007_P3_r1,A,gpt,3.152046,1862,3,1862
gpt_b007_P3_r2,A,gpt,3.078155,1905,3,1905
gpt_b008_P1_r1,A,gpt,2.931482,2372,4,2372
gpt_b008_P1_r2,A,gpt,2.891453,2447,4,2447
gpt_b008_P2_r1,A,gpt,3.045789,1281,2,1281
gpt_b008_P2_r2,A,gpt,3.211441,1069,2,1069
gpt_b008_P3_r1,A,gpt,2.792052,2660,5,2660
gpt_b008_P3_r2,A,gpt,3.101640,2160,4,2160
gpt_b009_P1_r1,A,gpt,3.126327,2670,5,2670
gpt_b009_P1_r2,A,gpt,3.193419,1712,3,1712
gpt_b009_P2_r1,A,gpt,3.117367,1591,3,1591
gpt_b009_P2_r2,A,gpt,3.235333,986,1,986
gpt_b009_P3_r1,A,gpt,3.061675,2942,5,2942
gpt_b009_P3_r2,A,gpt,3.157822,2426,4,2426
gpt_b010_P1_r1,A,gpt,2.951286,2358,4,2358
gpt_b010_P1_r2,A,gpt,2.962684,1735,3,1735
gpt_b010_P2_r1,A,gpt,2.801449,1061,2,1061
gpt_b010_P2_r2,A,gpt,3.032400,1507,2,1507
gpt_b010_P3_r1,A,gpt,3.071096,2398,4,2398
gpt_b010_P3_r2,A,gpt,3.041909,2181,4,2181
gpt_b011_P1_r1,A,gpt,3.057037,2470,4,2470
gpt_b011_P1_r2,A,gpt,3.090706,2126,4,2126
gpt_b011_P2_r1,A,gpt,3.068352,1243,2,1243
gpt_b011_P2_r2,A,gpt,2.946757,1522,2,1522
gpt_b011_P3_r1,A,gpt,3.238530,1734,3,1734
gpt_b011_P3_r2,A,gpt,3.055612,2300,4,2300
gpt_b012_P1_r1,A,gpt,3.122850,3513,6,3513
gpt_b012_P1_r2,A,gpt,3.247954,2987,5,2987
gpt_b012_P2_r1,A,gpt,3.169646,1880,3,1880
gpt_b012_P2_r2,A,gpt,2.999562,1592,3,1592
gpt_b012_P3_r1,A,gpt,3.299628,2844,5,2844
gpt_b012_P3_r2,A,gpt,3.233163,2251,4,2251
gpt_b013_P1_r1,A,gpt,3.119096,2308,4,2308
gpt_b013_P1_r2,A,gpt,3.200490,2657,5,2657
gpt_b013_P2_r1,A,gpt,3.156956,1684,3,1684
gpt_b013_P2_r2,A,gpt,3.179024,1359,2,1359
gpt_b013_P3_r1,A,gpt,3.314692,2933,5,2933
gpt_b013_P3_r2,A,gpt,3.392130,2400,4,2400
gpt_b014_P1_r1,A,gpt,3.106049,2325,4,2325
gpt_b014_P1_r2,A,gpt,2.996607,2292,4,2292
gpt_b014_P2_r1,A,gpt,3.104064,1563,3,1563
gpt_b014_P2_r2,A,gpt,3.092871,1202,2,1202
gpt_b014_P3_r1,A,gpt,3.170738,2284,4,2284
gpt_b014_P3_r2,A,gpt,3.145570,2063,4,2063
gpt_b015_P1_r1,A,gpt,2.838938,2512,4,2512
gpt_b015_P1_r2,A,gpt,2.893932,2661,5,2661
gpt_b015_P2_r1,A,gpt,2.912563,1518,2,1518
gpt_b015_P2_r2,A,gpt,3.030160,1753,3,1753
gpt_b015_P3_r1,A,gpt,2.904805,2945,5,2945
gpt_b015_P3_r2,A,gpt,3.100000,2410,4,2410
gpt_b016_P1_r1,A,gpt,3.175064,2378,4,2378
gpt_b016_P1_r2,A,gpt,3.285921,2264,4,2264
gpt_b016_P2_r1,A,gpt,3.166129,1300,2,1300
gpt_b016_P2_r2,A,gpt,3.184463,1612,3,1612
gpt_b016_P3_r1,A,gpt,3.215723,2134,4,2134
gpt_b016_P3_r2,A,gpt,3.375591,2177,4,2177
gpt_b017_P1_r1,A,gpt,3.131854,2367,4,2367
gpt_b017_P1_r2,A,gpt,3.446121,866,1,866
gpt_b017_P2_r1,A,gpt,3.107236,1729,3,1729
gpt_b017_P2_r2,A,gpt,3.220225,1648,3,1648
gpt_b017_P3_r1,A,gpt,3.417959,2600,5,2600
gpt_b017_P3_r2,A,gpt,3.360181,2597,5,2597
gpt_b018_P1_r1,A,gpt,2.995510,2478,4,2478
gpt_b018_P1_r2,A,gpt,3.221866,2140,4,2140
gpt_b018_P2_r1,A,gpt,2.991281,1710,3,1710
gpt_b018_P2_r2,A,gpt,3.215597,1619,3,1619
gpt_b018_P3_r1,A,gpt,3.186224,1956,3,1956
gpt_b018_P3_r2,A,gpt,3.245946,2119,4,2119
gpt_b019_P1_r1,A,gpt,3.170275,2541,4,2541
gpt_b019_P1_r2,A,gpt,3.228171,2671,5,2671
gpt_b019_P2_r1,A,gpt,3.231830,1632,3,1632
gpt_b019_P2_r2,A,gpt,3.097390,1383,2,1383
gpt_b019_P3_r1,A,gpt,3.295044,2713,5,2713
gpt_b019_P3_r2,A,gpt,3.283672,2457,4,2457
gpt_b020_P1_r1,A,gpt,2.991138,2748,5,2748
gpt_b020_P1_r2,A,gpt,3.044132,2432,4,2432
gpt_b020_P2_r1,A,gpt,3.153205,1525,2,1525
gpt_b020_P2_r2,A,gpt,3.215062,1445,2,1445
gpt_b020_P3_r1,A,gpt,3.162651,2636,5,2636
gpt_b020_P3_r2,A,gpt,3.273925,2430,4,2430
gpt_b021_P1_r1,A,gpt,3.147311,2204,4,2204
gpt_b021_P1_r2,A,gpt,3.266310,2558,4,2558
gpt_b021_P2_r1,A,gpt,3.182079,1270,2,1270
gpt_b021_P2_r2,A,gpt,3.061538,1892,3,1892
gpt_b021_P3_r1,A,gpt,3.449100,1651,3,1651
gpt_b021_P3_r2,A,gpt,3.423261,1952,3,1952
gpt_b022_P1_r1,A,gpt,2.979360,2552,4,2552
gpt_b022_P1_r2,A,gpt,2.966451,2181,4,2181
gpt_b022_P2_r1,A,gpt,2.999092,1909,3,1909
gpt_b022_P2_r2,A,gpt,3.010872,1549,3,1549
gpt_b022_P3_r1,A,gpt,3.095687,2268,4,2268
gpt_b022_P3_r2,A,gpt,3.126641,2119,4,2119
gpt_b023_P1_r1,A,gpt,3.115224,2336,4,2336
gpt_b023_P1_r2,A,gpt,3.096706,2347,4,2347
gpt_b023_P2_r1,A,gpt,3.188765,1506,2,1506
gpt_b023_P2_r2,A,gpt,3.234828,1394,2,1394
gpt_b023_P3_r1,A,gpt,3.302966,2179,4,2179
gpt_b023_P3_r2,A,gpt,3.375052,2138,4,2138
gpt_b024_P1_r1,A,gpt,3.193040,2544,4,2544
gpt_b024_P1_r2,A,gpt,3.075968,1671,3,1671
gpt_b024_P2_r1,A,gpt,3.266802,1490,2,1490
gpt_b024_P2_r2,A,gpt,3.333648,1586,3,1586
gpt_b024_P3_r1,A,gpt,3.446469,2292,4,2292
gpt_b024_P3_r2,A,gpt,3.247592,2252,4,2252
gpt_b025_P1_r1,A,gpt,3.162196,2378,4,2378
gpt_b025_P1_r2,A,gpt,3.074928,2469,4,2469
gpt_b025_P2_r1,A,gpt,3.093989,1578,3,1578
gpt_b025_P2_r2,A,gpt,3.046378,1438,2,1438
gpt_b025_P3_r1,A,gpt,3.185510,2510,4,2510
gpt_b025_P3_r2,A,gpt,3.318024,1574,3,1574
gpt_b026_P1_r1,A,gpt,2.959196,2228,4,2228
gpt_b026_P1_r2,A,gpt,3.097534,1876,3,1876
gpt_b026_P2_r1,A,gpt,3.092457,1365,2,1365
gpt_b026_P2_r2,A,gpt,3.169311,1380,2,1380
gpt_b026_P3_r1,A,gpt,3.251134,2390,4,2390
gpt_b026_P3_r2,A,gpt,3.196655,1807,3,1807
gpt_b027_P1_r1,A,gpt,3.046712,2388,4,2388
gpt_b027_P1_r2,A,gpt,3.085553,2497,4,2497
gpt_b027_P2_r1,A,gpt,2.953423,1333,2,1333
gpt_b027_P2_r2,A,gpt,3.114478,1478,2,1478
gpt_b027_P3_r1,A,gpt,3.165568,2572,5,2572
gpt_b027_P3_r2,A,gpt,3.168994,2751,5,2751
gpt_b028_P1_r1,A,gpt,3.233808,2448,4,2448
gpt_b028_P1_r2,A,gpt,3.198934,2418,4,2418
gpt_b028_P2_r1,A,gpt,3.233938,1339,2,1339
gpt_b028_P2_r2,A,gpt,3.117358,1122,2,1122
gpt_b028_P3_r1,A,gpt,3.397123,2141,4,2141
gpt_b028_P3_r2,A,gpt,3.348394,2031,3,2031
gpt_b029_P1_r1,A,gpt,3.196683,2759,5,2759
gpt_b029_P1_r2,A,gpt,3.168826,2015,3,2015
gpt_b029_P2_r1,A,gpt,3.224064,1492,2,1492
gpt_b029_P2_r2,A,gpt,3.228048,1687,3,1687
gpt_b029_P3_r1,A,gpt,3.478437,1989,3,1989
gpt_b029_P3_r2,A,gpt,3.244953,2385,4,2385
gpt_b030_P1_r1,A,gpt,3.058899,2765,5,2765
gpt_b030_P1_r2,A,gpt,3.111107,2188,4,2188
gpt_b030_P2_r1,A,gpt,3.174370,1626,3,1626
gpt_b030_P2_r2,A,gpt,3.082613,1686,3,1686
gpt_b030_P3_r1,A,gpt,3.206539,1660,3,1660
gpt_b030_P3_r2,A,gpt,3.281578,1539,3,1539
gpt_b031_P1_r1,A,gpt,2.903248,2211,4,2211
gpt_b031_P1_r2,A,gpt,2.879350,1878,3,1878
gpt_b031_P2_r1,A,gpt,2.946316,1420,2,1420
gpt_b031_P2_r2,A,gpt,2.873334,1572,3,1572
gpt_b031_P3_r1,A,gpt,2.927431,2242,4,2242
gpt_b031_P3_r2,A,gpt,3.034255,2393,4,2393
gpt_b032_P1_r1,A,gpt,3.020045,2367,4,2367
gpt_b032_P1_r2,A,gpt,3.129575,1833,3,1833
gpt_b032_P2_r1,A,gpt,3.042322,1159,2,1159
gpt_b032_P2_r2,A,gpt,2.980149,1218,2,1218
gpt_b032_P3_r1,A,gpt,3.081209,2093,4,2093
gpt_b032_P3_r2,A,gpt,3.139510,2442,4,2442
gpt_b033_P1_r1,A,gpt,3.133040,2057,4,2057
gpt_b033_P1_r2,A,gpt,3.040470,2279,4,2279
gpt_b033_P2_r1,A,gpt,3.091454,1740,3,1740
gpt_b033_P2_r2,A,gpt,3.106760,1595,3,1595
gpt_b033_P3_r1,A,gpt,3.271781,2635,5,2635
gpt_b033_P3_r2,A,gpt,3.263623,1830,3,1830
gpt_b034_P1_r1,A,gpt,2.958167,2075,4,2075
gpt_b034_P1_r2,A,gpt,2.906431,1767,3,1767
gpt_b034_P2_r1,A,gpt,2.982707,1505,2,1505
gpt_b034_P2_r2,A,gpt,3.053960,1172,2,1172
gpt_b034_P3_r1,A,gpt,3.059114,2088,4,2088
gpt_b034_P3_r2,A,gpt,3.017526,1912,3,1912
gpt_b035_P1_r1,A,gpt,2.803285,2563,5,2563
gpt_b035_P1_r2,A,gpt,3.051386,2821,5,2821
gpt_b035_P2_r1,A,gpt,3.003066,1427,2,1427
gpt_b035_P2_r2,A,gpt,3.006841,1254,2,1254
gpt_b035_P3_r1,A,gpt,2.963381,2365,4,2365
gpt_b035_P3_r2,A,gpt,3.025198,1870,3,1870
gpt_b036_P1_r1,A,gpt,2.969298,2086,4,2086
gpt_b036_P1_r2,A,gpt,2.920704,2147,4,2147
gpt_b036_P2_r1,A,gpt,2.976030,1338,2,1338
gpt_b036_P2_r2,A,gpt,3.041116,1372,2,1372
gpt_b036_P3_r1,A,gpt,3.089898,1906,3,1906
gpt_b036_P3_r2,A,gpt,3.132105,1894,3,1894
gpt_b037_P1_r1,A,gpt,3.143448,1333,2,1333
gpt_b037_P1_r2,A,gpt,2.931653,1911,3,1911
gpt_b037_P2_r1,A,gpt,3.076715,1166,2,1166
gpt_b037_P2_r2,A,gpt,3.079660,1015,1,1015
gpt_b037_P3_r1,A,gpt,3.094808,2590,5,2590
gpt_b037_P3_r2,A,gpt,3.202669,1471,2,1471
gpt_b038_P1_r1,A,gpt,3.036440,2095,4,2095
gpt_b038_P1_r2,A,gpt,3.124115,2197,4,2197
gpt_b038_P2_r1,A,gpt,3.098954,1409,2,1409
gpt_b038_P2_r2,A,gpt,3.036033,1359,2,1359
gpt_b038_P3_r1,A,gpt,3.268308,1723,3,1723
gpt_b038_P3_r2,A,gpt,3.308006,1664,3,1664
gpt_b039_P1_r1,A,gpt,2.870084,2331,4,2331
gpt_b039_P1_r2,A,gpt,3.057266,2103,4,2103
gpt_b039_P2_r1,A,gpt,3.041855,1190,2,1190
gpt_b039_P2_r2,A,gpt,2.991080,1319,2,1319
gpt_b039_P3_r1,A,gpt,3.166139,1759,3,1759
gpt_b039_P3_r2,A,gpt,3.030934,2280,4,2280
gpt_b040_P1_r1,A,gpt,3.243164,1941,3,1941
gpt_b040_P1_r2,A,gpt,3.149033,2130,4,2130
gpt_b040_P2_r1,A,gpt,3.096807,1661,3,1661
gpt_b040_P2_r2,A,gpt,3.255321,1281,2,1281
gpt_b040_P3_r1,A,gpt,3.297087,1393,2,1393
gpt_b040_P3_r2,A,gpt,3.432747,2075,4,2075
gpt_b041_P1_r1,A,gpt,3.085422,1894,3,1894
gpt_b041_P1_r2,A,gpt,2.950774,1819,3,1819
gpt_b041_P2_r1,A,gpt,3.013689,1147,2,1147
gpt_b041_P2_r2,A,gpt,2.973977,1129,2,1129
gpt_b041_P3_r1,A,gpt,3.116534,1852,3,1852
gpt_b041_P3_r2,A,gpt,3.241154,1899,3,1899
gpt_b042_P1_r1,A,gpt,3.024574,2049,4,2049
gpt_b042_P1_r2,A,gpt,2.895182,2311,4,2311
gpt_b042_P2_r1,A,gpt,2.878503,990,1,990
gpt_b042_P2_r2,A,gpt,2.899198,1025,2,1025
gpt_b042_P3_r1,A,gpt,3.057127,2035,3,2035
gpt_b042_P3_r2,A,gpt,2.918255,2239,4,2239
gpt_b043_P1_r1,A,gpt,3.072866,1337,2,1337
gpt_b043_P1_r2,A,gpt,2.974596,1177,2,1177
gpt_b043_P2_r1,A,gpt,2.958093,1499,2,1499
gpt_b043_P2_r2,A,gpt,3.073953,1688,3,1688
gpt_b043_P3_r1,A,gpt,3.140227,2550,4,2550
gpt_b043_P3_r2,A,gpt,3.106393,1757,3,1757
gpt_b044_P1_r1,A,gpt,3.041084,2061,4,2061
gpt_b044_P1_r2,A,gpt,2.931448,1689,3,1689
gpt_b044_P2_r1,A,gpt,2.921951,1422,2,1422
gpt_b044_P2_r2,A,gpt,2.996244,1178,2,1178
gpt_b044_P3_r1,A,gpt,3.126871,1778,3,1778
gpt_b044_P3_r2,A,gpt,2.937397,1461,2,1461
gpt_b045_P1_r1,A,gpt,3.047384,2355,4,2355
gpt_b045_P1_r2,A,gpt,3.101481,1413,2,1413
gpt_b045_P2_r1,A,gpt,3.073565,1233,2,1233
gpt_b045_P2_r2,A,gpt,3.085387,1448,2,1448
gpt_b045_P3_r1,A,gpt,3.293206,1921,3,1921
gpt_b045_P3_r2,A,gpt,3.319372,2063,4,2063
human_hard_rusltc_0001,H,,3.121580,1067,2,1067
human_hard_rusltc_0002,H,,2.809068,1350,2,1350
human_hard_rusltc_0003,H,,3.290485,2403,4,2403
human_hard_rusltc_0004,H,,2.515797,1815,3,1815
human_hard_rusltc_0005,H,,2.445861,4215,8,4215
human_hard_rusltc_0006,H,,3.068212,2063,4,2063
human_hard_rusltc_0007,H,,2.418716,6694,13,6694
human_hard_rusltc_0008,H,,2.536272,5209,10,5209
human_hard_rusltc_0009,H,,3.091295,1046,2,1046
human_hard_rusltc_0010,H,,2.665045,1066,2,1066
human_hard_rusltc_0011,H,,2.804154,1724,3,1724
human_hard_rusltc_0012,H,,2.895471,1484,2,1484
human_hard_rusltc_0013,H,,2.980447,1812,3,1812
human_hard_rusltc_0014,H,,2.800352,1062,2,1062
human_hard_rusltc_0015,H,,2.903875,1299,2,1299
human_hard_rusltc_0016,H,,2.620388,4663,9,4663
human_hard_rusltc_0017,H,,3.105289,3131,6,3131
human_hard_rusltc_0018,H,,2.615295,1141,2,1141
human_hard_rusltc_0019,H,,2.876642,1542,3,1542
human_hard_rusltc_0020,H,,2.834320,1239,2,1239
human_hard_rusltc_0021,H,,3.429800,1018,1,1018
human_hard_rusltc_0022,H,,2.875696,1148,2,1148
human_hard_rusltc_0023,H,,2.937009,1193,2,1193
human_hard_rusltc_0024,H,,2.762650,1217,2,1217
human_hard_rusltc_0025,H,,3.000935,4845,9,4845
human_hard_rusltc_0026,H,,3.119652,1507,2,1507
human_hard_rusltc_0027,H,,3.036732,1777,3,1777
human_hard_rusltc_0028,H,,3.426072,1307,2,1307
human_hard_rusltc_0029,H,,2.494048,1669,3,1669
human_hard_rusltc_0030,H,,2.685680,1572,3,1572
human_hard_rusltc_0031,H,,3.163295,1272,2,1272
human_hard_rusltc_0032,H,,3.087219,1153,2,1153
human_hard_rusltc_0033,H,,3.341937,1157,2,1157
human_hard_rusltc_0034,H,,3.466088,1075,2,1075
human_hard_rusltc_0035,H,,3.284072,1061,2,1061
human_hard_rusltc_0036,H,,2.614345,1199,2,1199
human_hard_rusltc_0037,H,,3.318240,1071,2,1071
human_hard_rusltc_0038,H,,2.820106,1015,1,1015
human_hard_rusltc_0039,H,,3.184191,1123,2,1123
human_hard_rusltc_0040,H,,3.517905,1166,2,1166
human_hard_rusltc_0041,H,,3.220102,1077,2,1077
human_hard_rusltc_0042,H,,2.334212,1185,2,1185
human_hard_rusltc_0043,H,,3.067891,1122,2,1122
human_hard_rusltc_0044,H,,2.987290,1149,2,1149
human_hard_rusltc_0045,H,,2.780677,1322,2,1322
human_hard_rusltc_0046,H,,2.851345,1067,2,1067
human_hard_rusltc_0047,H,,3.068652,1255,2,1255
human_hard_rusltc_0048,H,,3.402358,1098,2,1098
human_hard_rusltc_0049,H,,2.662249,2440,4,2440
human_hard_rusltc_0050,H,,3.081037,2198,4,2198
human_hard_rusltc_0051,H,,3.167077,2563,5,2563
human_hard_rusltc_0052,H,,2.529876,5407,10,5407
human_hard_rusltc_0053,H,,2.776060,3052,5,3052
human_hard_rusltc_0054,H,,2.712274,2528,4,2528
human_hard_rusltc_0055,H,,2.648841,1106,2,1106
human_hard_rusltc_0056,H,,2.724404,901,1,901
human_hard_rusltc_0057,H,,2.671161,1452,2,1452
human_hard_rusltc_0058,H,,2.917803,1187,2,1187
human_hard_rusltc_0059,H,,2.752043,1327,2,1327
human_hard_rusltc_0060,H,,3.074755,1198,2,1198
human_hard_rusltc_0061,H,,3.156839,1382,2,1382
human_hard_rusltc_0062,H,,3.106924,1305,2,1305
human_hard_rusltc_0063,H,,3.104980,2840,5,2840
human_hard_rusltc_0064,H,,3.137831,1447,2,1447
human_hard_rusltc_0065,H,,2.609191,1310,2,1310
human_hard_rusltc_0066,H,,2.559724,4340,8,4340
human_hard_rusltc_0067,H,,2.835115,1874,3,1874
human_hard_rusltc_0068,H,,2.655230,1404,2,1404
human_hard_rusltc_0069,H,,2.737625,1629,3,1629
human_hard_rusltc_0070,H,,2.358481,1165,2,1165
human_hard_rusltc_0071,H,,2.474901,1102,2,1102
human_hard_rusltc_0072,H,,3.300100,1069,2,1069
human_hard_rusltc_0073,H,,3.063622,2242,4,2242
human_news_buriy_2014_0001,H,,2.579293,1895,3,1895
human_news_buriy_2014_0002,H,,2.835142,1028,2,1028
human_news_buriy_2014_0003,H,,3.051190,1250,2,1250
human_news_buriy_2014_0004,H,,2.918107,1115,2,1115
human_news_buriy_2014_0005,H,,2.902974,1119,2,1119
human_news_buriy_2014_0006,H,,3.159267,2500,4,2500
human_news_buriy_2014_0007,H,,3.063487,6246,12,6246
human_news_buriy_2014_0008,H,,2.391858,1369,2,1369
human_news_buriy_2014_0009,H,,2.803550,1535,2,1535
human_news_buriy_2014_0010,H,,1.901773,1178,2,1178
human_news_buriy_2014_0011,H,,2.581402,1969,3,1969
human_news_buriy_2014_0012,H,,2.511353,1146,2,1146
human_news_buriy_2014_0013,H,,3.244122,1716,3,1716
human_news_buriy_2014_0014,H,,3.147321,1841,3,1841
human_news_buriy_2014_0015,H,,2.117927,1267,2,1267
human_news_buriy_2014_0016,H,,2.420859,1849,3,1849
human_news_buriy_2014_0017,H,,2.307102,1911,3,1911
human_news_buriy_2014_0018,H,,2.599545,3517,6,3517
human_news_buriy_2014_0019,H,,2.279840,1439,2,1439
human_news_buriy_2014_0020,H,,2.913632,1098,2,1098
human_news_buriy_2014_0021,H,,2.630051,1571,3,1571
human_news_buriy_2014_0022,H,,2.879139,1888,3,1888
human_news_buriy_2014_0023,H,,2.604921,1231,2,1231
human_news_buriy_2014_0024,H,,2.369782,2550,4,2550
human_news_buriy_2014_0025,H,,3.112199,2181,4,2181
human_news_buriy_2014_0026,H,,2.584801,2998,5,2998
human_news_buriy_2014_0027,H,,2.947762,1169,2,1169
human_news_buriy_2014_0028,H,,2.929116,1191,2,1191
human_news_buriy_2014_0029,H,,2.556957,1068,2,1068
human_news_buriy_2014_0030,H,,3.340316,1378,2,1378
human_news_buriy_2014_0031,H,,2.927749,2897,5,2897
human_news_buriy_2014_0032,H,,2.707755,5436,10,5436
human_news_buriy_2014_0033,H,,2.933582,2840,5,2840
human_news_buriy_2014_0034,H,,2.498666,1800,3,1800
human_news_buriy_2014_0035,H,,2.510226,1281,2,1281
human_news_buriy_2014_0036,H,,3.254327,2002,3,2002
human_news_buriy_2014_0037,H,,3.187598,1152,2,1152
human_news_buriy_2014_0038,H,,2.771477,1983,3,1983
human_news_buriy_2014_0039,H,,2.936899,1683,3,1683
human_news_buriy_2014_0040,H,,2.267317,1838,3,1838
human_news_buriy_2014_0041,H,,2.965220,1212,2,1212
human_news_buriy_2014_0042,H,,2.406598,1760,3,1760
human_news_buriy_2014_0043,H,,2.815664,2504,4,2504
human_news_buriy_2014_0044,H,,2.668433,1403,2,1403
human_news_buriy_2014_0045,H,,1.708572,1674,3,1674
human_news_buriy_2014_0046,H,,3.014117,1218,2,1218
human_news_buriy_2014_0047,H,,2.731156,1787,3,1787
human_news_buriy_2014_0048,H,,2.532682,1011,1,1011
human_news_buriy_2014_0049,H,,2.266496,1273,2,1273
human_news_buriy_2014_0050,H,,2.425030,2561,5,2561
human_news_buriy_2014_0051,H,,2.414981,1423,2,1423
human_news_buriy_2014_0052,H,,2.897731,1360,2,1360
human_news_buriy_2014_0053,H,,2.711961,1518,2,1518
human_news_buriy_2014_0054,H,,2.794340,1366,2,1366
human_news_buriy_2014_0055,H,,2.438596,1888,3,1888
human_news_buriy_2014_0056,H,,3.067935,2248,4,2248
human_news_buriy_2014_0057,H,,2.313100,1556,3,1556
human_news_buriy_2014_0058,H,,2.688542,1761,3,1761
human_news_buriy_2014_0059,H,,2.483005,1075,2,1075
human_news_buriy_2014_0060,H,,2.502132,1139,2,1139
human_news_gazeta_0001,H,,2.912401,1477,2,1477
human_news_gazeta_0002,H,,2.800403,1162,2,1162
human_news_gazeta_0003,H,,2.846208,1075,2,1075
human_news_gazeta_0004,H,,2.706664,997,1,997
human_news_gazeta_0005,H,,2.834831,1107,2,1107
human_news_gazeta_0006,H,,2.636412,1876,3,1876
human_news_gazeta_0007,H,,2.779471,1068,2,1068
human_news_gazeta_0008,H,,2.549425,1322,2,1322
human_news_gazeta_0009,H,,2.691819,1076,2,1076
human_news_gazeta_0010,H,,2.729703,1478,2,1478
human_news_gazeta_0011,H,,2.742304,1023,1,1023
human_news_gazeta_0012,H,,2.686400,1484,2,1484
human_news_gazeta_0013,H,,2.604805,1483,2,1483
human_news_gazeta_0014,H,,2.317513,1226,2,1226
human_news_gazeta_0015,H,,2.640584,1316,2,1316
human_news_gazeta_0016,H,,2.635899,1643,3,1643
human_news_gazeta_0017,H,,2.692044,1087,2,1087
human_news_gazeta_0018,H,,2.998963,1709,3,1709
human_news_gazeta_0019,H,,2.747998,1612,3,1612
human_news_gazeta_0020,H,,2.441546,1069,2,1069
human_news_gazeta_0021,H,,2.820395,1050,2,1050
human_news_gazeta_0022,H,,2.609742,1258,2,1258
human_news_gazeta_0023,H,,2.551636,1331,2,1331
human_news_gazeta_0024,H,,2.456817,1277,2,1277
human_news_gazeta_0025,H,,2.483519,1266,2,1266
human_news_gazeta_0026,H,,2.862489,1073,2,1073
human_news_gazeta_0027,H,,2.724890,1179,2,1179
human_news_gazeta_0028,H,,2.682133,1039,2,1039
human_news_gazeta_0029,H,,2.678709,1543,3,1543
human_news_gazeta_0030,H,,2.615148,1168,2,1168
human_news_gazeta_0031,H,,2.431371,1327,2,1327
human_news_gazeta_0032,H,,2.771900,1079,2,1079
human_news_gazeta_0033,H,,2.700112,1357,2,1357
human_news_gazeta_0034,H,,2.966074,1328,2,1328
human_news_gazeta_0035,H,,2.596753,1301,2,1301
human_news_gazeta_0036,H,,2.548752,1092,2,1092
human_news_gazeta_0037,H,,2.617401,1085,2,1085
human_news_gazeta_0038,H,,2.726570,1218,2,1218
human_news_gazeta_0039,H,,2.880085,1670,3,1670
human_news_gazeta_0040,H,,2.576308,1217,2,1217
human_news_gazeta_0041,H,,2.489635,1517,2,1517
human_news_gazeta_0042,H,,2.795074,1671,3,1671
human_news_gazeta_0043,H,,2.672677,1252,2,1252
human_news_gazeta_0044,H,,2.511040,1028,2,1028
human_news_gazeta_0045,H,,2.625773,1477,2,1477
human_news_gazeta_0046,H,,2.676906,1468,2,1468
human_news_gazeta_0047,H,,2.851704,1105,2,1105
human_news_gazeta_0048,H,,2.770034,1009,1,1009
human_news_gazeta_0049,H,,2.754994,1112,2,1112
human_news_gazeta_0050,H,,2.705141,1461,2,1461
human_news_gazeta_0051,H,,2.718174,1247,2,1247
human_news_gazeta_0052,H,,2.813851,1486,2,1486
human_news_gazeta_0053,H,,2.592086,1069,2,1069
human_news_gazeta_0054,H,,2.670014,1430,2,1430
human_news_gazeta_0055,H,,2.786279,1667,3,1667
human_news_gazeta_0056,H,,2.275564,1103,2,1103
human_news_gazeta_0057,H,,2.903326,1539,3,1539
human_news_gazeta_0058,H,,2.649459,1223,2,1223
human_news_gazeta_0059,H,,2.761346,1041,2,1041
human_news_gazeta_0060,H,,2.768181,1412,2,1412
human_news_lenta_0001,H,,2.672448,1060,2,1060
human_news_lenta_0002,H,,2.688239,1196,2,1196
human_news_lenta_0003,H,,0.460714,2845,5,2845
human_news_lenta_0004,H,,2.633937,1212,2,1212
human_news_lenta_0005,H,,0.704888,1106,2,1106
human_news_lenta_0006,H,,0.795293,1312,2,1312
human_news_lenta_0007,H,,2.140626,2062,4,2062
human_news_lenta_0008,H,,0.696055,1437,2,1437
human_news_lenta_0009,H,,1.741258,1543,3,1543
human_news_lenta_0010,H,,1.788289,2153,4,2153
human_news_lenta_0011,H,,0.816048,1221,2,1221
human_news_lenta_0012,H,,2.564941,1213,2,1213
human_news_lenta_0013,H,,2.434945,1158,2,1158
human_news_lenta_0014,H,,3.158195,1180,2,1180
human_news_lenta_0015,H,,2.631880,1154,2,1154
human_news_lenta_0016,H,,2.354553,1673,3,1673
human_news_lenta_0017,H,,2.139654,2218,4,2218
human_news_lenta_0018,H,,2.284253,1282,2,1282
human_news_lenta_0019,H,,0.885536,1040,2,1040
human_news_lenta_0020,H,,0.854622,1535,2,1535
human_news_lenta_0021,H,,2.966679,1242,2,1242
human_news_lenta_0022,H,,2.987514,1569,3,1569
human_news_lenta_0023,H,,2.503817,1067,2,1067
human_news_lenta_0024,H,,2.574266,1079,2,1079
human_news_lenta_0025,H,,0.669323,1172,2,1172
human_news_lenta_0026,H,,0.825379,1183,2,1183
human_news_lenta_0027,H,,2.494515,1058,2,1058
human_news_lenta_0028,H,,0.717543,1409,2,1409
human_news_lenta_0029,H,,2.700827,1237,2,1237
human_news_lenta_0030,H,,0.716297,1138,2,1138
human_news_lenta_0031,H,,0.621178,1552,3,1552
human_news_lenta_0032,H,,0.663297,1346,2,1346
human_news_lenta_0033,H,,0.686685,1113,2,1113
human_news_lenta_0034,H,,2.510652,1181,2,1181
human_news_lenta_0035,H,,0.625176,1529,2,1529
human_news_lenta_0036,H,,2.790809,1129,2,1129
human_news_lenta_0037,H,,0.622264,1583,3,1583
human_news_lenta_0038,H,,0.660692,1326,2,1326
human_news_lenta_0039,H,,1.506425,1828,3,1828
human_news_lenta_0040,H,,2.581959,1472,2,1472
human_news_lenta_0041,H,,2.413180,1055,2,1055
human_news_lenta_0042,H,,2.196051,1378,2,1378
human_news_lenta_0043,H,,0.742000,1061,2,1061
human_news_lenta_0044,H,,2.211246,1129,2,1129
human_news_lenta_0045,H,,2.841738,1432,2,1432
human_news_lenta_0046,H,,2.287797,1400,2,1400
human_news_lenta_0047,H,,0.596630,1776,3,1776
human_news_lenta_0048,H,,0.449976,2058,4,2058
human_news_lenta_0049,H,,3.264020,1004,1,1004
human_news_lenta_0050,H,,0.682057,1402,2,1402
human_news_lenta_0051,H,,2.242930,1175,2,1175
human_news_lenta_0052,H,,0.626892,1537,3,1537
human_news_lenta_0053,H,,3.068898,4893,9,4893
human_news_lenta_0054,H,,0.558784,1863,3,1863
human_news_lenta_0055,H,,2.450606,1309,2,1309
human_news_lenta_0056,H,,0.591270,1215,2,1215
human_news_lenta_0057,H,,0.614070,1691,3,1691
human_news_lenta_0058,H,,0.675676,1410,2,1410
human_news_lenta_0059,H,,0.582778,1578,3,1578
human_news_lenta_0060,H,,0.633645,1365,2,1365
human_prose_taiga_arzamas_0001,H,,2.941341,4019,7,4019
human_prose_taiga_arzamas_0002,H,,2.774495,2512,4,2512
human_prose_taiga_arzamas_0003,H,,3.159930,2315,4,2315
human_prose_taiga_arzamas_0004,H,,3.113885,2452,4,2452
human_prose_taiga_arzamas_0005,H,,2.952147,2013,3,2013
human_prose_taiga_arzamas_0006,H,,3.219266,1717,3,1717
human_prose_taiga_arzamas_0007,H,,2.838948,3197,6,3197
human_prose_taiga_arzamas_0008,H,,3.053567,3132,6,3132
human_prose_taiga_arzamas_0009,H,,3.072438,3961,7,3961
human_prose_taiga_arzamas_0010,H,,2.678689,2809,5,2809
human_prose_taiga_arzamas_0011,H,,3.106856,1719,3,1719
human_prose_taiga_arzamas_0012,H,,3.184446,5919,11,5919
human_prose_taiga_arzamas_0013,H,,3.215522,1808,3,1808
human_prose_taiga_arzamas_0014,H,,2.767164,2927,5,2927
human_prose_taiga_arzamas_0015,H,,2.460974,4412,8,4412
human_prose_taiga_arzamas_0016,H,,2.725683,3002,5,3002
human_prose_taiga_arzamas_0017,H,,3.001395,2331,4,2331
human_prose_taiga_arzamas_0018,H,,3.040165,1584,3,1584
human_prose_taiga_arzamas_0019,H,,2.932632,2230,4,2230
human_prose_taiga_arzamas_0020,H,,3.042351,6938,13,6938
human_prose_taiga_arzamas_0021,H,,2.515388,2375,4,2375
human_prose_taiga_arzamas_0022,H,,3.312215,1401,2,1401
human_prose_taiga_arzamas_0023,H,,3.146675,1816,3,1816
human_prose_taiga_arzamas_0024,H,,2.946183,2443,4,2443
human_prose_taiga_arzamas_0025,H,,2.966209,3666,7,3666
human_prose_taiga_arzamas_0026,H,,3.166129,4574,8,4574
human_prose_taiga_arzamas_0027,H,,2.998308,2721,5,2721
human_prose_taiga_arzamas_0028,H,,3.193940,3444,6,3444
human_prose_taiga_arzamas_0029,H,,3.153871,3640,7,3640
human_prose_taiga_arzamas_0030,H,,3.004753,1548,3,1548
human_prose_taiga_arzamas_0031,H,,2.918608,3919,7,3919
human_prose_taiga_arzamas_0032,H,,3.056852,3980,7,3980
human_prose_taiga_arzamas_0033,H,,2.487023,2895,5,2895
human_prose_taiga_arzamas_0034,H,,2.869052,3103,6,3103
human_prose_taiga_arzamas_0035,H,,3.144038,2945,5,2945
human_prose_taiga_arzamas_0036,H,,2.868600,2342,4,2342
human_prose_taiga_arzamas_0037,H,,2.709235,5775,11,5775
human_prose_taiga_arzamas_0038,H,,2.709553,2812,5,2812
human_prose_taiga_arzamas_0039,H,,3.216836,2936,5,2936
human_prose_taiga_arzamas_0040,H,,3.094182,3085,6,3085
human_prose_taiga_arzamas_0041,H,,3.104953,1583,3,1583
human_prose_taiga_arzamas_0042,H,,3.326736,1336,2,1336
human_prose_taiga_arzamas_0043,H,,2.894934,4897,9,4897
human_prose_taiga_arzamas_0044,H,,2.889298,2182,4,2182
human_prose_taiga_arzamas_0045,H,,2.866373,2303,4,2303
human_prose_taiga_arzamas_0046,H,,2.984165,1306,2,1306
human_prose_taiga_arzamas_0047,H,,3.174006,1230,2,1230
human_prose_taiga_arzamas_0048,H,,2.616320,1497,2,1497
human_prose_taiga_arzamas_0049,H,,3.473044,2811,5,2811
human_prose_taiga_arzamas_0050,H,,2.864683,2356,4,2356
human_prose_taiga_arzamas_0051,H,,2.834851,2413,4,2413
human_prose_taiga_arzamas_0052,H,,3.184352,1308,2,1308
human_prose_taiga_arzamas_0053,H,,3.216069,3352,6,3352
human_prose_taiga_arzamas_0054,H,,2.989856,1596,3,1596
human_prose_taiga_arzamas_0055,H,,2.774971,2654,5,2654
human_prose_taiga_arzamas_0056,H,,2.875091,2845,5,2845
human_prose_taiga_arzamas_0057,H,,3.077740,1879,3,1879
human_prose_taiga_arzamas_0058,H,,2.882549,1747,3,1747
human_prose_taiga_arzamas_0059,H,,3.175007,3830,7,3830
human_prose_taiga_arzamas_0060,H,,2.746692,5805,11,5805
human_prose_taiga_magazines_0001,H,,2.929884,2801,5,2801
human_prose_taiga_magazines_0002,H,,4.231084,1956,3,1956
human_prose_taiga_magazines_0003,H,,2.666676,6606,12,6606
human_prose_taiga_magazines_0004,H,,2.997024,5363,10,5363
human_prose_taiga_magazines_0005,H,,2.480897,1863,3,1863
human_prose_taiga_magazines_0006,H,,3.370695,1481,2,1481
human_prose_taiga_magazines_0007,H,,4.114146,1610,3,1610
human_prose_taiga_magazines_0008,H,,3.193229,6743,13,6743
human_prose_taiga_magazines_0009,H,,3.932262,1307,2,1307
human_prose_taiga_magazines_0010,H,,3.095885,2448,4,2448
human_prose_taiga_magazines_0011,H,,3.277974,4944,9,4944
human_prose_taiga_magazines_0012,H,,3.273564,7284,14,7284
human_prose_taiga_magazines_0013,H,,3.294571,1545,3,1545
human_prose_taiga_magazines_0014,H,,3.332218,2366,4,2366
human_prose_taiga_magazines_0015,H,,2.713404,1701,3,1701
human_prose_taiga_magazines_0016,H,,2.962789,7206,14,7206
human_prose_taiga_magazines_0017,H,,3.346402,8355,16,8355
human_prose_taiga_magazines_0018,H,,3.708793,2482,4,2482
human_prose_taiga_magazines_0019,H,,3.346158,2929,5,2929
human_prose_taiga_magazines_0020,H,,3.181586,2173,4,2173
human_prose_taiga_magazines_0021,H,,3.239728,2414,4,2414
human_prose_taiga_magazines_0022,H,,2.579959,2721,5,2721
human_prose_taiga_magazines_0023,H,,3.395256,6524,12,6524
human_prose_taiga_magazines_0024,H,,3.410209,3259,6,3259
human_prose_taiga_magazines_0025,H,,3.061640,5463,10,5463
human_prose_taiga_magazines_0026,H,,3.077302,6640,12,6640
human_prose_taiga_magazines_0027,H,,2.203019,7356,14,7356
human_prose_taiga_magazines_0028,H,,2.944271,2284,4,2284
human_prose_taiga_magazines_0029,H,,3.232862,1153,2,1153
human_prose_taiga_magazines_0030,H,,3.073462,6054,11,6054
human_prose_taiga_magazines_0031,H,,2.934674,4923,9,4923
human_prose_taiga_magazines_0032,H,,3.126770,6433,12,6433
human_prose_taiga_magazines_0033,H,,3.893365,5512,10,5512
human_prose_taiga_magazines_0034,H,,3.151912,4683,9,4683
human_prose_taiga_magazines_0035,H,,3.540267,7371,14,7371
human_prose_taiga_magazines_0036,H,,2.983245,5556,10,5556
human_prose_taiga_magazines_0037,H,,3.553774,2448,4,2448
human_prose_taiga_magazines_0038,H,,3.176431,5467,10,5467
human_prose_taiga_magazines_0039,H,,2.848175,3105,6,3105
human_prose_taiga_magazines_0040,H,,3.493349,6397,12,6397
human_prose_taiga_magazines_0041,H,,3.351618,2997,5,2997
human_prose_taiga_magazines_0042,H,,3.783985,3250,6,3250
human_prose_taiga_magazines_0043,H,,4.320837,1887,3,1887
human_prose_taiga_magazines_0044,H,,2.981850,5144,10,5144
human_prose_taiga_magazines_0045,H,,2.797684,1805,3,1805
human_prose_taiga_magazines_0046,H,,3.365377,8288,16,8288
human_prose_taiga_magazines_0047,H,,3.411673,3449,6,3449
human_prose_taiga_magazines_0048,H,,3.268327,6155,12,6155
human_prose_taiga_magazines_0049,H,,3.728010,2316,4,2316
human_prose_taiga_magazines_0050,H,,2.053984,4525,8,4525
human_prose_taiga_magazines_0051,H,,2.911987,6342,12,6342
human_prose_taiga_magazines_0052,H,,2.866467,8111,15,8111
human_prose_taiga_magazines_0053,H,,3.980711,1337,2,1337
human_prose_taiga_magazines_0054,H,,3.067568,3407,6,3407
human_prose_taiga_magazines_0055,H,,3.039072,4176,8,4176
human_prose_taiga_magazines_0056,H,,4.125286,1769,3,1769
human_prose_taiga_magazines_0057,H,,4.123838,1355,2,1355
human_prose_taiga_magazines_0058,H,,3.494289,4496,8,4496
human_prose_taiga_magazines_0059,H,,4.256787,2060,4,2060
human_prose_taiga_magazines_0060,H,,3.127458,4839,9,4839
human_prose_taiga_proza_0001,H,,3.225970,6464,12,6464
human_prose_taiga_proza_0002,H,,3.008446,1611,3,1611
human_prose_taiga_proza_0003,H,,2.696791,1583,3,1583
human_prose_taiga_proza_0004,H,,3.361364,2901,5,2901
human_prose_taiga_proza_0005,H,,3.134122,1841,3,1841
human_prose_taiga_proza_0006,H,,3.160421,1303,2,1303
human_prose_taiga_proza_0007,H,,3.353692,1335,2,1335
human_prose_taiga_proza_0008,H,,3.342817,3059,5,3059
human_prose_taiga_proza_0009,H,,3.009475,5160,10,5160
human_prose_taiga_proza_0010,H,,2.659345,4578,8,4578
human_prose_taiga_proza_0011,H,,3.478497,2986,5,2986
human_prose_taiga_proza_0012,H,,3.149977,1443,2,1443
human_prose_taiga_proza_0013,H,,2.898756,3641,7,3641
human_prose_taiga_proza_0014,H,,3.383608,1261,2,1261
human_prose_taiga_proza_0015,H,,2.533448,2013,3,2013
human_prose_taiga_proza_0016,H,,2.971874,1339,2,1339
human_prose_taiga_proza_0017,H,,3.392031,1206,2,1206
human_prose_taiga_proza_0018,H,,3.669811,1928,3,1928
human_prose_taiga_proza_0019,H,,2.609139,1724,3,1724
human_prose_taiga_proza_0020,H,,2.924994,1522,2,1522
human_prose_taiga_proza_0021,H,,3.036765,1375,2,1375
human_prose_taiga_proza_0022,H,,3.174467,5221,10,5221
human_prose_taiga_proza_0023,H,,3.058145,7387,14,7387
human_prose_taiga_proza_0024,H,,2.785271,1223,2,1223
human_prose_taiga_proza_0025,H,,3.072554,1270,2,1270
human_prose_taiga_proza_0026,H,,2.458342,1684,3,1684
human_prose_taiga_proza_0027,H,,3.322010,6060,11,6060
human_prose_taiga_proza_0028,H,,3.085618,1272,2,1272
human_prose_taiga_proza_0029,H,,2.963230,3993,7,3993
human_prose_taiga_proza_0030,H,,2.963088,3286,6,3286
human_prose_taiga_proza_0031,H,,2.192745,3049,5,3049
human_prose_taiga_proza_0032,H,,2.935448,1230,2,1230
human_prose_taiga_proza_0033,H,,3.204529,3055,5,3055
human_prose_taiga_proza_0034,H,,2.506692,1172,2,1172
human_prose_taiga_proza_0035,H,,3.109095,2084,4,2084
human_prose_taiga_proza_0036,H,,2.772103,2857,5,2857
human_prose_taiga_proza_0037,H,,2.832640,1381,2,1381
human_prose_taiga_proza_0038,H,,3.323068,2291,4,2291
human_prose_taiga_proza_0039,H,,2.914156,1410,2,1410
human_prose_taiga_proza_0040,H,,3.280568,2111,4,2111
human_prose_taiga_proza_0041,H,,2.885258,1567,3,1567
human_prose_taiga_proza_0042,H,,3.125796,2214,4,2214
human_prose_taiga_proza_0043,H,,3.067001,1977,3,1977
human_prose_taiga_proza_0044,H,,2.674856,1615,3,1615
human_prose_taiga_proza_0045,H,,3.645837,1389,2,1389
human_prose_taiga_proza_0046,H,,3.255608,1249,2,1249
human_prose_taiga_proza_0047,H,,2.931313,1185,2,1185
human_prose_taiga_proza_0048,H,,3.283096,2334,4,2334
human_prose_taiga_proza_0049,H,,3.071808,1186,2,1186
human_prose_taiga_proza_0050,H,,2.863228,1606,3,1606
human_prose_taiga_proza_0051,H,,2.905039,6244,12,6244
human_prose_taiga_proza_0052,H,,3.102054,851,1,851
human_prose_taiga_proza_0053,H,,2.801978,2556,4,2556
human_prose_taiga_proza_0054,H,,2.701331,1106,2,1106
human_prose_taiga_proza_0055,H,,2.652766,1675,3,1675
human_prose_taiga_proza_0056,H,,3.359663,1851,3,1851
human_prose_taiga_proza_0057,H,,2.916576,2705,5,2705
human_prose_taiga_proza_0058,H,,3.437671,2067,4,2067
human_prose_taiga_proza_0059,H,,3.562016,3626,7,3626
human_prose_taiga_proza_0060,H,,3.173665,2695,5,2695
human_science_cyberleninka_0001,H,,2.880906,5291,10,5291
human_science_cyberleninka_0002,H,,2.464529,4047,7,4047
human_science_cyberleninka_0003,H,,2.785708,3790,7,3790
human_science_cyberleninka_0004,H,,2.494003,2245,4,2245
human_science_cyberleninka_0005,H,,2.448304,1566,3,1566
human_science_cyberleninka_0006,H,,2.626485,1712,3,1712
human_science_cyberleninka_0007,H,,2.804415,1296,2,1296
human_science_cyberleninka_0008,H,,2.489705,4092,7,4092
human_science_cyberleninka_0009,H,,1.787638,3209,6,3209
human_science_cyberleninka_0010,H,,2.665962,1395,2,1395
human_science_cyberleninka_0011,H,,2.554820,1687,3,1687
human_science_cyberleninka_0013,H,,2.735994,2195,4,2195
human_science_cyberleninka_0014,H,,3.006976,8285,16,8285
human_science_cyberleninka_0015,H,,2.916159,3262,6,3262
human_science_cyberleninka_0016,H,,1.912831,2896,5,2896
human_science_cyberleninka_0017,H,,2.353963,1990,3,1990
human_science_cyberleninka_0018,H,,2.774851,3683,7,3683
human_science_cyberleninka_0019,H,,2.827012,2106,4,2106
human_science_cyberleninka_0020,H,,2.515651,4954,9,4954
human_science_cyberleninka_0021,H,,2.457085,3991,7,3991
human_science_cyberleninka_0022,H,,2.127201,2567,5,2567
human_science_cyberleninka_0023,H,,2.997146,3945,7,3945
human_science_cyberleninka_0024,H,,2.660801,3793,7,3793
human_science_cyberleninka_0025,H,,2.839510,1737,3,1737
human_science_cyberleninka_0026,H,,2.455090,3171,6,3171
human_science_cyberleninka_0027,H,,2.635227,1949,3,1949
human_science_cyberleninka_0028,H,,2.678216,5271,10,5271
human_science_cyberleninka_0029,H,,2.909529,3818,7,3818
human_science_cyberleninka_0030,H,,2.963709,3936,7,3936
human_science_cyberleninka_0031,H,,2.320432,1997,3,1997
human_science_cyberleninka_0032,H,,2.172165,2072,4,2072
human_science_cyberleninka_0033,H,,2.909839,3021,5,3021
human_science_cyberleninka_0034,H,,2.019548,2519,4,2519
human_science_cyberleninka_0035,H,,2.160003,2149,4,2149
human_science_cyberleninka_0036,H,,2.650839,4265,8,4265
human_science_cyberleninka_0037,H,,3.366501,1258,2,1258
human_science_cyberleninka_0038,H,,2.888494,2148,4,2148
human_science_cyberleninka_0039,H,,2.375628,1472,2,1472
human_science_cyberleninka_0040,H,,2.437468,4179,8,4179
human_science_cyberleninka_0041,H,,2.164707,2215,4,2215
human_science_cyberleninka_0042,H,,2.315793,4133,8,4133
human_science_cyberleninka_0043,H,,2.557579,2786,5,2786
human_science_cyberleninka_0044,H,,2.786162,2404,4,2404
human_science_cyberleninka_0045,H,,2.727042,4947,9,4947
human_science_cyberleninka_0046,H,,3.151606,2616,5,2616
human_science_cyberleninka_0047,H,,2.802096,1864,3,1864
human_science_cyberleninka_0048,H,,2.646749,8291,16,8291
human_science_cyberleninka_0049,H,,2.684334,5438,10,5438
human_science_cyberleninka_0050,H,,2.714234,5589,10,5589
human_science_cyberleninka_0051,H,,2.455642,2473,4,2473
human_science_cyberleninka_0052,H,,2.624049,2351,4,2351
human_science_cyberleninka_0053,H,,2.257457,7110,13,7110
human_science_cyberleninka_0054,H,,3.084115,1483,2,1483
human_science_cyberleninka_0055,H,,2.495242,3384,6,3384
human_science_cyberleninka_0056,H,,2.454084,2699,5,2699
human_science_cyberleninka_0057,H,,2.925960,3736,7,3736
human_science_cyberleninka_0058,H,,2.757073,2500,4,2500
human_science_cyberleninka_0059,H,,2.594401,3583,6,3583
human_science_cyberleninka_0060,H,,2.958065,3923,7,3923
human_science_cyberleninka_0067,H,,2.615553,3325,6,3325
human_science_spbgu_0001,H,,2.953139,1612,3,1612
human_science_spbgu_0002,H,,2.982611,6890,13,6890
human_science_spbgu_0003,H,,2.857387,2237,4,2237
human_science_spbgu_0004,H,,3.060800,550,1,550
human_science_spbgu_0005,H,,2.021004,2799,5,2799
human_science_spbgu_0006,H,,2.536898,5683,11,5683
human_science_spbgu_0007,H,,2.638800,6382,12,6382
human_science_spbgu_0008,H,,2.759497,2539,4,2539
human_science_spbgu_0009,H,,2.964875,7409,14,7409
human_science_spbgu_0010,H,,2.728846,3937,7,3937
human_science_spbgu_0011,H,,2.604847,7606,14,7606
human_science_spbgu_0012,H,,1.995279,5831,11,5831
human_science_spbgu_0013,H,,2.651245,8230,16,8230
human_science_spbgu_0014,H,,3.264946,3839,7,3839
human_science_spbgu_0015,H,,2.819608,8475,16,8475
human_science_spbgu_0016,H,,2.346435,4251,8,4251
human_science_spbgu_0017,H,,2.803108,8322,16,8322
human_science_spbgu_0018,H,,2.602675,6657,13,6657
human_science_spbgu_0019,H,,2.711083,5616,10,5616
human_science_spbgu_0020,H,,2.591740,4139,8,4139
human_science_spbgu_0021,H,,2.610041,8977,17,8977
human_science_spbgu_0022,H,,2.490466,5754,11,5754
human_science_spbgu_0023,H,,2.775480,4379,8,4379
human_science_spbgu_0024,H,,2.412085,5499,10,5499
human_science_spbgu_0025,H,,2.191453,5213,10,5213
human_science_spbgu_0026,H,,2.704204,7399,14,7399
human_science_spbgu_0027,H,,2.252105,2051,4,2051
human_science_spbgu_0028,H,,2.882383,6154,12,6154
human_science_spbgu_0029,H,,2.598450,9401,18,9401
human_science_spbgu_0030,H,,2.533000,3617,7,3617
human_science_spbgu_0031,H,,2.146023,5171,10,5171
human_science_spbgu_0032,H,,2.753030,8047,15,8047
human_science_spbgu_0033,H,,2.240841,1230,2,1230
human_science_spbgu_0034,H,,2.749228,3803,7,3803
human_science_spbgu_0035,H,,2.523890,5213,10,5213
human_science_spbgu_0036,H,,2.579715,8251,16,8251
human_science_spbgu_0037,H,,2.459631,8828,17,8828
human_science_spbgu_0038,H,,2.363524,6848,13,6848
human_science_spbgu_0039,H,,2.409406,6645,12,6645
human_science_spbgu_0040,H,,2.146639,9169,17,9169
human_science_spbgu_0041,H,,2.268512,3243,6,3243
human_science_spbgu_0042,H,,2.503677,9795,19,9795
human_science_spbgu_0043,H,,2.319450,11123,21,11123
human_science_spbgu_0044,H,,2.624945,8251,16,8251
human_science_spbgu_0045,H,,2.751330,7802,15,7802
human_science_spbgu_0046,H,,2.570435,6600,12,6600
human_science_spbgu_0048,H,,2.426908,6667,13,6667
human_science_spbgu_0049,H,,2.704075,5415,10,5415
human_science_spbgu_0050,H,,2.916157,7795,15,7795
human_science_spbgu_0054,H,,2.195058,5819,11,5819
human_science_spbgu_0055,H,,2.577782,8187,15,8187
human_science_spbgu_0057,H,,2.120909,3049,5,3049
human_science_spbgu_0059,H,,2.352395,5841,11,5841
human_science_spbgu_0060,H,,2.743833,2098,4,2098
human_science_spbgu_0061,H,,2.657014,6799,13,6799
human_science_spbgu_0062,H,,2.519645,7680,15,7680
human_science_spbgu_0063,H,,2.535834,6874,13,6874
human_science_spbgu_0064,H,,2.584165,8942,17,8942
human_science_spbgu_0065,H,,2.572867,6959,13,6959
human_science_urfu_0001,H,,2.609030,7053,13,7053
human_science_urfu_0002,H,,2.941107,4772,9,4772
human_science_urfu_0003,H,,2.575888,7559,14,7559
human_science_urfu_0004,H,,2.369779,7060,13,7060
human_science_urfu_0005,H,,2.309533,9451,18,9451
human_science_urfu_0006,H,,2.514949,8565,16,8565
human_science_urfu_0007,H,,2.912094,8358,16,8358
human_science_urfu_0008,H,,3.316209,5226,10,5226
human_science_urfu_0009,H,,2.927259,6637,12,6637
human_science_urfu_0010,H,,3.100210,7500,14,7500
human_science_urfu_0011,H,,2.997670,8524,16,8524
human_science_urfu_0012,H,,2.341235,7240,14,7240
human_science_urfu_0013,H,,2.460344,6861,13,6861
human_science_urfu_0014,H,,3.100541,5244,10,5244
human_science_urfu_0015,H,,2.509018,5307,10,5307
human_science_urfu_0016,H,,2.777588,7236,14,7236
human_science_urfu_0017,H,,2.478489,7409,14,7409
human_science_urfu_0018,H,,2.608676,6613,12,6613
human_science_urfu_0019,H,,2.653291,9432,18,9432
human_science_urfu_0020,H,,2.553008,8054,15,8054
human_science_urfu_0021,H,,2.410729,8815,17,8815
human_science_urfu_0022,H,,2.478192,7943,15,7943
human_science_urfu_0023,H,,2.578184,5791,11,5791
human_science_urfu_0024,H,,2.587621,7620,14,7620
human_science_urfu_0025,H,,2.264091,7228,14,7228
human_science_urfu_0026,H,,2.800777,8275,16,8275
human_science_urfu_0027,H,,2.516368,7146,13,7146
human_science_urfu_0028,H,,2.470474,7712,15,7712
human_science_urfu_0029,H,,2.266314,8378,16,8378
human_science_urfu_0030,H,,2.605623,7823,15,7823
human_science_urfu_0031,H,,2.889582,8257,16,8257
human_science_urfu_0032,H,,2.407086,7301,14,7301
human_science_urfu_0033,H,,2.494543,9341,18,9341
human_science_urfu_0034,H,,2.454700,7388,14,7388
human_science_urfu_0035,H,,2.364729,6814,13,6814
human_science_urfu_0036,H,,2.506720,8552,16,8552
human_science_urfu_0037,H,,2.917771,7431,14,7431
human_science_urfu_0038,H,,2.788800,10738,20,10738
human_science_urfu_0039,H,,2.799884,10697,20,10697
human_science_urfu_0040,H,,2.218584,10543,20,10543
human_science_urfu_0041,H,,2.549635,8783,17,8783
human_science_urfu_0042,H,,2.377503,4696,9,4696
human_science_urfu_0043,H,,2.051974,6208,12,6208
human_science_urfu_0044,H,,2.576071,10747,20,10747
human_science_urfu_0045,H,,2.461649,4097,8,4097
human_science_urfu_0046,H,,1.906346,10895,21,10895
human_science_urfu_0047,H,,2.957893,7106,13,7106
human_science_urfu_0048,H,,2.332726,3563,6,3563
human_seo_alaev_0001,H,,3.289141,1050,2,1050
human_seo_alaev_0002,H,,2.929938,1668,3,1668
human_seo_alaev_0003,H,,2.991649,1505,2,1505
human_seo_alaev_0004,H,,3.119545,3255,6,3255
human_seo_alaev_0005,H,,3.111188,1067,2,1067
human_seo_alaev_0006,H,,3.088421,1671,3,1671
human_seo_alaev_0007,H,,3.204087,1136,2,1136
human_seo_alaev_0008,H,,3.036389,1752,3,1752
human_seo_alaev_0009,H,,3.115585,2933,5,2933
human_seo_alaev_0010,H,,3.031317,1138,2,1138
human_seo_alaev_0011,H,,3.105113,837,1,837
human_seo_alaev_0012,H,,2.520793,1622,3,1622
human_seo_alaev_0013,H,,2.583742,1552,3,1552
human_seo_alaev_0014,H,,2.927582,1954,3,1954
human_seo_alaev_0015,H,,2.896489,964,1,964
human_seo_alaev_0016,H,,3.038286,1597,3,1597
human_seo_alaev_0017,H,,3.123461,1247,2,1247
human_seo_alaev_0018,H,,3.315721,4590,8,4590
human_seo_alaev_0019,H,,2.661750,2756,5,2756
human_seo_alaev_0020,H,,2.968517,1313,2,1313
human_seo_alaev_0021,H,,1.462681,4224,8,4224
human_seo_convertmonster_0001,H,,2.423620,904,1,904
human_seo_devaka_ru_0001,H,,2.232235,1431,2,1431
human_seo_devaka_ru_0002,H,,2.588975,1150,2,1150
human_seo_devaka_ru_0003,H,,2.991502,1295,2,1295
human_seo_devaka_ru_0004,H,,2.089361,2655,5,2655
human_seo_devaka_ru_0005,H,,2.149663,4069,7,4069
human_seo_devaka_ru_0006,H,,0.947473,3895,7,3895
human_seo_devaka_ru_0007,H,,2.125660,3229,6,3229
human_seo_devaka_ru_0008,H,,2.683670,1058,2,1058
human_seo_devaka_ru_0009,H,,2.439467,3760,7,3760
human_seo_devaka_ru_0011,H,,2.524474,1502,2,1502
human_seo_devaka_ru_0012,H,,1.753292,3530,6,3530
human_seo_devaka_ru_0013,H,,2.063827,1756,3,1756
human_seo_devaka_ru_0014,H,,1.897041,2419,4,2419
human_seo_devaka_ru_0017,H,,2.825129,1621,3,1621
human_seo_devaka_ru_0018,H,,2.314556,4183,8,4183
human_seo_devaka_ru_0019,H,,2.419166,1155,2,1155
human_seo_devaka_ru_0020,H,,2.791777,2844,5,2844
human_seo_devaka_ru_0021,H,,2.697752,3270,6,3270
human_seo_devaka_ru_0022,H,,2.760329,3253,6,3253
human_seo_devaka_ru_0023,H,,3.072921,1639,3,1639
human_seo_devaka_ru_0024,H,,2.921615,2827,5,2827
human_seo_devaka_ru_0025,H,,3.041889,1972,3,1972
human_seo_devaka_ru_0026,H,,2.674893,3532,6,3532
human_seo_devaka_ru_0027,H,,2.745254,2262,4,2262
human_seo_devaka_ru_0028,H,,2.974021,2216,4,2216
human_seo_devaka_ru_0029,H,,2.889951,2103,4,2103
human_seo_devaka_ru_0030,H,,2.646063,1943,3,1943
human_seo_devaka_ru_0031,H,,2.933317,2006,3,2006
human_seo_devaka_ru_0032,H,,2.736695,2201,4,2201
human_seo_devaka_ru_0033,H,,2.622592,1928,3,1928
human_seo_devaka_ru_0034,H,,2.824991,1912,3,1912
human_seo_devaka_ru_0035,H,,2.317796,1987,3,1987
human_seo_devaka_ru_0036,H,,2.887685,1299,2,1299
human_seo_drmax_0001,H,,2.516880,1590,3,1590
human_seo_drmax_0002,H,,2.109554,5887,11,5887
human_seo_drmax_0003,H,,1.638045,5843,11,5843
human_seo_drmax_0004,H,,1.955010,5479,10,5479
human_seo_drmax_0005,H,,2.507872,3722,7,3722
human_seo_drmax_0006,H,,2.501016,5105,9,5105
human_seo_drmax_0007,H,,2.479144,3374,6,3374
human_seo_drmax_0008,H,,2.134936,1253,2,1253
human_seo_drmax_0009,H,,2.059783,2217,4,2217
human_seo_drmax_0010,H,,1.839521,7805,15,7805
human_seo_drmax_0011,H,,2.266325,5178,10,5178
human_seo_drmax_0012,H,,2.583115,4705,9,4705
human_seo_drmax_0013,H,,2.003076,3352,6,3352
human_seo_drmax_0014,H,,2.238532,3842,7,3842
human_seo_drmax_0015,H,,3.037137,3016,5,3016
human_seo_drmax_0016,H,,1.781864,4614,9,4614
human_seo_drmax_0017,H,,1.640143,7987,15,7987
human_seo_drmax_0018,H,,2.599812,6423,12,6423
human_seo_drmax_0019,H,,2.593092,5154,10,5154
human_seo_drmax_0020,H,,2.516008,3658,7,3658
human_seo_drmax_0021,H,,1.830934,3933,7,3933
human_seo_drmax_0024,H,,2.315233,3555,6,3555
human_seo_drmax_0025,H,,2.208974,5177,10,5177
human_seo_drmax_su_0001,H,,1.793963,2620,5,2620
human_seo_drmax_su_0002,H,,2.630700,1792,3,1792
human_seo_drmax_su_0003,H,,2.126472,1804,3,1804
human_seo_drmax_su_0004,H,,2.581696,6140,11,6140
human_seo_drmax_su_0005,H,,2.264663,5136,10,5136
human_seo_drmax_su_0006,H,,2.576385,5323,10,5323
human_seo_drmax_su_0007,H,,2.325650,4024,7,4024
human_seo_drmax_su_0008,H,,2.685452,7004,13,7004
human_seo_labrika_0001,H,,2.279701,3223,6,3223
human_seo_labrika_0002,H,,1.639669,3874,7,3874
human_seo_labrika_0003,H,,2.746340,1963,3,1963
human_seo_labrika_0004,H,,1.699038,1459,2,1459
human_seo_madcats_0001,H,,3.512881,2342,4,2342
human_seo_madcats_0002,H,,2.975376,2362,4,2362
human_seo_madcats_0003,H,,3.148124,1027,2,1027
human_seo_madcats_0004,H,,2.924820,1728,3,1728
human_seo_madcats_0005,H,,3.016216,3625,7,3625
human_seo_madcats_0006,H,,3.237503,1596,3,1596
human_seo_madcats_0007,H,,2.971845,2237,4,2237
human_seo_madcats_0008,H,,2.851105,1333,2,1333
human_seo_madcats_0009,H,,3.124490,1118,2,1118
human_seo_madcats_0010,H,,3.254674,1695,3,1695
human_seo_madcats_0011,H,,3.093029,1001,1,1001
human_seo_madcats_0012,H,,3.032880,1540,3,1540
human_seo_madcats_0013,H,,3.075203,184,1,184
human_seo_madcats_0014,H,,3.197436,1416,2,1416
human_seo_madcats_0015,H,,3.196019,1341,2,1341
human_seo_madcats_0016,H,,3.155660,2218,4,2218
human_seo_madcats_0017,H,,2.927674,3084,6,3084
human_seo_madcats_0018,H,,3.080725,1080,2,1080
human_seo_madcats_0019,H,,3.244508,1152,2,1152
human_seo_madcats_0020,H,,3.170385,1074,2,1074
human_seo_madcats_0021,H,,2.855250,4137,8,4137
human_seo_madcats_0022,H,,3.065933,2190,4,2190
human_seo_madcats_0023,H,,3.137231,1528,2,1528
human_seo_madcats_0024,H,,3.243978,1088,2,1088
human_seo_madcats_0025,H,,3.293750,1581,3,1581
human_seo_madcats_0026,H,,3.143052,1361,2,1361
human_seo_madcats_0027,H,,2.795135,5425,10,5425
human_seo_madcats_0028,H,,2.725101,4189,8,4189
human_seo_madcats_0029,H,,3.151721,1983,3,1983
human_seo_madcats_0030,H,,3.093845,3480,6,3480
human_seo_madcats_ru_0001,H,,2.914722,2591,5,2591
human_seo_madcats_ru_0002,H,,2.845108,2925,5,2925
human_seo_madcats_ru_0003,H,,2.578926,1528,2,1528
human_seo_madcats_ru_0004,H,,3.130105,3576,6,3576
human_seo_madcats_ru_0005,H,,3.360781,2403,4,2403
human_seo_madcats_ru_0006,H,,2.764055,1438,2,1438
human_seo_madcats_ru_0007,H,,2.721249,1342,2,1342
human_seo_madcats_ru_0008,H,,3.345314,1607,3,1607
human_seo_madcats_ru_0009,H,,3.162523,1084,2,1084
human_seo_madcats_ru_0010,H,,3.150713,1151,2,1151
human_seo_madcats_ru_0012,H,,3.206656,1129,2,1129
human_seo_optimizatorsha_ru_0001,H,,2.541942,1672,3,1672
human_seo_optimizatorsha_ru_0002,H,,2.903920,1113,2,1113
human_seo_optimizatorsha_ru_0003,H,,2.614118,2915,5,2915
human_seo_optimizatorsha_ru_0004,H,,2.714716,1268,2,1268
human_seo_optimizatorsha_ru_0005,H,,2.888605,5568,10,5568
human_seo_seoprofy_ua_0001,H,,1.960051,7180,14,7180
human_seo_seoprofy_ua_0002,H,,2.712236,2382,4,2382
human_seo_seoprofy_ua_0003,H,,2.715872,1062,2,1062
human_seo_seopulses_0003,H,,2.978820,1350,2,1350
human_seo_seopulses_0005,H,,2.537240,1454,2,1454
human_seo_seopulses_0006,H,,2.853845,1793,3,1793
human_seo_seopulses_0007,H,,2.798016,1281,2,1281
human_seo_seopulses_0012,H,,2.647350,1579,3,1579
human_seo_seopulses_0014,H,,2.774940,2541,4,2541
human_seo_seopulses_0016,H,,2.509189,1268,2,1268
human_seo_seopulses_0017,H,,2.821632,2904,5,2904
human_seo_seopulses_0018,H,,2.954856,2766,5,2766
human_seo_seopulses_0020,H,,2.811212,1462,2,1462
human_seo_seopulses_0022,H,,2.713779,1161,2,1161
human_seo_seopulses_0025,H,,2.926524,1014,1,1014
human_seo_seopulses_ru_0001,H,,2.797170,1228,2,1228
human_seo_seopulses_ru_0002,H,,2.681049,2240,4,2240
human_seo_seopulses_ru_0003,H,,2.705345,1116,2,1116
human_seo_seopulses_ru_0004,H,,2.175038,1004,1,1004
human_seo_seopulses_ru_0005,H,,2.709634,2455,4,2455
human_seo_shakin_0001,H,,2.495089,1213,2,1213
human_seo_shakin_0002,H,,2.852358,1366,2,1366
human_seo_shakin_0003,H,,2.648337,1391,2,1391
human_seo_shakin_0004,H,,2.782167,1693,3,1693
human_seo_shakin_0005,H,,2.424922,1420,2,1420
human_seo_shakin_0007,H,,2.709399,1539,3,1539
human_seo_shakin_0008,H,,2.776132,1113,2,1113
human_seo_shakin_0009,H,,2.935079,1374,2,1374
human_seo_shakin_0010,H,,3.031690,1474,2,1474
human_seo_shakin_0011,H,,2.591085,1310,2,1310
human_seo_shakin_0012,H,,2.594515,1154,2,1154
human_seo_shakin_0013,H,,3.109933,1402,2,1402
human_seo_shakin_0014,H,,3.091264,2012,3,2012
human_seo_shakin_0015,H,,2.891676,1542,3,1542
human_seo_shakin_0017,H,,2.910101,2577,5,2577
human_seo_shakin_0018,H,,2.850337,2143,4,2143
human_seo_shakin_0019,H,,2.933023,1237,2,1237
human_seo_shakin_0020,H,,2.842024,1393,2,1393
human_seo_shakin_ru_0001,H,,2.421859,2737,5,2737
human_seo_shakin_ru_0002,H,,2.640459,270,1,270
human_seo_shakin_ru_0003,H,,2.668224,2534,4,2534
human_seo_sosnovskij_0007,H,,2.799067,1189,2,1189
human_seo_sosnovskij_0011,H,,2.850574,1581,3,1581
human_seo_sosnovskij_0012,H,,2.963134,2530,4,2530
human_seo_sosnovskij_0015,H,,3.194860,1145,2,1145
human_seo_sosnovskij_0016,H,,2.967073,2097,4,2097
human_seo_sosnovskij_0019,H,,2.939183,1872,3,1872
human_seo_sosnovskij_0021,H,,3.070370,1154,2,1154
human_seo_sosnovskij_0022,H,,2.874293,1534,2,1534
human_seo_sosnovskij_0025,H,,3.015341,2294,4,2294
human_seo_sosnovskij_0028,H,,3.019470,2477,4,2477
human_seo_sosnovskij_0029,H,,2.968343,2833,5,2833
human_seo_sosnovskij_0030,H,,2.983259,2042,3,2042
human_seo_sosnovskij_0032,H,,2.995325,2022,3,2022
human_seo_sosnovskij_0033,H,,3.116970,1367,2,1367
human_seo_sosnovskij_0034,H,,3.045917,1576,3,1576
human_seo_sosnovskij_0035,H,,3.042916,1372,2,1372
human_seo_sosnovskij_0036,H,,2.849605,1462,2,1462
human_seo_sosnovskij_0037,H,,2.944462,1598,3,1598
human_seo_sosnovskij_0039,H,,2.798573,1637,3,1637
human_seo_sosnovskij_ru_0001,H,,2.945039,1054,2,1054
human_seo_sosnovskij_ru_0002,H,,2.962180,2668,5,2668
human_seo_sosnovskij_ru_0003,H,,3.028625,794,1,794
human_seo_sosnovskij_ru_0004,H,,3.039120,2299,4,2299
human_seo_sosnovskij_ru_0005,H,,2.635701,2481,4,2481
human_seo_sosnovskij_ru_0006,H,,2.977640,4061,7,4061
human_seo_sosnovskij_ru_0007,H,,2.930650,1170,2,1170
human_seo_sosnovskij_ru_0010,H,,2.997156,2250,4,2250
human_seo_sosnovskij_ru_0011,H,,2.812903,1063,2,1063
human_seo_sosnovskij_ru_0012,H,,3.122484,1508,2,1508
human_seo_sosnovskij_ru_0013,H,,3.094231,1536,3,1536
human_seo_sosnovskij_ru_0014,H,,3.405951,2027,3,2027
human_seo_sosnovskij_ru_0015,H,,2.974129,1378,2,1378
human_seo_sosnovskij_ru_0018,H,,2.990931,1501,2,1501
human_seo_sosnovskij_ru_0019,H,,2.860019,2228,4,2228
human_seo_sosnovskij_ru_0021,H,,3.302266,1993,3,1993
human_seo_sosnovskij_ru_0022,H,,3.320460,1645,3,1645
human_seo_author_archive_0001,H,,2.958506,1977,3,1977
human_seo_author_archive_0002,H,,2.782116,4203,8,4203
human_seo_author_archive_0003,H,,3.092566,1088,2,1088
human_seo_author_archive_0004,H,,2.231048,4731,9,4731
human_seo_author_archive_0005,H,,3.173007,1618,3,1618
human_seo_author_archive_0006,H,,3.354241,6553,12,6553
human_seo_texterra_ru_0001,H,,2.543951,1271,2,1271
human_seo_texterra_ru_0002,H,,2.685456,1398,2,1398
human_seo_texterra_ru_0003,H,,2.689016,968,1,968
human_seo_texterra_ru_0004,H,,2.564045,1542,3,1542
human_seo_texterra_ru_0005,H,,2.135758,4121,8,4121
human_seo_texterra_ru_0006,H,,2.608854,2505,4,2505
human_seo_texterra_ru_0007,H,,2.386347,2021,3,2021
human_seo_texterra_ru_0008,H,,2.829093,3699,7,3699
human_seo_texterra_ru_0009,H,,2.916868,1703,3,1703
human_seo_texterra_ru_0010,H,,2.424995,1510,2,1510
human_seo_texterra_ru_0011,H,,2.474297,1961,3,1961
human_seo_texterra_ru_0012,H,,2.646838,1436,2,1436
human_seo_texterra_ru_0013,H,,1.541781,1638,3,1638
human_seo_texterra_ru_0014,H,,1.717836,2816,5,2816
human_seo_texterra_ru_0015,H,,1.805051,6002,11,6002
human_seo_texterra_ru_0016,H,,1.665441,1687,3,1687
human_seo_texterra_ru_0017,H,,1.645949,1894,3,1894
human_seo_texterra_ru_0018,H,,2.634724,1183,2,1183
nemotron_b001_P1_r1,A,nemotron,2.917454,2325,4,2325
nemotron_b001_P1_r2,A,nemotron,3.055037,2751,5,2751
nemotron_b001_P2_r1,A,nemotron,3.174544,1053,2,1053
nemotron_b001_P2_r2,A,nemotron,3.133622,1090,2,1090
nemotron_b001_P3_r1,A,nemotron,3.010295,3029,5,3029
nemotron_b001_P3_r2,A,nemotron,2.952701,2868,5,2868
nemotron_b002_P1_r1,A,nemotron,3.065108,1532,2,1532
nemotron_b002_P1_r2,A,nemotron,3.061661,1511,2,1511
nemotron_b002_P2_r1,A,nemotron,3.079023,1025,2,1025
nemotron_b002_P2_r2,A,nemotron,3.232191,949,1,949
nemotron_b002_P3_r1,A,nemotron,3.227065,1992,3,1992
nemotron_b002_P3_r2,A,nemotron,3.168547,3443,6,3443
nemotron_b003_P1_r1,A,nemotron,3.452315,980,1,980
nemotron_b003_P1_r2,A,nemotron,3.399183,929,1,929
nemotron_b003_P2_r1,A,nemotron,3.534321,913,1,913
nemotron_b003_P2_r2,A,nemotron,3.502009,1073,2,1073
nemotron_b003_P3_r1,A,nemotron,3.401189,1196,2,1196
nemotron_b003_P3_r2,A,nemotron,3.533283,1657,3,1657
nemotron_b004_P1_r1,A,nemotron,2.967981,1636,3,1636
nemotron_b004_P1_r2,A,nemotron,2.887049,2411,4,2411
nemotron_b004_P2_r1,A,nemotron,2.900346,1602,3,1602
nemotron_b004_P2_r2,A,nemotron,3.220378,1279,2,1279
nemotron_b004_P3_r1,A,nemotron,2.997757,3249,6,3249
nemotron_b004_P3_r2,A,nemotron,3.041851,3307,6,3307
nemotron_b005_P1_r1,A,nemotron,3.422011,2417,4,2417
nemotron_b005_P1_r2,A,nemotron,3.574803,3820,7,3820
nemotron_b005_P2_r1,A,nemotron,3.608081,996,1,996
nemotron_b005_P2_r2,A,nemotron,3.625433,951,1,951
nemotron_b005_P3_r1,A,nemotron,3.666407,4311,8,4311
nemotron_b005_P3_r2,A,nemotron,3.737978,2529,4,2529
nemotron_b006_P1_r1,A,nemotron,3.335934,1548,3,1548
nemotron_b006_P1_r2,A,nemotron,3.405746,1713,3,1713
nemotron_b006_P2_r1,A,nemotron,3.074952,741,1,741
nemotron_b006_P2_r2,A,nemotron,3.265877,1423,2,1423
nemotron_b006_P3_r1,A,nemotron,3.219613,1832,3,1832
nemotron_b006_P3_r2,A,nemotron,3.176657,2484,4,2484
nemotron_b007_P1_r1,A,nemotron,3.251644,944,1,944
nemotron_b007_P1_r2,A,nemotron,3.270495,1056,2,1056
nemotron_b007_P2_r1,A,nemotron,3.292314,796,1,796
nemotron_b007_P2_r2,A,nemotron,3.236337,928,1,928
nemotron_b007_P3_r1,A,nemotron,3.453328,1319,2,1319
nemotron_b007_P3_r2,A,nemotron,3.388053,1278,2,1278
nemotron_b008_P1_r1,A,nemotron,3.308466,1778,3,1778
nemotron_b008_P1_r2,A,nemotron,3.100990,1919,3,1919
nemotron_b008_P2_r1,A,nemotron,3.318990,1895,3,1895
nemotron_b008_P2_r2,A,nemotron,3.192995,1728,3,1728
nemotron_b008_P3_r1,A,nemotron,3.065806,1613,3,1613
nemotron_b008_P3_r2,A,nemotron,3.351467,2112,4,2112
nemotron_b009_P1_r1,A,nemotron,3.388936,1690,3,1690
nemotron_b009_P1_r2,A,nemotron,3.228439,1574,3,1574
nemotron_b009_P2_r1,A,nemotron,3.185968,928,1,928
nemotron_b009_P2_r2,A,nemotron,3.373293,1006,1,1006
nemotron_b009_P3_r1,A,nemotron,3.304689,2923,5,2923
nemotron_b009_P3_r2,A,nemotron,2.982066,2272,4,2272
nemotron_b010_P1_r1,A,nemotron,3.198620,2672,5,2672
nemotron_b010_P1_r2,A,nemotron,3.038638,2939,5,2939
nemotron_b010_P2_r1,A,nemotron,3.325289,1313,2,1313
nemotron_b010_P2_r2,A,nemotron,3.318595,967,1,967
nemotron_b010_P3_r1,A,nemotron,3.325843,2997,5,2997
nemotron_b010_P3_r2,A,nemotron,3.493287,1645,3,1645
nemotron_b011_P1_r1,A,nemotron,3.310596,1100,2,1100
nemotron_b011_P1_r2,A,nemotron,3.388717,834,1,834
nemotron_b011_P2_r1,A,nemotron,3.339665,1052,2,1052
nemotron_b011_P2_r2,A,nemotron,3.309960,726,1,726
nemotron_b011_P3_r1,A,nemotron,3.513647,888,1,888
nemotron_b011_P3_r2,A,nemotron,3.429800,1428,2,1428
nemotron_b012_P1_r1,A,nemotron,3.423155,1081,2,1081
nemotron_b012_P1_r2,A,nemotron,3.544495,1247,2,1247
nemotron_b012_P2_r1,A,nemotron,3.553290,1423,2,1423
nemotron_b012_P2_r2,A,nemotron,3.508065,1077,2,1077
nemotron_b012_P3_r1,A,nemotron,3.466681,816,1,816
nemotron_b012_P3_r2,A,nemotron,3.478044,2496,4,2496
nemotron_b013_P1_r1,A,nemotron,3.672179,1751,3,1751
nemotron_b013_P1_r2,A,nemotron,3.473181,1054,2,1054
nemotron_b013_P2_r1,A,nemotron,3.398686,1227,2,1227
nemotron_b013_P2_r2,A,nemotron,3.439362,1107,2,1107
nemotron_b013_P3_r1,A,nemotron,3.429210,2868,5,2868
nemotron_b013_P3_r2,A,nemotron,3.457409,2172,4,2172
nemotron_b014_P1_r1,A,nemotron,3.282657,2109,4,2109
nemotron_b014_P1_r2,A,nemotron,3.163227,1558,3,1558
nemotron_b014_P2_r1,A,nemotron,3.230911,1298,2,1298
nemotron_b014_P2_r2,A,nemotron,3.248531,1285,2,1285
nemotron_b014_P3_r1,A,nemotron,3.510598,4165,8,4165
nemotron_b014_P3_r2,A,nemotron,3.514704,3071,5,3071
nemotron_b015_P1_r1,A,nemotron,3.062777,1722,3,1722
nemotron_b015_P1_r2,A,nemotron,3.028537,2372,4,2372
nemotron_b015_P2_r1,A,nemotron,3.284027,952,1,952
nemotron_b015_P2_r2,A,nemotron,3.195612,931,1,931
nemotron_b015_P3_r1,A,nemotron,3.100530,2486,4,2486
nemotron_b015_P3_r2,A,nemotron,3.022644,3940,7,3940
nemotron_b016_P1_r1,A,nemotron,3.486115,1401,2,1401
nemotron_b016_P1_r2,A,nemotron,3.298402,1289,2,1289
nemotron_b016_P2_r1,A,nemotron,3.252318,972,1,972
nemotron_b016_P2_r2,A,nemotron,3.262980,988,1,988
nemotron_b016_P3_r1,A,nemotron,3.337928,1306,2,1306
nemotron_b016_P3_r2,A,nemotron,3.453832,1757,3,1757
nemotron_b017_P1_r1,A,nemotron,3.536194,2869,5,2869
nemotron_b017_P1_r2,A,nemotron,3.454478,3612,7,3612
nemotron_b017_P2_r1,A,nemotron,3.435805,722,1,722
nemotron_b017_P2_r2,A,nemotron,3.339619,1150,2,1150
nemotron_b017_P3_r1,A,nemotron,3.506536,2907,5,2907
nemotron_b017_P3_r2,A,nemotron,3.541391,2634,5,2634
nemotron_b018_P1_r1,A,nemotron,3.340382,3202,6,3202
nemotron_b018_P1_r2,A,nemotron,3.432080,2841,5,2841
nemotron_b018_P2_r1,A,nemotron,3.373886,828,1,828
nemotron_b018_P2_r2,A,nemotron,3.397697,2225,4,2225
nemotron_b018_P3_r1,A,nemotron,3.629114,2202,4,2202
nemotron_b018_P3_r2,A,nemotron,3.496797,3063,5,3063
nemotron_b019_P1_r1,A,nemotron,3.430145,2042,3,2042
nemotron_b019_P1_r2,A,nemotron,3.423355,3247,6,3247
nemotron_b019_P2_r1,A,nemotron,3.281967,813,1,813
nemotron_b019_P2_r2,A,nemotron,3.385137,923,1,923
nemotron_b019_P3_r1,A,nemotron,3.709606,2563,5,2563
nemotron_b019_P3_r2,A,nemotron,3.733298,2118,4,2118
nemotron_b020_P1_r1,A,nemotron,3.215074,1851,3,1851
nemotron_b020_P1_r2,A,nemotron,3.251612,1494,2,1494
nemotron_b020_P2_r1,A,nemotron,3.306061,826,1,826
nemotron_b020_P2_r2,A,nemotron,3.428359,1095,2,1095
nemotron_b020_P3_r1,A,nemotron,3.440006,2928,5,2928
nemotron_b020_P3_r2,A,nemotron,3.457270,3036,5,3036
nemotron_b021_P1_r1,A,nemotron,3.276887,1715,3,1715
nemotron_b021_P1_r2,A,nemotron,3.323671,1784,3,1784
nemotron_b021_P2_r1,A,nemotron,3.486649,894,1,894
nemotron_b021_P2_r2,A,nemotron,3.474500,1449,2,1449
nemotron_b021_P3_r1,A,nemotron,3.342320,2495,4,2495
nemotron_b021_P3_r2,A,nemotron,3.265829,1894,3,1894
nemotron_b022_P1_r1,A,nemotron,3.227414,1953,3,1953
nemotron_b022_P1_r2,A,nemotron,3.149502,1164,2,1164
nemotron_b022_P2_r1,A,nemotron,3.262743,1046,2,1046
nemotron_b022_P2_r2,A,nemotron,3.299110,893,1,893
nemotron_b022_P3_r1,A,nemotron,3.296480,2364,4,2364
nemotron_b022_P3_r2,A,nemotron,3.302259,2492,4,2492
nemotron_b023_P1_r1,A,nemotron,3.393075,1626,3,1626
nemotron_b023_P1_r2,A,nemotron,3.477778,781,1,781
nemotron_b023_P2_r1,A,nemotron,3.500233,967,1,967
nemotron_b023_P2_r2,A,nemotron,3.694930,1150,2,1150
nemotron_b023_P3_r1,A,nemotron,3.545618,2292,4,2292
nemotron_b023_P3_r2,A,nemotron,3.455618,2312,4,2312
nemotron_b024_P1_r1,A,nemotron,3.573228,926,1,926
nemotron_b024_P1_r2,A,nemotron,3.248946,913,1,913
nemotron_b024_P2_r1,A,nemotron,3.464566,338,1,338
nemotron_b024_P2_r2,A,nemotron,3.281214,1216,2,1216
nemotron_b024_P3_r1,A,nemotron,3.516920,3468,6,3468
nemotron_b024_P3_r2,A,nemotron,3.545516,485,1,485
nemotron_b025_P1_r1,A,nemotron,3.475638,1814,3,1814
nemotron_b025_P1_r2,A,nemotron,3.550135,1461,2,1461
nemotron_b025_P2_r1,A,nemotron,3.411964,1339,2,1339
nemotron_b025_P2_r2,A,nemotron,3.430201,1477,2,1477
nemotron_b025_P3_r1,A,nemotron,3.448728,2779,5,2779
nemotron_b025_P3_r2,A,nemotron,3.374626,2414,4,2414
nemotron_b026_P1_r1,A,nemotron,3.325036,1032,2,1032
nemotron_b026_P1_r2,A,nemotron,3.372676,1755,3,1755
nemotron_b026_P2_r1,A,nemotron,3.342304,909,1,909
nemotron_b026_P2_r2,A,nemotron,3.473368,729,1,729
nemotron_b026_P3_r1,A,nemotron,3.602788,1474,2,1474
nemotron_b026_P3_r2,A,nemotron,3.544129,2766,5,2766
nemotron_b027_P1_r1,A,nemotron,3.587876,1461,2,1461
nemotron_b027_P1_r2,A,nemotron,3.555512,1122,2,1122
nemotron_b027_P2_r1,A,nemotron,3.373283,931,1,931
nemotron_b027_P2_r2,A,nemotron,3.198496,1000,1,1000
nemotron_b027_P3_r1,A,nemotron,3.386797,2987,5,2987
nemotron_b027_P3_r2,A,nemotron,3.376258,2575,5,2575
nemotron_b028_P1_r1,A,nemotron,3.438424,1668,3,1668
nemotron_b028_P1_r2,A,nemotron,3.295929,1958,3,1958
nemotron_b028_P2_r1,A,nemotron,3.515682,951,1,951
nemotron_b028_P2_r2,A,nemotron,3.600357,963,1,963
nemotron_b028_P3_r1,A,nemotron,3.506697,2054,4,2054
nemotron_b029_P1_r1,A,nemotron,3.380396,3078,6,3078
nemotron_b029_P1_r2,A,nemotron,3.266398,2588,5,2588
nemotron_b029_P2_r1,A,nemotron,3.413727,1126,2,1126
nemotron_b029_P2_r2,A,nemotron,3.459257,1585,3,1585
nemotron_b029_P3_r1,A,nemotron,3.343509,1598,3,1598
nemotron_b029_P3_r2,A,nemotron,3.316252,2626,5,2626
nemotron_b030_P1_r1,A,nemotron,3.421377,1934,3,1934
nemotron_b030_P1_r2,A,nemotron,3.285209,2491,4,2491
nemotron_b030_P2_r1,A,nemotron,3.510403,894,1,894
nemotron_b030_P2_r2,A,nemotron,3.481424,849,1,849
nemotron_b030_P3_r1,A,nemotron,3.441279,2284,4,2284
nemotron_b030_P3_r2,A,nemotron,3.272623,1845,3,1845
nemotron_b031_P1_r1,A,nemotron,3.366830,1225,2,1225
nemotron_b031_P1_r2,A,nemotron,3.543222,1373,2,1373
nemotron_b031_P2_r1,A,nemotron,3.230648,1624,3,1624
nemotron_b031_P2_r2,A,nemotron,3.392809,1211,2,1211
nemotron_b031_P3_r1,A,nemotron,3.260247,2525,4,2525
nemotron_b031_P3_r2,A,nemotron,3.448060,3202,6,3202
nemotron_b032_P1_r1,A,nemotron,3.396812,1636,3,1636
nemotron_b032_P1_r2,A,nemotron,3.260030,2141,4,2141
nemotron_b032_P2_r1,A,nemotron,3.546139,1076,2,1076
nemotron_b032_P2_r2,A,nemotron,3.367451,1334,2,1334
nemotron_b032_P3_r1,A,nemotron,3.446228,3328,6,3328
nemotron_b032_P3_r2,A,nemotron,3.567807,1091,2,1091
nemotron_b033_P1_r1,A,nemotron,3.405770,869,1,869
nemotron_b033_P1_r2,A,nemotron,3.431323,948,1,948
nemotron_b033_P2_r1,A,nemotron,3.077830,1025,2,1025
nemotron_b033_P2_r2,A,nemotron,3.343024,672,1,672
nemotron_b033_P3_r1,A,nemotron,3.587718,1725,3,1725
nemotron_b033_P3_r2,A,nemotron,3.730591,2051,4,2051
nemotron_b034_P1_r1,A,nemotron,3.120748,1158,2,1158
nemotron_b034_P1_r2,A,nemotron,3.174421,1964,3,1964
nemotron_b034_P2_r1,A,nemotron,3.267226,793,1,793
nemotron_b034_P2_r2,A,nemotron,3.065441,847,1,847
nemotron_b034_P3_r1,A,nemotron,3.457801,3022,5,3022
nemotron_b034_P3_r2,A,nemotron,3.300122,732,1,732
nemotron_b035_P1_r1,A,nemotron,3.373549,2294,4,2294
nemotron_b035_P1_r2,A,nemotron,3.284795,1209,2,1209
nemotron_b035_P2_r1,A,nemotron,3.419939,927,1,927
nemotron_b035_P2_r2,A,nemotron,3.246800,1086,2,1086
nemotron_b035_P3_r1,A,nemotron,3.459926,5420,10,5420
nemotron_b035_P3_r2,A,nemotron,3.356529,2944,5,2944
nemotron_b036_P1_r1,A,nemotron,3.317431,1073,2,1073
nemotron_b036_P1_r2,A,nemotron,3.426682,1792,3,1792
nemotron_b036_P2_r1,A,nemotron,3.096886,983,1,983
nemotron_b036_P2_r2,A,nemotron,3.460899,1103,2,1103
nemotron_b036_P3_r1,A,nemotron,3.409403,1383,2,1383
nemotron_b036_P3_r2,A,nemotron,3.561533,1536,3,1536
nemotron_b037_P1_r1,A,nemotron,3.198737,1682,3,1682
nemotron_b037_P1_r2,A,nemotron,3.199017,881,1,881
nemotron_b037_P2_r1,A,nemotron,3.203733,851,1,851
nemotron_b037_P2_r2,A,nemotron,3.192789,842,1,842
nemotron_b037_P3_r1,A,nemotron,3.449307,2772,5,2772
nemotron_b037_P3_r2,A,nemotron,3.392371,1599,3,1599
nemotron_b038_P1_r1,A,nemotron,3.386317,1270,2,1270
nemotron_b038_P1_r2,A,nemotron,3.300879,2066,4,2066
nemotron_b038_P2_r1,A,nemotron,3.351680,1223,2,1223
nemotron_b038_P2_r2,A,nemotron,3.416316,926,1,926
nemotron_b038_P3_r1,A,nemotron,3.515141,2301,4,2301
nemotron_b038_P3_r2,A,nemotron,3.431288,2676,5,2676
nemotron_b039_P1_r1,A,nemotron,3.225178,868,1,868
nemotron_b039_P1_r2,A,nemotron,3.183640,1113,2,1113
nemotron_b039_P2_r1,A,nemotron,3.185356,670,1,670
nemotron_b039_P2_r2,A,nemotron,3.349852,1014,1,1014
nemotron_b039_P3_r1,A,nemotron,3.625621,1259,2,1259
nemotron_b039_P3_r2,A,nemotron,3.381583,2504,4,2504
nemotron_b040_P1_r1,A,nemotron,3.478041,1043,2,1043
nemotron_b040_P1_r2,A,nemotron,3.489746,1497,2,1497
nemotron_b040_P2_r1,A,nemotron,3.421880,1136,2,1136
nemotron_b040_P2_r2,A,nemotron,3.590168,1216,2,1216
nemotron_b040_P3_r1,A,nemotron,3.616463,2325,4,2325
nemotron_b040_P3_r2,A,nemotron,3.658441,1826,3,1826
nemotron_b041_P1_r1,A,nemotron,3.315707,1483,2,1483
nemotron_b041_P1_r2,A,nemotron,3.411681,1588,3,1588
nemotron_b041_P2_r1,A,nemotron,3.666590,833,1,833
nemotron_b041_P2_r2,A,nemotron,3.311998,783,1,783
nemotron_b041_P3_r1,A,nemotron,3.653200,1488,2,1488
nemotron_b041_P3_r2,A,nemotron,3.453760,1107,2,1107
nemotron_b042_P1_r1,A,nemotron,3.291286,977,1,977
nemotron_b042_P1_r2,A,nemotron,3.324059,881,1,881
nemotron_b042_P2_r1,A,nemotron,3.236799,688,1,688
nemotron_b042_P2_r2,A,nemotron,3.069753,1010,1,1010
nemotron_b042_P3_r1,A,nemotron,3.394905,2294,4,2294
nemotron_b042_P3_r2,A,nemotron,3.451533,2466,4,2466
nemotron_b043_P1_r1,A,nemotron,3.286628,1434,2,1434
nemotron_b043_P1_r2,A,nemotron,3.325112,2591,5,2591
nemotron_b043_P2_r1,A,nemotron,3.350817,752,1,752
nemotron_b043_P2_r2,A,nemotron,3.443780,713,1,713
nemotron_b043_P3_r1,A,nemotron,3.664086,3086,6,3086
nemotron_b043_P3_r2,A,nemotron,3.510135,3890,7,3890
nemotron_b044_P1_r1,A,nemotron,3.451052,1127,2,1127
nemotron_b044_P1_r2,A,nemotron,3.255184,874,1,874
nemotron_b044_P2_r1,A,nemotron,3.123326,924,1,924
nemotron_b044_P2_r2,A,nemotron,3.319706,958,1,958
nemotron_b044_P3_r1,A,nemotron,3.503328,1611,3,1611
nemotron_b044_P3_r2,A,nemotron,3.536005,2206,4,2206
nemotron_b045_P1_r1,A,nemotron,3.373043,2146,4,2146
nemotron_b045_P1_r2,A,nemotron,3.326302,1212,2,1212
nemotron_b045_P2_r1,A,nemotron,3.384744,1643,3,1643
nemotron_b045_P2_r2,A,nemotron,3.337996,2021,3,2021
nemotron_b045_P3_r1,A,nemotron,3.588634,2216,4,2216
nemotron_b045_P3_r2,A,nemotron,3.395419,1905,3,1905
real_claude_b001_P1_r1,A,real_claude,3.030364,2066,4,2066
real_claude_b001_P1_r2,A,real_claude,3.183250,1642,3,1642
real_claude_b001_P2_r1,A,real_claude,2.907826,919,1,919
real_claude_b001_P2_r2,A,real_claude,3.065559,879,1,879
real_claude_b001_P3_r1,A,real_claude,2.985196,2266,4,2266
real_claude_b001_P3_r2,A,real_claude,3.128370,2020,3,2020
real_claude_b002_P1_r1,A,real_claude,3.325492,1554,3,1554
real_claude_b002_P1_r2,A,real_claude,3.245079,2067,4,2067
real_claude_b002_P2_r1,A,real_claude,3.305702,1051,2,1051
real_claude_b002_P2_r2,A,real_claude,3.261582,1281,2,1281
real_claude_b002_P3_r1,A,real_claude,3.446357,1932,3,1932
real_claude_b002_P3_r2,A,real_claude,3.259788,2099,4,2099
real_claude_b003_P1_r1,A,real_claude,3.496273,1937,3,1937
real_claude_b003_P1_r2,A,real_claude,3.413216,1897,3,1897
real_claude_b003_P2_r1,A,real_claude,3.379252,1327,2,1327
real_claude_b003_P2_r2,A,real_claude,3.450083,1141,2,1141
real_claude_b003_P3_r1,A,real_claude,3.275260,2076,4,2076
real_claude_b003_P3_r2,A,real_claude,3.646723,2002,3,2002
real_claude_b004_P1_r1,A,real_claude,3.283747,2815,5,2815
real_claude_b004_P1_r2,A,real_claude,3.271367,1612,3,1612
real_claude_b004_P2_r1,A,real_claude,3.009779,1007,1,1007
real_claude_b004_P2_r2,A,real_claude,3.107440,913,1,913
real_claude_b004_P3_r1,A,real_claude,3.446895,2025,3,2025
real_claude_b004_P3_r2,A,real_claude,3.340618,2224,4,2224
real_claude_b005_P1_r1,A,real_claude,3.343916,2092,4,2092
real_claude_b005_P1_r2,A,real_claude,3.455070,1789,3,1789
real_claude_b005_P2_r1,A,real_claude,3.413699,919,1,919
real_claude_b005_P2_r2,A,real_claude,3.647155,914,1,914
real_claude_b005_P3_r1,A,real_claude,3.695471,1746,3,1746
real_claude_b005_P3_r2,A,real_claude,3.620372,1722,3,1722
real_claude_b006_P1_r1,A,real_claude,3.080286,2712,5,2712
real_claude_b006_P1_r2,A,real_claude,3.254400,2171,4,2171
real_claude_b006_P2_r1,A,real_claude,3.309497,1011,1,1011
real_claude_b006_P2_r2,A,real_claude,2.906792,994,1,994
real_claude_b006_P3_r1,A,real_claude,3.315788,2531,4,2531
real_claude_b006_P3_r2,A,real_claude,3.296336,2418,4,2418
real_claude_b007_P1_r1,A,real_claude,3.197513,2390,4,2390
real_claude_b007_P1_r2,A,real_claude,3.149073,1846,3,1846
real_claude_b007_P2_r1,A,real_claude,3.233422,834,1,834
real_claude_b007_P2_r2,A,real_claude,3.275104,852,1,852
real_claude_b007_P3_r1,A,real_claude,3.356245,1946,3,1946
real_claude_b007_P3_r2,A,real_claude,3.440699,1997,3,1997
real_claude_b008_P1_r1,A,real_claude,3.422346,1879,3,1879
real_claude_b008_P1_r2,A,real_claude,3.215299,1937,3,1937
real_claude_b008_P2_r1,A,real_claude,3.307640,1085,2,1085
real_claude_b008_P2_r2,A,real_claude,3.283392,900,1,900
real_claude_b008_P3_r1,A,real_claude,3.269409,2564,5,2564
real_claude_b008_P3_r2,A,real_claude,3.331237,2430,4,2430
real_claude_b009_P1_r1,A,real_claude,3.434794,2276,4,2276
real_claude_b009_P1_r2,A,real_claude,3.428782,2878,5,2878
real_claude_b009_P2_r1,A,real_claude,3.452997,561,1,561
real_claude_b009_P2_r2,A,real_claude,3.506143,905,1,905
real_claude_b009_P3_r1,A,real_claude,3.498803,1974,3,1974
real_claude_b009_P3_r2,A,real_claude,3.473893,2341,4,2341
real_claude_b010_P1_r1,A,real_claude,3.231964,838,1,838
real_claude_b010_P1_r2,A,real_claude,3.140561,2578,5,2578
real_claude_b010_P2_r1,A,real_claude,3.378152,1113,2,1113
real_claude_b010_P2_r2,A,real_claude,3.259531,1092,2,1092
real_claude_b010_P3_r1,A,real_claude,3.542023,1278,2,1278
real_claude_b010_P3_r2,A,real_claude,3.426415,1962,3,1962
real_claude_b011_P1_r1,A,real_claude,3.241379,2078,4,2078
real_claude_b011_P1_r2,A,real_claude,3.110559,1722,3,1722
real_claude_b011_P2_r1,A,real_claude,3.196918,1569,3,1569
real_claude_b011_P2_r2,A,real_claude,3.339525,1364,2,1364
real_claude_b011_P3_r1,A,real_claude,3.339668,1983,3,1983
real_claude_b011_P3_r2,A,real_claude,3.487197,1968,3,1968
real_claude_b012_P1_r1,A,real_claude,3.535862,2091,4,2091
real_claude_b012_P1_r2,A,real_claude,3.551013,1444,2,1444
real_claude_b012_P2_r1,A,real_claude,3.435908,1305,2,1305
real_claude_b012_P2_r2,A,real_claude,3.318610,1575,3,1575
real_claude_b012_P3_r1,A,real_claude,3.686659,1908,3,1908
real_claude_b012_P3_r2,A,real_claude,3.622613,2180,4,2180
real_claude_b013_P1_r1,A,real_claude,3.457773,2291,4,2291
real_claude_b013_P1_r2,A,real_claude,3.574948,1767,3,1767
real_claude_b013_P2_r1,A,real_claude,3.339669,930,1,930
real_claude_b013_P2_r2,A,real_claude,3.369654,1003,1,1003
real_claude_b013_P3_r1,A,real_claude,3.484531,2038,3,2038
real_claude_b013_P3_r2,A,real_claude,3.667558,1827,3,1827
real_claude_b014_P1_r1,A,real_claude,3.359381,1673,3,1673
real_claude_b014_P1_r2,A,real_claude,3.251631,2217,4,2217
real_claude_b014_P2_r1,A,real_claude,3.220634,1063,2,1063
real_claude_b014_P2_r2,A,real_claude,3.246290,974,1,974
real_claude_b014_P3_r1,A,real_claude,3.468572,2258,4,2258
real_claude_b014_P3_r2,A,real_claude,3.334722,1892,3,1892
real_claude_b015_P1_r1,A,real_claude,2.950493,2723,5,2723
real_claude_b015_P1_r2,A,real_claude,3.120090,1016,1,1016
real_claude_b015_P2_r1,A,real_claude,3.276098,1016,1,1016
real_claude_b015_P2_r2,A,real_claude,3.292072,1228,2,1228
real_claude_b015_P3_r1,A,real_claude,3.384051,2562,5,2562
real_claude_b015_P3_r2,A,real_claude,3.435819,2283,4,2283
real_claude_b016_P1_r1,A,real_claude,3.405120,1699,3,1699
real_claude_b016_P1_r2,A,real_claude,3.474816,2228,4,2228
real_claude_b016_P2_r1,A,real_claude,3.470965,1203,2,1203
real_claude_b016_P2_r2,A,real_claude,3.275282,1010,1,1010
real_claude_b016_P3_r1,A,real_claude,3.557941,1674,3,1674
real_claude_b016_P3_r2,A,real_claude,3.553645,2011,3,2011
real_claude_b017_P1_r1,A,real_claude,3.418423,2371,4,2371
real_claude_b017_P1_r2,A,real_claude,3.553303,2236,4,2236
real_claude_b017_P2_r1,A,real_claude,3.112404,1040,2,1040
real_claude_b017_P2_r2,A,real_claude,3.358941,904,1,904
real_claude_b017_P3_r1,A,real_claude,3.849997,2294,4,2294
real_claude_b017_P3_r2,A,real_claude,3.994846,1740,3,1740
real_claude_b018_P1_r1,A,real_claude,3.251165,2393,4,2393
real_claude_b018_P1_r2,A,real_claude,3.402980,2309,4,2309
real_claude_b018_P2_r1,A,real_claude,3.386952,978,1,978
real_claude_b018_P2_r2,A,real_claude,3.286467,984,1,984
real_claude_b018_P3_r1,A,real_claude,3.613157,2340,4,2340
real_claude_b018_P3_r2,A,real_claude,3.522522,2195,4,2195
real_claude_b019_P1_r1,A,real_claude,3.163777,1855,3,1855
real_claude_b019_P1_r2,A,real_claude,3.321293,2330,4,2330
real_claude_b019_P2_r1,A,real_claude,3.379732,1305,2,1305
real_claude_b019_P2_r2,A,real_claude,3.486299,1538,3,1538
real_claude_b019_P3_r1,A,real_claude,3.535757,2102,4,2102
real_claude_b019_P3_r2,A,real_claude,3.741702,2150,4,2150
real_claude_b020_P1_r1,A,real_claude,3.215884,2140,4,2140
real_claude_b020_P1_r2,A,real_claude,3.475012,2308,4,2308
real_claude_b020_P2_r1,A,real_claude,3.476541,1186,2,1186
real_claude_b020_P2_r2,A,real_claude,3.264688,1062,2,1062
real_claude_b020_P3_r1,A,real_claude,3.705551,2472,4,2472
real_claude_b020_P3_r2,A,real_claude,3.633837,2085,4,2085
real_claude_b021_P1_r1,A,real_claude,3.482522,1644,3,1644
real_claude_b021_P1_r2,A,real_claude,3.375388,2386,4,2386
real_claude_b021_P2_r1,A,real_claude,3.356559,1135,2,1135
real_claude_b021_P2_r2,A,real_claude,3.407070,945,1,945
real_claude_b021_P3_r1,A,real_claude,3.484796,2072,4,2072
real_claude_b021_P3_r2,A,real_claude,3.443329,2046,3,2046
real_claude_b022_P1_r1,A,real_claude,3.121818,2410,4,2410
real_claude_b022_P1_r2,A,real_claude,3.173523,2362,4,2362
real_claude_b022_P2_r1,A,real_claude,3.266140,1249,2,1249
real_claude_b022_P2_r2,A,real_claude,3.149062,1010,1,1010
real_claude_b022_P3_r1,A,real_claude,3.304785,1964,3,1964
real_claude_b022_P3_r2,A,real_claude,3.424035,2182,4,2182
real_claude_b023_P1_r1,A,real_claude,3.195754,2062,4,2062
real_claude_b023_P1_r2,A,real_claude,3.255975,2011,3,2011
real_claude_b023_P2_r1,A,real_claude,3.479879,1120,2,1120
real_claude_b023_P2_r2,A,real_claude,3.358821,1127,2,1127
real_claude_b023_P3_r1,A,real_claude,3.521012,1850,3,1850
real_claude_b023_P3_r2,A,real_claude,3.592841,1818,3,1818
real_claude_b024_P1_r1,A,real_claude,3.314577,2012,3,2012
real_claude_b024_P1_r2,A,real_claude,3.401401,1622,3,1622
real_claude_b024_P2_r1,A,real_claude,3.525613,1050,2,1050
real_claude_b024_P2_r2,A,real_claude,3.468173,1264,2,1264
real_claude_b024_P3_r1,A,real_claude,3.588700,2001,3,2001
real_claude_b024_P3_r2,A,real_claude,3.571669,1828,3,1828
real_claude_b025_P1_r1,A,real_claude,3.361930,2195,4,2195
real_claude_b025_P1_r2,A,real_claude,3.242490,2113,4,2113
real_claude_b025_P2_r1,A,real_claude,3.284271,924,1,924
real_claude_b025_P2_r2,A,real_claude,3.492181,825,1,825
real_claude_b025_P3_r1,A,real_claude,3.508672,2000,3,2000
real_claude_b025_P3_r2,A,real_claude,3.648141,1961,3,1961
real_claude_b026_P1_r1,A,real_claude,3.206578,2666,5,2666
real_claude_b026_P1_r2,A,real_claude,3.329147,1902,3,1902
real_claude_b026_P2_r1,A,real_claude,3.250724,1501,2,1501
real_claude_b026_P2_r2,A,real_claude,3.419098,909,1,909
real_claude_b026_P3_r1,A,real_claude,3.374624,2118,4,2118
real_claude_b026_P3_r2,A,real_claude,3.453444,2089,4,2089
real_claude_b027_P1_r1,A,real_claude,3.323089,2172,4,2172
real_claude_b027_P1_r2,A,real_claude,3.331676,2645,5,2645
real_claude_b027_P2_r1,A,real_claude,3.322677,1445,2,1445
real_claude_b027_P2_r2,A,real_claude,3.160787,1364,2,1364
real_claude_b027_P3_r1,A,real_claude,3.454449,2147,4,2147
real_claude_b027_P3_r2,A,real_claude,3.501159,2220,4,2220
real_claude_b028_P1_r1,A,real_claude,3.316592,2074,4,2074
real_claude_b028_P1_r2,A,real_claude,3.241364,1790,3,1790
real_claude_b028_P2_r1,A,real_claude,3.552820,1191,2,1191
real_claude_b028_P2_r2,A,real_claude,3.507219,1456,2,1456
real_claude_b028_P3_r1,A,real_claude,3.491908,2175,4,2175
real_claude_b028_P3_r2,A,real_claude,3.524093,1946,3,1946
real_claude_b029_P1_r1,A,real_claude,3.379502,2097,4,2097
real_claude_b029_P1_r2,A,real_claude,3.424252,2234,4,2234
real_claude_b029_P2_r1,A,real_claude,3.486238,1402,2,1402
real_claude_b029_P2_r2,A,real_claude,3.504551,1124,2,1124
real_claude_b029_P3_r1,A,real_claude,3.522289,2035,3,2035
real_claude_b029_P3_r2,A,real_claude,3.669235,2001,3,2001
real_claude_b030_P1_r1,A,real_claude,3.256525,2339,4,2339
real_claude_b030_P1_r2,A,real_claude,3.419543,2111,4,2111
real_claude_b030_P2_r1,A,real_claude,3.319601,1213,2,1213
real_claude_b030_P2_r2,A,real_claude,3.311643,1074,2,1074
real_claude_b030_P3_r1,A,real_claude,3.637996,1620,3,1620
real_claude_b030_P3_r2,A,real_claude,3.510057,1543,3,1543
real_claude_b031_P1_r1,A,real_claude,3.115673,2454,4,2454
real_claude_b031_P1_r2,A,real_claude,3.081692,2080,4,2080
real_claude_b031_P2_r1,A,real_claude,3.216148,847,1,847
real_claude_b031_P2_r2,A,real_claude,3.184277,998,1,998
real_claude_b031_P3_r1,A,real_claude,3.326314,1976,3,1976
real_claude_b031_P3_r2,A,real_claude,3.305874,1895,3,1895
real_claude_b032_P1_r1,A,real_claude,3.175073,2060,4,2060
real_claude_b032_P1_r2,A,real_claude,3.248511,2138,4,2138
real_claude_b032_P2_r1,A,real_claude,3.167984,1353,2,1353
real_claude_b032_P2_r2,A,real_claude,3.235991,1249,2,1249
real_claude_b032_P3_r1,A,real_claude,3.328896,2051,4,2051
real_claude_b032_P3_r2,A,real_claude,3.301053,2178,4,2178
real_claude_b033_P1_r1,A,real_claude,3.268471,2360,4,2360
real_claude_b033_P1_r2,A,real_claude,3.228023,2337,4,2337
real_claude_b033_P2_r1,A,real_claude,3.272539,1099,2,1099
real_claude_b033_P2_r2,A,real_claude,3.470538,1275,2,1275
real_claude_b033_P3_r1,A,real_claude,3.432019,1995,3,1995
real_claude_b033_P3_r2,A,real_claude,3.414949,2034,3,2034
real_claude_b034_P1_r1,A,real_claude,3.176215,2433,4,2433
real_claude_b034_P1_r2,A,real_claude,3.338644,2402,4,2402
real_claude_b034_P2_r1,A,real_claude,3.166329,1457,2,1457
real_claude_b034_P2_r2,A,real_claude,3.274455,1427,2,1427
real_claude_b034_P3_r1,A,real_claude,3.259876,2236,4,2236
real_claude_b034_P3_r2,A,real_claude,3.397684,1963,3,1963
real_claude_b035_P1_r1,A,real_claude,3.240160,2336,4,2336
real_claude_b035_P1_r2,A,real_claude,3.144148,2400,4,2400
real_claude_b035_P2_r1,A,real_claude,3.396080,987,1,987
real_claude_b035_P2_r2,A,real_claude,3.288206,1027,2,1027
real_claude_b035_P3_r1,A,real_claude,3.383441,2058,4,2058
real_claude_b035_P3_r2,A,real_claude,3.349188,2143,4,2143
real_claude_b036_P1_r1,A,real_claude,3.039146,2357,4,2357
real_claude_b036_P1_r2,A,real_claude,3.212438,2390,4,2390
real_claude_b036_P2_r1,A,real_claude,3.284543,1521,2,1521
real_claude_b036_P2_r2,A,real_claude,3.160283,1225,2,1225
real_claude_b036_P3_r1,A,real_claude,3.439508,1689,3,1689
real_claude_b036_P3_r2,A,real_claude,3.463117,1772,3,1772
real_claude_b037_P1_r1,A,real_claude,3.253467,1994,3,1994
real_claude_b037_P1_r2,A,real_claude,3.109333,2084,4,2084
real_claude_b037_P2_r1,A,real_claude,3.326267,1092,2,1092
real_claude_b037_P2_r2,A,real_claude,3.230184,996,1,996
real_claude_b037_P3_r1,A,real_claude,3.434187,1835,3,1835
real_claude_b037_P3_r2,A,real_claude,3.232426,2046,3,2046
real_claude_b038_P1_r1,A,real_claude,3.079814,2142,4,2142
real_claude_b038_P1_r2,A,real_claude,3.286448,2196,4,2196
real_claude_b038_P2_r1,A,real_claude,3.301924,1579,3,1579
real_claude_b038_P2_r2,A,real_claude,3.338725,1622,3,1622
real_claude_b038_P3_r1,A,real_claude,3.568692,2040,3,2040
real_claude_b038_P3_r2,A,real_claude,3.485309,2159,4,2159
real_claude_b039_P1_r1,A,real_claude,3.122151,2445,4,2445
real_claude_b039_P1_r2,A,real_claude,3.297001,2512,4,2512
real_claude_b039_P2_r1,A,real_claude,3.226230,1163,2,1163
real_claude_b039_P2_r2,A,real_claude,3.219635,1062,2,1062
real_claude_b039_P3_r1,A,real_claude,3.399154,2086,4,2086
real_claude_b039_P3_r2,A,real_claude,3.450915,2122,4,2122
real_claude_b040_P1_r1,A,real_claude,3.341096,2389,4,2389
real_claude_b040_P1_r2,A,real_claude,3.527482,1970,3,1970
real_claude_b040_P2_r1,A,real_claude,3.529908,1347,2,1347
real_claude_b040_P2_r2,A,real_claude,3.490160,1365,2,1365
real_claude_b040_P3_r1,A,real_claude,3.562697,1716,3,1716
real_claude_b040_P3_r2,A,real_claude,3.478730,2064,4,2064
real_claude_b041_P1_r1,A,real_claude,3.129980,2375,4,2375
real_claude_b041_P1_r2,A,real_claude,2.988972,1988,3,1988
real_claude_b041_P2_r1,A,real_claude,3.285525,1034,2,1034
real_claude_b041_P2_r2,A,real_claude,3.157064,1175,2,1175
real_claude_b041_P3_r1,A,real_claude,3.261318,1899,3,1899
real_claude_b041_P3_r2,A,real_claude,3.287228,1916,3,1916
real_claude_b042_P1_r1,A,real_claude,3.121731,2531,4,2531
real_claude_b042_P1_r2,A,real_claude,3.086295,2550,4,2550
real_claude_b042_P2_r1,A,real_claude,3.395457,1056,2,1056
real_claude_b042_P2_r2,A,real_claude,3.303576,951,1,951
real_claude_b042_P3_r1,A,real_claude,3.199038,1501,2,1501
real_claude_b042_P3_r2,A,real_claude,3.311909,2047,3,2047
real_claude_b043_P1_r1,A,real_claude,3.342891,2333,4,2333
real_claude_b043_P1_r2,A,real_claude,3.418180,2346,4,2346
real_claude_b043_P2_r1,A,real_claude,3.243452,1413,2,1413
real_claude_b043_P2_r2,A,real_claude,3.138704,1059,2,1059
real_claude_b043_P3_r1,A,real_claude,3.624649,1651,3,1651
real_claude_b043_P3_r2,A,real_claude,3.581661,2095,4,2095
real_claude_b044_P1_r1,A,real_claude,3.158979,2447,4,2447
real_claude_b044_P1_r2,A,real_claude,3.292637,2083,4,2083
real_claude_b044_P2_r1,A,real_claude,3.181526,1014,1,1014
real_claude_b044_P2_r2,A,real_claude,3.326273,1092,2,1092
real_claude_b044_P3_r1,A,real_claude,3.413654,1959,3,1959
real_claude_b044_P3_r2,A,real_claude,3.469828,1851,3,1851
real_claude_b045_P1_r1,A,real_claude,3.313227,2748,5,2748
real_claude_b045_P1_r2,A,real_claude,3.415120,2499,4,2499
real_claude_b045_P2_r1,A,real_claude,3.370861,1484,2,1484
real_claude_b045_P2_r2,A,real_claude,3.400815,1585,3,1585
real_claude_b045_P3_r1,A,real_claude,3.477903,2604,5,2604
real_claude_b045_P3_r2,A,real_claude,3.423991,2440,4,2440
