document_id,transform_number,origin_class,generation_channel,nll_baseline,nll_transformed,delta_nll,scored_tokens,n_windows,status
deepseek_pro_b002_P3_r1,1,A,deepseek_pro,2.932154,2.936135,0.003981,2188,4,ok
deepseek_pro_b004_P2_r1,1,A,deepseek_pro,2.962420,2.965792,0.003372,1462,2,ok
deepseek_pro_b007_P3_r2,1,A,deepseek_pro,3.047212,3.049798,0.002586,2708,5,ok
deepseek_pro_b009_P1_r1,1,A,deepseek_pro,2.999451,2.999829,0.000378,2933,5,ok
deepseek_pro_b009_P2_r2,1,A,deepseek_pro,2.931191,2.937648,0.006457,1067,2,ok
deepseek_pro_b021_P2_r2,1,A,deepseek_pro,2.957460,2.963576,0.006116,649,1,ok
deepseek_pro_b037_P2_r2,1,A,deepseek_pro,3.110237,3.109831,-0.000406,1224,2,ok
deepseek_pro_b038_P1_r2,1,A,deepseek_pro,3.184690,3.184317,-0.000373,2763,5,ok
gpt_b004_P1_r1,1,A,gpt,3.141123,3.141661,0.000538,1944,3,ok
gpt_b004_P3_r1,1,A,gpt,3.241070,3.241882,0.000812,1934,3,ok
gpt_b021_P3_r2,1,A,gpt,3.423261,3.423959,0.000698,1952,3,ok
gpt_b026_P1_r1,1,A,gpt,2.959196,2.960305,0.001109,2228,4,ok
gpt_b028_P2_r1,1,A,gpt,3.233938,3.236158,0.002220,1339,2,ok
gpt_b031_P1_r1,1,A,gpt,2.903248,2.903105,-0.000143,2211,4,ok
gpt_b040_P2_r1,1,A,gpt,3.096807,3.100649,0.003842,1661,3,ok
human_hard_rusltc_0001,1,H,,3.121580,3.120417,-0.001163,1067,2,ok
human_hard_rusltc_0002,1,H,,2.809068,2.810766,0.001698,1350,2,ok
human_hard_rusltc_0003,1,H,,3.290485,3.289230,-0.001255,2403,4,ok
human_hard_rusltc_0055,1,H,,2.648841,2.648841,-0.000000,1106,2,applied_no_change
human_hard_rusltc_0068,1,H,,2.655230,2.657191,0.001961,1404,2,ok
human_hard_rusltc_0073,1,H,,3.063622,3.063622,0.000000,2242,4,applied_no_change
human_news_buriy_2014_0027,1,H,,2.947762,2.942545,-0.005217,1169,2,ok
human_news_buriy_2014_0034,1,H,,2.498666,2.489130,-0.009536,1800,3,ok
human_news_gazeta_0031,1,H,,2.431371,2.428333,-0.003038,1327,2,ok
human_news_gazeta_0040,1,H,,2.576308,2.577078,0.000770,1217,2,ok
human_news_lenta_0001,1,H,,2.672448,2.674778,0.002330,1060,2,ok
human_news_lenta_0016,1,H,,2.354553,2.358905,0.004352,1673,3,ok
human_prose_taiga_arzamas_0050,1,H,,2.864683,2.864683,0.000000,2356,4,applied_no_change
human_prose_taiga_arzamas_0051,1,H,,2.834851,2.834851,0.000000,2413,4,applied_no_change
human_prose_taiga_magazines_0048,1,H,,3.268327,3.268792,0.000465,6155,12,ok
human_prose_taiga_magazines_0053,1,H,,3.980711,3.983074,0.002363,1337,2,ok
human_prose_taiga_proza_0034,1,H,,2.506692,2.506692,0.000000,1172,2,applied_no_change
human_prose_taiga_proza_0056,1,H,,3.359663,3.352012,-0.007651,1851,3,ok
human_science_cyberleninka_0026,1,H,,2.455090,2.455448,0.000358,3171,6,ok
human_science_cyberleninka_0031,1,H,,2.320432,2.324105,0.003673,1997,3,ok
human_science_cyberleninka_0032,1,H,,2.172165,2.171658,-0.000507,2072,4,ok
human_science_cyberleninka_0053,1,H,,2.257457,2.255762,-0.001695,7107,13,ok
human_science_spbgu_0024,1,H,,2.412085,2.411366,-0.000719,5499,10,ok
human_science_urfu_0028,1,H,,2.470474,2.469896,-0.000578,7712,15,ok
human_seo_alaev_0004,1,H,,3.119545,3.101002,-0.018543,3290,6,ok
human_seo_convertmonster_0001,1,H,,2.423620,2.423511,-0.000109,904,1,ok
human_seo_devaka_ru_0004,1,H,,3.158421,3.156302,-0.002119,1556,3,ok
human_seo_drmax_0002,1,H,,3.434824,3.434831,0.000007,3308,6,ok
human_seo_drmax_su_0001,1,H,,3.052851,3.055544,0.002693,1065,2,ok
human_seo_labrika_0002,1,H,,2.414394,2.418710,0.004316,2483,4,ok
nemotron_b012_P1_r1,1,A,nemotron,3.423155,3.429781,0.006626,1081,2,ok
nemotron_b015_P3_r2,1,A,nemotron,3.022644,3.022751,0.000107,3940,7,ok
nemotron_b016_P1_r1,1,A,nemotron,3.486115,3.482988,-0.003127,1401,2,ok
nemotron_b022_P3_r2,1,A,nemotron,3.302259,3.304080,0.001821,2492,4,ok
nemotron_b028_P1_r2,1,A,nemotron,3.295929,3.297041,0.001112,1958,3,ok
nemotron_b033_P2_r2,1,A,nemotron,3.343024,3.335523,-0.007501,672,1,ok
nemotron_b038_P1_r2,1,A,nemotron,3.300879,3.299991,-0.000888,2066,4,ok
real_claude_b015_P2_r1,1,A,real_claude,3.276098,3.284500,0.008402,1016,1,ok
real_claude_b018_P3_r2,1,A,real_claude,3.522522,3.526727,0.004205,2195,4,ok
real_claude_b024_P1_r2,1,A,real_claude,3.401401,3.405043,0.003642,1622,3,ok
real_claude_b025_P2_r1,1,A,real_claude,3.284271,3.286623,0.002352,924,1,ok
real_claude_b034_P2_r2,1,A,real_claude,3.274455,3.279797,0.005342,1427,2,ok
real_claude_b040_P3_r2,1,A,real_claude,3.478730,3.483670,0.004940,2064,4,ok
real_claude_b042_P3_r2,1,A,real_claude,3.311909,3.314418,0.002509,2047,3,ok
real_claude_b045_P3_r1,1,A,real_claude,3.477903,3.479752,0.001849,2604,5,ok
deepseek_pro_b002_P3_r1,2,A,deepseek_pro,2.932154,2.932154,0.000000,2188,4,applied_no_change
deepseek_pro_b004_P2_r1,2,A,deepseek_pro,2.962420,2.916305,-0.046115,1508,2,ok
deepseek_pro_b007_P3_r2,2,A,deepseek_pro,3.047212,3.047212,0.000000,2708,5,applied_no_change
deepseek_pro_b009_P1_r1,2,A,deepseek_pro,2.999451,2.999472,0.000021,2958,5,ok
deepseek_pro_b009_P2_r2,2,A,deepseek_pro,2.931191,2.931191,-0.000000,1067,2,applied_no_change
deepseek_pro_b021_P2_r2,2,A,deepseek_pro,2.957460,2.957460,0.000000,649,1,applied_no_change
deepseek_pro_b037_P2_r2,2,A,deepseek_pro,3.110237,3.099123,-0.011114,1304,2,ok
deepseek_pro_b038_P1_r2,2,A,deepseek_pro,3.184690,3.186642,0.001952,2809,5,ok
gpt_b004_P1_r1,2,A,gpt,3.141123,3.141123,0.000000,1944,3,applied_no_change
gpt_b004_P3_r1,2,A,gpt,3.241070,3.241070,0.000000,1934,3,applied_no_change
gpt_b021_P3_r2,2,A,gpt,3.423261,3.423261,0.000000,1952,3,applied_no_change
gpt_b026_P1_r1,2,A,gpt,2.959196,2.959196,0.000000,2228,4,applied_no_change
gpt_b028_P2_r1,2,A,gpt,3.233938,3.191812,-0.042126,1373,2,ok
gpt_b031_P1_r1,2,A,gpt,2.903248,2.903248,0.000000,2211,4,applied_no_change
gpt_b040_P2_r1,2,A,gpt,3.096807,3.051328,-0.045479,1698,3,ok
human_hard_rusltc_0001,2,H,,3.121580,3.121580,-0.000000,1067,2,applied_no_change
human_hard_rusltc_0002,2,H,,2.809068,2.809068,-0.000000,1350,2,applied_no_change
human_hard_rusltc_0003,2,H,,3.290485,3.290485,-0.000000,2403,4,applied_no_change
human_hard_rusltc_0055,2,H,,2.648841,2.648841,-0.000000,1106,2,applied_no_change
human_hard_rusltc_0068,2,H,,2.655230,2.655230,0.000000,1404,2,applied_no_change
human_hard_rusltc_0073,2,H,,3.063622,3.063622,0.000000,2242,4,applied_no_change
human_news_buriy_2014_0027,2,H,,2.947762,2.947762,-0.000000,1169,2,applied_no_change
human_news_buriy_2014_0034,2,H,,2.498666,2.498666,0.000000,1800,3,applied_no_change
human_news_gazeta_0031,2,H,,2.431371,2.431371,-0.000000,1327,2,applied_no_change
human_news_gazeta_0040,2,H,,2.576308,2.576308,0.000000,1217,2,applied_no_change
human_news_lenta_0001,2,H,,2.672448,2.672448,-0.000000,1060,2,applied_no_change
human_news_lenta_0016,2,H,,2.354553,2.354553,0.000000,1673,3,applied_no_change
human_prose_taiga_arzamas_0050,2,H,,2.864683,2.864683,0.000000,2356,4,applied_no_change
human_prose_taiga_arzamas_0051,2,H,,2.834851,2.834851,0.000000,2413,4,applied_no_change
human_prose_taiga_magazines_0048,2,H,,3.268327,3.268327,0.000000,6155,12,applied_no_change
human_prose_taiga_magazines_0053,2,H,,3.980711,3.980711,0.000000,1337,2,applied_no_change
human_prose_taiga_proza_0034,2,H,,2.506692,2.506692,0.000000,1172,2,applied_no_change
human_prose_taiga_proza_0056,2,H,,3.359663,3.359663,-0.000000,1851,3,applied_no_change
human_science_cyberleninka_0026,2,H,,2.455090,2.455090,0.000000,3171,6,applied_no_change
human_science_cyberleninka_0031,2,H,,2.320432,2.320432,0.000000,1997,3,applied_no_change
human_science_cyberleninka_0032,2,H,,2.172165,2.172165,0.000000,2072,4,applied_no_change
human_science_cyberleninka_0053,2,H,,2.257457,2.256169,-0.001288,7106,13,ok
human_science_spbgu_0024,2,H,,2.412085,2.412085,0.000000,5499,10,applied_no_change
human_science_urfu_0028,2,H,,2.470474,2.471338,0.000864,7711,15,ok
human_seo_alaev_0004,2,H,,3.119545,3.105702,-0.013843,3290,6,ok
human_seo_convertmonster_0001,2,H,,2.423620,2.423620,0.000000,904,1,applied_no_change
human_seo_devaka_ru_0004,2,H,,3.158421,3.158421,0.000000,1556,3,applied_no_change
human_seo_drmax_0002,2,H,,3.434824,3.434824,0.000000,3308,6,applied_no_change
human_seo_drmax_su_0001,2,H,,3.052851,3.052851,0.000000,1065,2,applied_no_change
human_seo_labrika_0002,2,H,,2.414394,2.421153,0.006759,2483,4,ok
nemotron_b012_P1_r1,2,A,nemotron,3.423155,3.436637,0.013482,1082,2,ok
nemotron_b015_P3_r2,2,A,nemotron,3.022644,3.022106,-0.000538,3940,7,ok
nemotron_b016_P1_r1,2,A,nemotron,3.486115,3.472355,-0.013760,1476,2,ok
nemotron_b022_P3_r2,2,A,nemotron,3.302259,3.302259,-0.000000,2492,4,applied_no_change
nemotron_b028_P1_r2,2,A,nemotron,3.295929,3.298470,0.002541,1973,3,ok
nemotron_b033_P2_r2,2,A,nemotron,3.343024,3.293942,-0.049082,722,1,ok
nemotron_b038_P1_r2,2,A,nemotron,3.300879,3.300879,-0.000000,2066,4,applied_no_change
real_claude_b015_P2_r1,2,A,real_claude,3.276098,3.276098,0.000000,1016,1,applied_no_change
real_claude_b018_P3_r2,2,A,real_claude,3.522522,3.522522,0.000000,2195,4,applied_no_change
real_claude_b024_P1_r2,2,A,real_claude,3.401401,3.401401,-0.000000,1622,3,applied_no_change
real_claude_b025_P2_r1,2,A,real_claude,3.284271,3.284271,0.000000,924,1,applied_no_change
real_claude_b034_P2_r2,2,A,real_claude,3.274455,3.274455,-0.000000,1427,2,applied_no_change
real_claude_b040_P3_r2,2,A,real_claude,3.478730,3.478730,0.000000,2064,4,applied_no_change
real_claude_b042_P3_r2,2,A,real_claude,3.311909,3.311909,-0.000000,2047,3,applied_no_change
real_claude_b045_P3_r1,2,A,real_claude,3.477903,3.477903,-0.000000,2604,5,applied_no_change
deepseek_pro_b002_P3_r1,3,A,deepseek_pro,2.932154,2.932154,0.000000,2188,4,applied_no_change
deepseek_pro_b004_P2_r1,3,A,deepseek_pro,2.962420,2.962420,0.000000,1462,2,applied_no_change
deepseek_pro_b007_P3_r2,3,A,deepseek_pro,3.047212,3.047212,0.000000,2708,5,applied_no_change
deepseek_pro_b009_P1_r1,3,A,deepseek_pro,2.999451,2.999451,0.000000,2933,5,applied_no_change
deepseek_pro_b009_P2_r2,3,A,deepseek_pro,2.931191,2.931191,-0.000000,1067,2,applied_no_change
deepseek_pro_b021_P2_r2,3,A,deepseek_pro,2.957460,2.957460,0.000000,649,1,applied_no_change
deepseek_pro_b037_P2_r2,3,A,deepseek_pro,3.110237,3.110237,0.000000,1224,2,applied_no_change
deepseek_pro_b038_P1_r2,3,A,deepseek_pro,3.184690,3.184690,0.000000,2763,5,applied_no_change
gpt_b004_P1_r1,3,A,gpt,3.141123,3.141123,0.000000,1944,3,applied_no_change
gpt_b004_P3_r1,3,A,gpt,3.241070,3.241070,0.000000,1934,3,applied_no_change
gpt_b021_P3_r2,3,A,gpt,3.423261,3.423261,0.000000,1952,3,applied_no_change
gpt_b026_P1_r1,3,A,gpt,2.959196,2.959196,0.000000,2228,4,applied_no_change
gpt_b028_P2_r1,3,A,gpt,3.233938,3.233938,0.000000,1339,2,applied_no_change
gpt_b031_P1_r1,3,A,gpt,2.903248,2.903248,0.000000,2211,4,applied_no_change
gpt_b040_P2_r1,3,A,gpt,3.096807,3.096807,0.000000,1661,3,applied_no_change
human_hard_rusltc_0001,3,H,,3.121580,3.121580,-0.000000,1067,2,applied_no_change
human_hard_rusltc_0002,3,H,,2.809068,2.809068,-0.000000,1350,2,applied_no_change
human_hard_rusltc_0003,3,H,,3.290485,3.290485,-0.000000,2403,4,applied_no_change
human_hard_rusltc_0055,3,H,,2.648841,2.648841,-0.000000,1106,2,applied_no_change
human_hard_rusltc_0068,3,H,,2.655230,2.655230,0.000000,1404,2,applied_no_change
human_hard_rusltc_0073,3,H,,3.063622,3.063622,0.000000,2242,4,applied_no_change
human_news_buriy_2014_0027,3,H,,2.947762,2.947762,-0.000000,1169,2,applied_no_change
human_news_buriy_2014_0034,3,H,,2.498666,2.498666,0.000000,1800,3,applied_no_change
human_news_gazeta_0031,3,H,,2.431371,2.431371,-0.000000,1327,2,applied_no_change
human_news_gazeta_0040,3,H,,2.576308,2.576308,0.000000,1217,2,applied_no_change
human_news_lenta_0001,3,H,,2.672448,2.672448,-0.000000,1060,2,applied_no_change
human_news_lenta_0016,3,H,,2.354553,2.354553,0.000000,1673,3,applied_no_change
human_prose_taiga_arzamas_0050,3,H,,2.864683,2.864683,0.000000,2356,4,applied_no_change
human_prose_taiga_arzamas_0051,3,H,,2.834851,2.834851,0.000000,2413,4,applied_no_change
human_prose_taiga_magazines_0048,3,H,,3.268327,3.268327,0.000000,6155,12,applied_no_change
human_prose_taiga_magazines_0053,3,H,,3.980711,3.980711,0.000000,1337,2,applied_no_change
human_prose_taiga_proza_0034,3,H,,2.506692,2.506692,0.000000,1172,2,applied_no_change
human_prose_taiga_proza_0056,3,H,,3.359663,3.359663,-0.000000,1851,3,applied_no_change
human_science_cyberleninka_0026,3,H,,2.455090,2.455090,0.000000,3171,6,applied_no_change
human_science_cyberleninka_0031,3,H,,2.320432,2.320432,0.000000,1997,3,applied_no_change
human_science_cyberleninka_0032,3,H,,2.172165,2.172165,0.000000,2072,4,applied_no_change
human_science_cyberleninka_0053,3,H,,2.257457,2.256122,-0.001335,7107,13,ok
human_science_spbgu_0024,3,H,,2.412085,2.412085,0.000000,5499,10,applied_no_change
human_science_urfu_0028,3,H,,2.470474,2.470474,0.000000,7712,15,applied_no_change
human_seo_alaev_0004,3,H,,3.119545,3.105702,-0.013843,3290,6,ok
human_seo_convertmonster_0001,3,H,,2.423620,2.423620,0.000000,904,1,applied_no_change
human_seo_devaka_ru_0004,3,H,,3.158421,3.158421,0.000000,1556,3,applied_no_change
human_seo_drmax_0002,3,H,,3.434824,3.434824,0.000000,3308,6,applied_no_change
human_seo_drmax_su_0001,3,H,,3.052851,3.052851,0.000000,1065,2,applied_no_change
human_seo_labrika_0002,3,H,,2.414394,2.421153,0.006759,2483,4,ok
nemotron_b012_P1_r1,3,A,nemotron,3.423155,3.423155,0.000000,1081,2,applied_no_change
nemotron_b015_P3_r2,3,A,nemotron,3.022644,3.022644,0.000000,3940,7,applied_no_change
nemotron_b016_P1_r1,3,A,nemotron,3.486115,3.486115,0.000000,1401,2,applied_no_change
nemotron_b022_P3_r2,3,A,nemotron,3.302259,3.302259,-0.000000,2492,4,applied_no_change
nemotron_b028_P1_r2,3,A,nemotron,3.295929,3.295929,0.000000,1958,3,applied_no_change
nemotron_b033_P2_r2,3,A,nemotron,3.343024,3.343024,-0.000000,672,1,applied_no_change
nemotron_b038_P1_r2,3,A,nemotron,3.300879,3.300879,-0.000000,2066,4,applied_no_change
real_claude_b015_P2_r1,3,A,real_claude,3.276098,3.276098,0.000000,1016,1,applied_no_change
real_claude_b018_P3_r2,3,A,real_claude,3.522522,3.522522,0.000000,2195,4,applied_no_change
real_claude_b024_P1_r2,3,A,real_claude,3.401401,3.401401,-0.000000,1622,3,applied_no_change
real_claude_b025_P2_r1,3,A,real_claude,3.284271,3.284271,0.000000,924,1,applied_no_change
real_claude_b034_P2_r2,3,A,real_claude,3.274455,3.274455,-0.000000,1427,2,applied_no_change
real_claude_b040_P3_r2,3,A,real_claude,3.478730,3.478730,0.000000,2064,4,applied_no_change
real_claude_b042_P3_r2,3,A,real_claude,3.311909,3.311909,-0.000000,2047,3,applied_no_change
real_claude_b045_P3_r1,3,A,real_claude,3.477903,3.477903,-0.000000,2604,5,applied_no_change
deepseek_pro_b002_P3_r1,4,A,deepseek_pro,2.932154,3.045042,0.112888,2188,4,ok
deepseek_pro_b004_P2_r1,4,A,deepseek_pro,2.962420,3.053266,0.090846,1638,3,ok
deepseek_pro_b007_P3_r2,4,A,deepseek_pro,3.047212,3.219315,0.172103,2708,5,ok
deepseek_pro_b009_P1_r1,4,A,deepseek_pro,2.999451,3.079435,0.079984,2957,5,ok
deepseek_pro_b009_P2_r2,4,A,deepseek_pro,2.931191,2.929518,-0.001673,1067,2,ok
deepseek_pro_b021_P2_r2,4,A,deepseek_pro,2.957460,2.983596,0.026136,649,1,ok
deepseek_pro_b037_P2_r2,4,A,deepseek_pro,3.110237,3.157890,0.047653,1277,2,ok
deepseek_pro_b038_P1_r2,4,A,deepseek_pro,3.184690,3.213522,0.028832,2808,5,ok
gpt_b004_P1_r1,4,A,gpt,3.141123,3.184949,0.043826,1944,3,ok
gpt_b004_P3_r1,4,A,gpt,3.241070,3.265148,0.024078,1934,3,ok
gpt_b021_P3_r2,4,A,gpt,3.423261,3.422200,-0.001061,1952,3,ok
gpt_b026_P1_r1,4,A,gpt,2.959196,3.040217,0.081021,2228,4,ok
gpt_b028_P2_r1,4,A,gpt,3.233938,3.283724,0.049786,1355,2,ok
gpt_b031_P1_r1,4,A,gpt,2.903248,2.980966,0.077718,2211,4,ok
gpt_b040_P2_r1,4,A,gpt,3.096807,3.099482,0.002675,1674,3,ok
human_hard_rusltc_0001,4,H,,3.121580,3.121580,-0.000000,1067,2,applied_no_change
human_hard_rusltc_0002,4,H,,2.809068,2.809068,-0.000000,1350,2,applied_no_change
human_hard_rusltc_0003,4,H,,3.290485,3.290485,-0.000000,2403,4,applied_no_change
human_hard_rusltc_0055,4,H,,2.648841,2.648841,-0.000000,1106,2,applied_no_change
human_hard_rusltc_0068,4,H,,2.655230,2.655230,0.000000,1404,2,applied_no_change
human_hard_rusltc_0073,4,H,,3.063622,3.063622,0.000000,2242,4,applied_no_change
human_news_buriy_2014_0027,4,H,,2.947762,2.947762,-0.000000,1169,2,applied_no_change
human_news_buriy_2014_0034,4,H,,2.498666,2.498666,0.000000,1800,3,applied_no_change
human_news_gazeta_0031,4,H,,2.431371,2.431371,-0.000000,1327,2,applied_no_change
human_news_gazeta_0040,4,H,,2.576308,2.576308,0.000000,1217,2,applied_no_change
human_news_lenta_0001,4,H,,2.672448,2.672448,-0.000000,1060,2,applied_no_change
human_news_lenta_0016,4,H,,2.354553,2.354553,0.000000,1673,3,applied_no_change
human_prose_taiga_arzamas_0050,4,H,,2.864683,2.889691,0.025008,2356,4,ok
human_prose_taiga_arzamas_0051,4,H,,2.834851,2.834851,0.000000,2413,4,applied_no_change
human_prose_taiga_magazines_0048,4,H,,3.268327,3.276063,0.007736,6155,12,ok
human_prose_taiga_magazines_0053,4,H,,3.980711,3.992340,0.011629,1337,2,ok
human_prose_taiga_proza_0034,4,H,,2.506692,2.754559,0.247867,1172,2,ok
human_prose_taiga_proza_0056,4,H,,3.359663,3.359663,-0.000000,1851,3,applied_no_change
human_science_cyberleninka_0026,4,H,,2.455090,2.540180,0.085090,3176,6,ok
human_science_cyberleninka_0031,4,H,,2.320432,2.445523,0.125091,2177,4,ok
human_science_cyberleninka_0032,4,H,,2.172165,2.256365,0.084200,2072,4,ok
human_science_cyberleninka_0053,4,H,,2.257457,2.598881,0.341424,7520,14,ok
human_science_spbgu_0024,4,H,,2.412085,2.670571,0.258486,5512,10,ok
human_science_urfu_0028,4,H,,2.470474,2.470474,0.000000,7712,15,applied_no_change
human_seo_alaev_0004,4,H,,3.119545,3.188143,0.068598,3290,6,ok
human_seo_convertmonster_0001,4,H,,2.423620,2.533178,0.109558,904,1,ok
human_seo_devaka_ru_0004,4,H,,3.158421,3.261872,0.103451,1556,3,ok
human_seo_drmax_0002,4,H,,3.434824,3.594271,0.159447,3308,6,ok
human_seo_drmax_su_0001,4,H,,3.052851,3.101097,0.048246,1645,3,ok
human_seo_labrika_0002,4,H,,2.414394,2.607757,0.193363,2483,4,ok
nemotron_b012_P1_r1,4,A,nemotron,3.423155,3.431602,0.008447,1081,2,ok
nemotron_b015_P3_r2,4,A,nemotron,3.022644,3.071700,0.049056,3736,7,ok
nemotron_b016_P1_r1,4,A,nemotron,3.486115,3.528989,0.042874,1401,2,ok
nemotron_b022_P3_r2,4,A,nemotron,3.302259,3.408295,0.106036,2492,4,ok
nemotron_b028_P1_r2,4,A,nemotron,3.295929,3.429382,0.133453,1958,3,ok
nemotron_b033_P2_r2,4,A,nemotron,3.343024,3.349881,0.006857,672,1,ok
nemotron_b038_P1_r2,4,A,nemotron,3.300879,3.374172,0.073293,2066,4,ok
real_claude_b015_P2_r1,4,A,real_claude,3.276098,3.292085,0.015987,1044,2,ok
real_claude_b018_P3_r2,4,A,real_claude,3.522522,3.544771,0.022249,2195,4,ok
real_claude_b024_P1_r2,4,A,real_claude,3.401401,3.470633,0.069232,1628,3,ok
real_claude_b025_P2_r1,4,A,real_claude,3.284271,3.302192,0.017921,932,1,ok
real_claude_b034_P2_r2,4,A,real_claude,3.274455,3.276828,0.002373,1427,2,ok
real_claude_b040_P3_r2,4,A,real_claude,3.478730,3.517133,0.038403,2064,4,ok
real_claude_b042_P3_r2,4,A,real_claude,3.311909,3.369655,0.057746,2047,3,ok
real_claude_b045_P3_r1,4,A,real_claude,3.477903,3.504945,0.027042,2604,5,ok
deepseek_pro_b002_P3_r1,5,A,deepseek_pro,2.932154,2.962596,0.030442,2195,4,ok
deepseek_pro_b004_P2_r1,5,A,deepseek_pro,2.962420,2.984832,0.022412,1465,2,ok
deepseek_pro_b007_P3_r2,5,A,deepseek_pro,3.047212,3.052023,0.004811,2715,5,ok
deepseek_pro_b009_P1_r1,5,A,deepseek_pro,2.999451,3.030494,0.031043,2941,5,ok
deepseek_pro_b009_P2_r2,5,A,deepseek_pro,2.931191,2.968705,0.037514,1071,2,ok
deepseek_pro_b021_P2_r2,5,A,deepseek_pro,2.957460,2.957460,0.000000,649,1,applied_no_change
deepseek_pro_b037_P2_r2,5,A,deepseek_pro,3.110237,3.112362,0.002125,1224,2,ok
deepseek_pro_b038_P1_r2,5,A,deepseek_pro,3.184690,3.184203,-0.000487,2773,5,ok
gpt_b004_P1_r1,5,A,gpt,3.141123,3.151408,0.010285,1945,3,ok
gpt_b004_P3_r1,5,A,gpt,3.241070,3.243672,0.002602,1934,3,ok
gpt_b021_P3_r2,5,A,gpt,3.423261,3.424178,0.000917,1952,3,ok
gpt_b026_P1_r1,5,A,gpt,2.959196,2.960306,0.001110,2228,4,ok
gpt_b028_P2_r1,5,A,gpt,3.233938,3.232860,-0.001078,1339,2,ok
gpt_b031_P1_r1,5,A,gpt,2.903248,2.920157,0.016909,2211,4,ok
gpt_b040_P2_r1,5,A,gpt,3.096807,3.097878,0.001071,1661,3,ok
human_hard_rusltc_0001,5,H,,3.121580,3.123877,0.002297,1068,2,ok
human_hard_rusltc_0002,5,H,,2.809068,2.813801,0.004733,1350,2,ok
human_hard_rusltc_0003,5,H,,3.290485,3.293714,0.003229,2403,4,ok
human_hard_rusltc_0055,5,H,,2.648841,2.648841,-0.000000,1106,2,applied_no_change
human_hard_rusltc_0068,5,H,,2.655230,2.707124,0.051894,1401,2,ok
human_hard_rusltc_0073,5,H,,3.063622,3.067411,0.003789,2244,4,ok
human_news_buriy_2014_0027,5,H,,2.947762,2.944064,-0.003698,1174,2,ok
human_news_buriy_2014_0034,5,H,,2.498666,2.505453,0.006787,1801,3,ok
human_news_gazeta_0031,5,H,,2.431371,2.448730,0.017359,1326,2,ok
human_news_gazeta_0040,5,H,,2.576308,2.579657,0.003349,1217,2,ok
human_news_lenta_0001,5,H,,2.672448,2.681384,0.008936,1060,2,ok
human_news_lenta_0016,5,H,,2.354553,2.366390,0.011837,1674,3,ok
human_prose_taiga_arzamas_0050,5,H,,2.864683,2.868611,0.003928,2362,4,ok
human_prose_taiga_arzamas_0051,5,H,,2.834851,2.835744,0.000893,2413,4,ok
human_prose_taiga_magazines_0048,5,H,,3.268327,3.267353,-0.000974,6225,12,ok
human_prose_taiga_magazines_0053,5,H,,3.980711,3.921393,-0.059318,1365,2,ok
human_prose_taiga_proza_0034,5,H,,2.506692,2.498216,-0.008476,1172,2,ok
human_prose_taiga_proza_0056,5,H,,3.359663,3.372651,0.012988,1854,3,ok
human_science_cyberleninka_0026,5,H,,2.455090,2.465964,0.010874,3199,6,ok
human_science_cyberleninka_0031,5,H,,2.320432,2.325286,0.004854,2365,4,ok
human_science_cyberleninka_0032,5,H,,2.172165,2.215366,0.043201,2119,4,ok
human_science_cyberleninka_0053,5,H,,2.257457,2.352126,0.094669,8619,16,ok
human_science_spbgu_0024,5,H,,2.412085,2.424766,0.012681,5529,10,ok
human_science_urfu_0028,5,H,,2.470474,2.471895,0.001421,7714,15,ok
human_seo_alaev_0004,5,H,,3.119545,3.108770,-0.010775,3295,6,ok
human_seo_convertmonster_0001,5,H,,2.423620,2.390979,-0.032641,903,1,ok
human_seo_devaka_ru_0004,5,H,,3.158421,3.179147,0.020726,1575,3,ok
human_seo_drmax_0002,5,H,,3.434824,3.455825,0.021001,3306,6,ok
human_seo_drmax_su_0001,5,H,,3.052851,3.000220,-0.052631,958,1,ok
human_seo_labrika_0002,5,H,,2.414394,2.422354,0.007960,2485,4,ok
nemotron_b012_P1_r1,5,A,nemotron,3.423155,3.435294,0.012139,1086,2,ok
nemotron_b015_P3_r2,5,A,nemotron,3.022644,3.076858,0.054214,3949,7,ok
nemotron_b016_P1_r1,5,A,nemotron,3.486115,3.506896,0.020781,1413,2,ok
nemotron_b022_P3_r2,5,A,nemotron,3.302259,3.299792,-0.002467,2511,4,ok
nemotron_b028_P1_r2,5,A,nemotron,3.295929,3.296987,0.001058,1974,3,ok
nemotron_b033_P2_r2,5,A,nemotron,3.343024,3.351346,0.008322,675,1,ok
nemotron_b038_P1_r2,5,A,nemotron,3.300879,3.311862,0.010983,2068,4,ok
real_claude_b015_P2_r1,5,A,real_claude,3.276098,3.281881,0.005783,1019,1,ok
real_claude_b018_P3_r2,5,A,real_claude,3.522522,3.527936,0.005414,2205,4,ok
real_claude_b024_P1_r2,5,A,real_claude,3.401401,3.386831,-0.014570,1636,3,ok
real_claude_b025_P2_r1,5,A,real_claude,3.284271,3.300768,0.016497,929,1,ok
real_claude_b034_P2_r2,5,A,real_claude,3.274455,3.285286,0.010831,1432,2,ok
real_claude_b040_P3_r2,5,A,real_claude,3.478730,3.482782,0.004052,2074,4,ok
real_claude_b042_P3_r2,5,A,real_claude,3.311909,3.318359,0.006450,2055,4,ok
real_claude_b045_P3_r1,5,A,real_claude,3.477903,3.475419,-0.002484,2622,5,ok
deepseek_pro_b002_P3_r1,10,A,deepseek_pro,2.932154,3.228315,0.296161,1471,2,ok
deepseek_pro_b004_P2_r1,10,A,deepseek_pro,2.962420,3.050713,0.088293,2123,4,ok
deepseek_pro_b007_P3_r2,10,A,deepseek_pro,3.047212,3.219278,0.172066,2054,4,ok
deepseek_pro_b009_P1_r1,10,A,deepseek_pro,2.999451,3.151735,0.152284,2141,4,ok
deepseek_pro_b009_P2_r2,10,A,deepseek_pro,2.931191,3.140283,0.209092,1357,2,ok
deepseek_pro_b021_P2_r2,10,A,deepseek_pro,2.957460,3.121524,0.164064,514,1,ok
deepseek_pro_b037_P2_r2,10,A,deepseek_pro,3.110237,3.194921,0.084684,1563,3,ok
deepseek_pro_b038_P1_r2,10,A,deepseek_pro,3.184690,3.348684,0.163994,2383,4,ok
gpt_b004_P1_r1,10,A,gpt,3.141123,3.362323,0.221200,1399,2,ok
gpt_b004_P3_r1,10,A,gpt,3.241070,3.392867,0.151797,1371,2,ok
gpt_b021_P3_r2,10,A,gpt,3.423261,3.607375,0.184114,1422,2,ok
gpt_b026_P1_r1,10,A,gpt,2.959196,3.113325,0.154129,1690,3,ok
gpt_b028_P2_r1,10,A,gpt,3.233938,3.342098,0.108160,851,1,ok
gpt_b031_P1_r1,10,A,gpt,2.903248,3.041965,0.138717,1652,3,ok
gpt_b040_P2_r1,10,A,gpt,3.096807,3.373135,0.276328,838,1,ok
human_hard_rusltc_0001,10,H,,3.121580,3.163572,0.041992,772,1,ok
human_hard_rusltc_0002,10,H,,2.809068,2.928044,0.118976,981,1,ok
human_hard_rusltc_0003,10,H,,3.290485,3.359347,0.068862,1746,3,ok
human_hard_rusltc_0055,10,H,,2.648841,2.844122,0.195281,815,1,ok
human_hard_rusltc_0068,10,H,,2.655230,2.795931,0.140701,1042,2,ok
human_hard_rusltc_0073,10,H,,3.063622,3.105074,0.041452,1741,3,ok
human_news_buriy_2014_0027,10,H,,2.947762,3.109100,0.161338,879,1,ok
human_news_buriy_2014_0034,10,H,,2.498666,2.713707,0.215041,1341,2,ok
human_news_gazeta_0031,10,H,,2.431371,2.526915,0.095544,1042,2,ok
human_news_gazeta_0040,10,H,,2.576308,2.605806,0.029498,985,1,ok
human_news_lenta_0001,10,H,,2.672448,2.690020,0.017572,790,1,ok
human_news_lenta_0016,10,H,,2.354553,2.540582,0.186029,1287,2,ok
human_prose_taiga_arzamas_0050,10,H,,2.864683,2.982728,0.118045,1666,3,ok
human_prose_taiga_arzamas_0051,10,H,,2.834851,2.954705,0.119854,1806,3,ok
human_prose_taiga_magazines_0048,10,H,,3.268327,3.532889,0.264562,4625,9,ok
human_prose_taiga_magazines_0053,10,H,,3.980711,4.095265,0.114554,1209,2,ok
human_prose_taiga_proza_0034,10,H,,2.506692,2.796007,0.289315,862,1,ok
human_prose_taiga_proza_0056,10,H,,3.359663,3.519279,0.159616,1435,2,ok
human_science_cyberleninka_0026,10,H,,2.455090,2.800817,0.345727,2323,4,ok
human_science_cyberleninka_0031,10,H,,2.320432,2.482937,0.162505,1787,3,ok
human_science_cyberleninka_0032,10,H,,2.172165,2.283289,0.111124,1478,2,ok
human_science_cyberleninka_0053,10,H,,2.257457,2.337880,0.080423,5702,11,ok
human_science_spbgu_0024,10,H,,2.412085,2.950807,0.538722,4026,7,ok
human_science_urfu_0028,10,H,,2.470474,2.585639,0.115165,5675,11,ok
human_seo_alaev_0004,10,H,,3.119545,3.284878,0.165333,2463,4,ok
human_seo_convertmonster_0001,10,H,,2.423620,2.669329,0.245709,665,1,ok
human_seo_devaka_ru_0004,10,H,,3.158421,3.221700,0.063279,1263,2,ok
human_seo_drmax_0002,10,H,,3.434824,3.640486,0.205662,2387,4,ok
human_seo_drmax_su_0001,10,H,,3.052851,3.241647,0.188796,1693,3,ok
human_seo_labrika_0002,10,H,,2.414394,2.769935,0.355541,1757,3,ok
nemotron_b012_P1_r1,10,A,nemotron,3.423155,3.476829,0.053674,2173,4,ok
nemotron_b015_P3_r2,10,A,nemotron,3.022644,2.978912,-0.043732,2123,4,ok
nemotron_b016_P1_r1,10,A,nemotron,3.486115,3.605853,0.119738,2033,3,ok
nemotron_b022_P3_r2,10,A,nemotron,3.302259,3.458480,0.156221,2400,4,ok
nemotron_b028_P1_r2,10,A,nemotron,3.295929,3.430856,0.134927,3245,6,ok
nemotron_b033_P2_r2,10,A,nemotron,3.343024,3.561269,0.218245,577,1,ok
nemotron_b038_P1_r2,10,A,nemotron,3.300879,3.578568,0.277689,3150,6,ok
real_claude_b015_P2_r1,10,A,real_claude,3.276098,3.448336,0.172238,1523,2,ok
real_claude_b018_P3_r2,10,A,real_claude,3.522522,3.784107,0.261585,1597,3,ok
real_claude_b024_P1_r2,10,A,real_claude,3.401401,3.613893,0.212492,1587,3,ok
real_claude_b025_P2_r1,10,A,real_claude,3.284271,3.441533,0.157262,861,1,ok
real_claude_b034_P2_r2,10,A,real_claude,3.274455,3.346598,0.072143,1005,1,ok
real_claude_b040_P3_r2,10,A,real_claude,3.478730,3.619074,0.140344,1528,2,ok
real_claude_b042_P3_r2,10,A,real_claude,3.311909,3.497299,0.185390,1532,2,ok
real_claude_b045_P3_r1,10,A,real_claude,3.477903,3.648264,0.170361,1942,3,ok
deepseek_pro_b002_P3_r1,11,A,deepseek_pro,2.932154,2.447988,-0.484166,2747,5,ok
deepseek_pro_b004_P2_r1,11,A,deepseek_pro,2.962420,2.546579,-0.415841,3086,6,ok
deepseek_pro_b007_P3_r2,11,A,deepseek_pro,3.047212,2.608156,-0.439056,3394,6,ok
deepseek_pro_b009_P1_r1,11,A,deepseek_pro,2.999451,2.492263,-0.507188,3773,7,ok
deepseek_pro_b009_P2_r2,11,A,deepseek_pro,2.931191,2.496894,-0.434297,2291,4,ok
deepseek_pro_b021_P2_r2,11,A,deepseek_pro,2.957460,2.461318,-0.496142,876,1,ok
deepseek_pro_b037_P2_r2,11,A,deepseek_pro,3.110237,2.596024,-0.514213,2150,4,ok
deepseek_pro_b038_P1_r2,11,A,deepseek_pro,3.184690,2.749519,-0.435171,3807,7,ok
gpt_b004_P1_r1,11,A,gpt,3.141123,2.669189,-0.471934,2389,4,ok
gpt_b004_P3_r1,11,A,gpt,3.241070,2.761317,-0.479753,2367,4,ok
gpt_b021_P3_r2,11,A,gpt,3.423261,2.910889,-0.512372,2376,4,ok
gpt_b026_P1_r1,11,A,gpt,2.959196,2.594645,-0.364551,2696,5,ok
gpt_b028_P2_r1,11,A,gpt,3.233938,2.852414,-0.381524,1326,2,ok
gpt_b031_P1_r1,11,A,gpt,2.903248,2.505389,-0.397859,2700,5,ok
gpt_b040_P2_r1,11,A,gpt,3.096807,2.801108,-0.295699,1260,2,ok
human_hard_rusltc_0001,11,H,,3.121580,2.541646,-0.579934,1360,2,ok
human_hard_rusltc_0002,11,H,,2.809068,2.353756,-0.455312,1663,3,ok
human_hard_rusltc_0003,11,H,,3.290485,2.700504,-0.589981,2960,5,ok
human_hard_rusltc_0055,11,H,,2.648841,2.238768,-0.410073,1367,2,ok
human_hard_rusltc_0068,11,H,,2.655230,2.177722,-0.477508,1766,3,ok
human_hard_rusltc_0073,11,H,,3.063622,2.570964,-0.492658,2743,5,ok
human_news_buriy_2014_0027,11,H,,2.947762,2.512102,-0.435660,1405,2,ok
human_news_buriy_2014_0034,11,H,,2.498666,2.110292,-0.388374,2269,4,ok
human_news_gazeta_0031,11,H,,2.431371,2.107902,-0.323469,1612,3,ok
human_news_gazeta_0040,11,H,,2.576308,2.241546,-0.334762,1449,2,ok
human_news_lenta_0001,11,H,,2.672448,2.188599,-0.483849,1330,2,ok
human_news_lenta_0016,11,H,,2.354553,1.981015,-0.373538,2059,4,ok
human_prose_taiga_arzamas_0050,11,H,,2.864683,2.319763,-0.544920,3009,5,ok
human_prose_taiga_arzamas_0051,11,H,,2.834851,2.397327,-0.437524,2952,5,ok
human_prose_taiga_magazines_0048,11,H,,3.268327,2.881478,-0.386849,7417,14,ok
human_prose_taiga_magazines_0053,11,H,,3.980711,3.746793,-0.233918,1455,2,ok
human_prose_taiga_proza_0034,11,H,,2.506692,2.278760,-0.227932,1334,2,ok
human_prose_taiga_proza_0056,11,H,,3.359663,2.822430,-0.537233,2475,4,ok
human_science_cyberleninka_0026,11,H,,2.455090,2.223501,-0.231589,3883,7,ok
human_science_cyberleninka_0031,11,H,,2.320432,2.102533,-0.217899,2632,5,ok
human_science_cyberleninka_0032,11,H,,2.172165,1.801549,-0.370616,2698,5,ok
human_science_cyberleninka_0053,11,H,,2.257457,2.125490,-0.131967,7032,13,ok
human_science_spbgu_0024,11,H,,2.412085,2.380427,-0.031658,6414,12,ok
human_science_urfu_0028,11,H,,2.470474,2.088811,-0.381663,9721,18,ok
human_seo_alaev_0004,11,H,,3.119545,2.687740,-0.431805,3989,7,ok
human_seo_convertmonster_0001,11,H,,2.423620,2.162392,-0.261228,1107,2,ok
human_seo_devaka_ru_0004,11,H,,3.158421,2.573100,-0.585321,2060,4,ok
human_seo_drmax_0002,11,H,,3.434824,2.870807,-0.564017,4131,8,ok
human_seo_drmax_su_0001,11,H,,3.052851,2.578836,-0.474015,2678,5,ok
human_seo_labrika_0002,11,H,,2.414394,2.089587,-0.324807,3143,6,ok
nemotron_b012_P1_r1,11,A,nemotron,3.423155,2.869651,-0.553504,3842,7,ok
nemotron_b015_P3_r2,11,A,nemotron,3.022644,2.520799,-0.501845,4535,8,ok
nemotron_b016_P1_r1,11,A,nemotron,3.486115,2.905085,-0.581030,2967,5,ok
nemotron_b022_P3_r2,11,A,nemotron,3.302259,2.905179,-0.397080,3660,7,ok
nemotron_b028_P1_r2,11,A,nemotron,3.295929,2.808145,-0.487784,5419,10,ok
nemotron_b033_P2_r2,11,A,nemotron,3.343024,2.988909,-0.354115,800,1,ok
nemotron_b038_P1_r2,11,A,nemotron,3.300879,2.962670,-0.338209,4202,8,ok
real_claude_b015_P2_r1,11,A,real_claude,3.276098,2.771501,-0.504597,2384,4,ok
real_claude_b018_P3_r2,11,A,real_claude,3.522522,3.024832,-0.497690,2700,5,ok
real_claude_b024_P1_r2,11,A,real_claude,3.401401,2.980528,-0.420873,1562,3,ok
real_claude_b025_P2_r1,11,A,real_claude,3.284271,2.996608,-0.287663,1579,3,ok
real_claude_b034_P2_r2,11,A,real_claude,3.274455,2.781052,-0.493403,2029,3,ok
real_claude_b040_P3_r2,11,A,real_claude,3.478730,2.987962,-0.490768,2506,4,ok
real_claude_b042_P3_r2,11,A,real_claude,3.311909,2.834344,-0.477565,2498,4,ok
real_claude_b045_P3_r1,11,A,real_claude,3.477903,2.966294,-0.511609,3186,6,ok
deepseek_pro_b002_P3_r1,13,A,deepseek_pro,2.932154,3.023950,0.091796,2202,4,ok
deepseek_pro_b004_P2_r1,13,A,deepseek_pro,2.962420,3.087676,0.125256,1480,2,ok
deepseek_pro_b007_P3_r2,13,A,deepseek_pro,3.047212,3.178918,0.131706,2748,5,ok
deepseek_pro_b009_P1_r1,13,A,deepseek_pro,2.999451,3.114068,0.114617,2970,5,ok
deepseek_pro_b009_P2_r2,13,A,deepseek_pro,2.931191,3.049868,0.118677,1083,2,ok
deepseek_pro_b021_P2_r2,13,A,deepseek_pro,2.957460,3.119847,0.162387,658,1,ok
deepseek_pro_b037_P2_r2,13,A,deepseek_pro,3.110237,3.249049,0.138812,1239,2,ok
deepseek_pro_b038_P1_r2,13,A,deepseek_pro,3.184690,3.330903,0.146213,2807,5,ok
gpt_b004_P1_r1,13,A,gpt,3.141123,3.207785,0.066662,1961,3,ok
gpt_b004_P3_r1,13,A,gpt,3.241070,3.351968,0.110898,1953,3,ok
gpt_b021_P3_r2,13,A,gpt,3.423261,3.549357,0.126096,1985,3,ok
gpt_b026_P1_r1,13,A,gpt,2.959196,3.124160,0.164964,2268,4,ok
gpt_b028_P2_r1,13,A,gpt,3.233938,3.386612,0.152674,1366,2,ok
gpt_b031_P1_r1,13,A,gpt,2.903248,3.012765,0.109517,2245,4,ok
gpt_b040_P2_r1,13,A,gpt,3.096807,3.214464,0.117657,1680,3,ok
human_hard_rusltc_0001,13,H,,3.121580,3.182431,0.060851,1075,2,ok
human_hard_rusltc_0002,13,H,,2.809068,2.957708,0.148640,1369,2,ok
human_hard_rusltc_0003,13,H,,3.290485,3.421617,0.131132,2444,4,ok
human_hard_rusltc_0055,13,H,,2.648841,2.763964,0.115123,1118,2,ok
human_hard_rusltc_0068,13,H,,2.655230,2.748425,0.093195,1414,2,ok
human_hard_rusltc_0073,13,H,,3.063622,3.181828,0.118206,2270,4,ok
human_news_buriy_2014_0027,13,H,,2.947762,3.036046,0.088284,1180,2,ok
human_news_buriy_2014_0034,13,H,,2.498666,2.651513,0.152847,1822,3,ok
human_news_gazeta_0031,13,H,,2.431371,2.604831,0.173460,1348,2,ok
human_news_gazeta_0040,13,H,,2.576308,2.734823,0.158515,1241,2,ok
human_news_lenta_0001,13,H,,2.672448,2.804478,0.132030,1071,2,ok
human_news_lenta_0016,13,H,,2.354553,2.509878,0.155325,1694,3,ok
human_prose_taiga_arzamas_0050,13,H,,2.864683,2.989374,0.124691,2380,4,ok
human_prose_taiga_arzamas_0051,13,H,,2.834851,3.009693,0.174842,2446,4,ok
human_prose_taiga_magazines_0048,13,H,,3.268327,3.371755,0.103428,6216,12,ok
human_prose_taiga_magazines_0053,13,H,,3.980711,4.018532,0.037821,1344,2,ok
human_prose_taiga_proza_0034,13,H,,2.506692,2.613296,0.106604,1183,2,ok
human_prose_taiga_proza_0056,13,H,,3.359663,3.490979,0.131316,1877,3,ok
human_science_cyberleninka_0026,13,H,,2.455090,2.570664,0.115574,3209,6,ok
human_science_cyberleninka_0031,13,H,,2.320432,2.451159,0.130727,2020,3,ok
human_science_cyberleninka_0032,13,H,,2.172165,2.322414,0.150249,2104,4,ok
human_science_cyberleninka_0053,13,H,,2.257457,2.337366,0.079909,7165,13,ok
human_science_spbgu_0024,13,H,,2.412085,2.476423,0.064338,5533,10,ok
human_science_urfu_0028,13,H,,2.470474,2.618959,0.148485,7828,15,ok
human_seo_alaev_0004,13,H,,3.119545,3.226397,0.106852,3341,6,ok
human_seo_convertmonster_0001,13,H,,2.423620,2.572374,0.148754,922,1,ok
human_seo_devaka_ru_0004,13,H,,3.158421,3.219287,0.060866,1568,3,ok
human_seo_drmax_0002,13,H,,3.434824,3.557601,0.122777,3349,6,ok
human_seo_drmax_su_0001,13,H,,3.052851,3.154516,0.101665,1078,2,ok
human_seo_labrika_0002,13,H,,2.414394,2.560099,0.145705,2512,4,ok
nemotron_b012_P1_r1,13,A,nemotron,3.423155,3.457142,0.033987,1086,2,ok
nemotron_b015_P3_r2,13,A,nemotron,3.022644,3.081028,0.058384,3967,7,ok
nemotron_b016_P1_r1,13,A,nemotron,3.486115,3.553046,0.066931,1415,2,ok
nemotron_b022_P3_r2,13,A,nemotron,3.302259,3.392530,0.090271,2521,4,ok
nemotron_b028_P1_r2,13,A,nemotron,3.295929,3.406307,0.110378,1974,3,ok
nemotron_b033_P2_r2,13,A,nemotron,3.343024,3.500683,0.157659,678,1,ok
nemotron_b038_P1_r2,13,A,nemotron,3.300879,3.387597,0.086718,2083,4,ok
real_claude_b015_P2_r1,13,A,real_claude,3.276098,3.346157,0.070059,1025,2,ok
real_claude_b018_P3_r2,13,A,real_claude,3.522522,3.665004,0.142482,2224,4,ok
real_claude_b024_P1_r2,13,A,real_claude,3.401401,3.504152,0.102751,1643,3,ok
real_claude_b025_P2_r1,13,A,real_claude,3.284271,3.408653,0.124382,941,1,ok
real_claude_b034_P2_r2,13,A,real_claude,3.274455,3.446095,0.171640,1457,2,ok
real_claude_b040_P3_r2,13,A,real_claude,3.478730,3.569269,0.090539,2084,4,ok
real_claude_b042_P3_r2,13,A,real_claude,3.311909,3.455215,0.143306,2079,4,ok
real_claude_b045_P3_r1,13,A,real_claude,3.477903,3.604716,0.126813,2638,5,ok
deepseek_pro_b002_P3_r1,14,A,deepseek_pro,2.932154,3.203853,0.271699,2090,4,ok
deepseek_pro_b004_P2_r1,14,A,deepseek_pro,2.962420,3.678328,0.715908,417,1,ok
deepseek_pro_b007_P3_r2,14,A,deepseek_pro,3.047212,3.311562,0.264350,1177,2,ok
deepseek_pro_b009_P1_r1,14,A,deepseek_pro,2.999451,3.299433,0.299982,2968,5,ok
deepseek_pro_b009_P2_r2,14,A,deepseek_pro,2.931191,3.173036,0.241845,1211,2,ok
deepseek_pro_b021_P2_r2,14,A,deepseek_pro,2.957460,3.462602,0.505142,357,1,ok
deepseek_pro_b037_P2_r2,14,A,deepseek_pro,3.110237,3.717153,0.606916,440,1,ok
deepseek_pro_b038_P1_r2,14,A,deepseek_pro,3.184690,3.280497,0.095807,1024,2,ok
gpt_b004_P1_r1,14,A,gpt,3.141123,3.359766,0.218643,1920,3,ok
gpt_b004_P3_r1,14,A,gpt,3.241070,3.472617,0.231547,1891,3,ok
gpt_b021_P3_r2,14,A,gpt,3.423261,3.602881,0.179620,1906,3,ok
gpt_b026_P1_r1,14,A,gpt,2.959196,3.207431,0.248235,2189,4,ok
gpt_b028_P2_r1,14,A,gpt,3.233938,3.744198,0.510260,829,1,ok
gpt_b040_P2_r1,14,A,gpt,3.096807,3.385336,0.288529,1040,2,ok
human_hard_rusltc_0001,14,H,,3.121580,3.319274,0.197694,1064,2,ok
human_hard_rusltc_0002,14,H,,2.809068,3.097015,0.287947,1352,2,ok
human_hard_rusltc_0003,14,H,,3.290485,3.392115,0.101630,2388,4,ok
human_hard_rusltc_0055,14,H,,2.648841,2.790445,0.141604,1107,2,ok
human_hard_rusltc_0068,14,H,,2.655230,2.929551,0.274321,1410,2,ok
human_hard_rusltc_0073,14,H,,3.063622,3.237200,0.173578,2246,4,ok
human_news_buriy_2014_0027,14,H,,2.947762,3.123694,0.175932,1160,2,ok
human_news_buriy_2014_0034,14,H,,2.498666,2.722976,0.224310,1805,3,ok
human_news_gazeta_0031,14,H,,2.431371,2.623593,0.192222,1326,2,ok
human_news_gazeta_0040,14,H,,2.576308,2.766140,0.189832,1215,2,ok
human_news_lenta_0001,14,H,,2.672448,2.860212,0.187764,1062,2,ok
human_news_lenta_0016,14,H,,2.354553,2.468783,0.114230,1670,3,ok
human_prose_taiga_arzamas_0050,14,H,,2.864683,2.985411,0.120728,2375,4,ok
human_prose_taiga_arzamas_0051,14,H,,2.834851,3.056353,0.221502,2405,4,ok
human_prose_taiga_magazines_0048,14,H,,3.268327,3.405140,0.136813,6112,11,ok
human_prose_taiga_magazines_0053,14,H,,3.980711,4.154259,0.173548,1322,2,ok
human_prose_taiga_proza_0034,14,H,,2.506692,2.819639,0.312947,1095,2,ok
human_prose_taiga_proza_0056,14,H,,3.359663,3.555469,0.195806,1832,3,ok
human_science_cyberleninka_0026,14,H,,2.455090,2.622973,0.167883,3146,6,ok
human_science_cyberleninka_0031,14,H,,2.320432,2.530289,0.209857,2841,5,ok
human_science_cyberleninka_0032,14,H,,2.172165,2.379232,0.207067,2116,4,ok
human_science_cyberleninka_0053,14,H,,2.257457,2.419864,0.162407,11260,21,ok
human_science_spbgu_0024,14,H,,2.412085,2.507313,0.095228,5556,10,ok
human_science_urfu_0028,14,H,,2.470474,2.581016,0.110542,7693,15,ok
human_seo_alaev_0004,14,H,,3.119545,3.436592,0.317047,3283,6,ok
human_seo_convertmonster_0001,14,H,,2.423620,2.886838,0.463218,1137,2,ok
human_seo_devaka_ru_0004,14,H,,3.158421,3.266780,0.108359,1757,3,ok
human_seo_drmax_0002,14,H,,3.434824,3.696991,0.262167,3315,6,ok
human_seo_drmax_su_0001,14,H,,3.052851,3.221946,0.169095,2191,4,ok
human_seo_labrika_0002,14,H,,2.414394,2.960784,0.546390,2657,5,ok
nemotron_b012_P1_r1,14,A,nemotron,3.423155,4.032917,0.609762,351,1,ok
nemotron_b015_P3_r2,14,A,nemotron,3.022644,3.154422,0.131778,2764,5,ok
nemotron_b016_P1_r1,14,A,nemotron,3.486115,3.880685,0.394570,728,1,ok
nemotron_b022_P3_r2,14,A,nemotron,3.302259,3.467907,0.165648,2369,4,ok
nemotron_b028_P1_r2,14,A,nemotron,3.295929,3.581912,0.285983,1436,2,ok
nemotron_b033_P2_r2,14,A,nemotron,3.343024,3.711086,0.368062,484,1,ok
nemotron_b038_P1_r2,14,A,nemotron,3.300879,3.580513,0.279634,1815,3,ok
real_claude_b015_P2_r1,14,A,real_claude,3.276098,3.567411,0.291313,762,1,ok
real_claude_b025_P2_r1,14,A,real_claude,3.284271,3.966163,0.681892,558,1,ok
real_claude_b034_P2_r2,14,A,real_claude,3.274455,3.696383,0.421928,863,1,ok
deepseek_pro_b002_P3_r1,15,A,deepseek_pro,2.932154,2.949958,0.017804,2193,4,ok
deepseek_pro_b004_P2_r1,15,A,deepseek_pro,2.962420,3.000384,0.037964,1467,2,ok
deepseek_pro_b007_P3_r2,15,A,deepseek_pro,3.047212,3.070866,0.023654,2716,5,ok
deepseek_pro_b009_P1_r1,15,A,deepseek_pro,2.999451,3.019825,0.020374,2940,5,ok
deepseek_pro_b009_P2_r2,15,A,deepseek_pro,2.931191,2.946496,0.015305,1070,2,ok
deepseek_pro_b021_P2_r2,15,A,deepseek_pro,2.957460,2.957460,0.000000,649,1,applied_no_change
deepseek_pro_b037_P2_r2,15,A,deepseek_pro,3.110237,3.118212,0.007975,1224,2,ok
deepseek_pro_b038_P1_r2,15,A,deepseek_pro,3.184690,3.221514,0.036824,2776,5,ok
gpt_b004_P1_r1,15,A,gpt,3.141123,3.157498,0.016375,1948,3,ok
gpt_b004_P3_r1,15,A,gpt,3.241070,3.258373,0.017303,1940,3,ok
gpt_b021_P3_r2,15,A,gpt,3.423261,3.464455,0.041194,1958,3,ok
gpt_b026_P1_r1,15,A,gpt,2.959196,2.984165,0.024969,2232,4,ok
gpt_b028_P2_r1,15,A,gpt,3.233938,3.263418,0.029480,1340,2,ok
gpt_b031_P1_r1,15,A,gpt,2.903248,2.948130,0.044882,2219,4,ok
gpt_b040_P2_r1,15,A,gpt,3.096807,3.106770,0.009963,1663,3,ok
human_hard_rusltc_0001,15,H,,3.121580,3.126141,0.004561,1073,2,ok
human_hard_rusltc_0002,15,H,,2.809068,2.824873,0.015805,1351,2,ok
human_hard_rusltc_0003,15,H,,3.290485,3.304706,0.014221,2414,4,ok
human_hard_rusltc_0055,15,H,,2.648841,2.670231,0.021390,1110,2,ok
human_hard_rusltc_0068,15,H,,2.655230,2.708228,0.052998,1416,2,ok
human_hard_rusltc_0073,15,H,,3.063622,3.090672,0.027050,2256,4,ok
human_news_buriy_2014_0027,15,H,,2.947762,2.968660,0.020898,1172,2,ok
human_news_buriy_2014_0034,15,H,,2.498666,2.556046,0.057380,1811,3,ok
human_news_gazeta_0031,15,H,,2.431371,2.467616,0.036245,1340,2,ok
human_news_gazeta_0040,15,H,,2.576308,2.625644,0.049336,1222,2,ok
human_news_lenta_0001,15,H,,2.672448,2.708775,0.036327,1071,2,ok
human_news_lenta_0016,15,H,,2.354553,2.388280,0.033727,1679,3,ok
human_prose_taiga_arzamas_0050,15,H,,2.864683,2.879713,0.015030,2364,4,ok
human_prose_taiga_arzamas_0051,15,H,,2.834851,2.895295,0.060444,2431,4,ok
human_prose_taiga_magazines_0048,15,H,,3.268327,3.298399,0.030072,6173,12,ok
human_prose_taiga_magazines_0053,15,H,,3.980711,3.990622,0.009911,1340,2,ok
human_prose_taiga_proza_0034,15,H,,2.506692,2.541503,0.034811,1174,2,ok
human_prose_taiga_proza_0056,15,H,,3.359663,3.374543,0.014880,1854,3,ok
human_science_cyberleninka_0026,15,H,,2.455090,2.476335,0.021245,3177,6,ok
human_science_cyberleninka_0031,15,H,,2.320432,2.349875,0.029443,2003,3,ok
human_science_cyberleninka_0032,15,H,,2.172165,2.186254,0.014089,2072,4,ok
human_science_cyberleninka_0053,15,H,,2.257457,2.312027,0.054570,7137,13,ok
human_science_spbgu_0024,15,H,,2.412085,2.454982,0.042897,5522,10,ok
human_science_urfu_0028,15,H,,2.470474,2.489769,0.019295,7731,15,ok
human_seo_alaev_0004,15,H,,3.119545,3.116794,-0.002751,3296,6,ok
human_seo_convertmonster_0001,15,H,,2.423620,2.423620,0.000000,904,1,applied_no_change
human_seo_devaka_ru_0004,15,H,,3.158421,3.176484,0.018063,1561,3,ok
human_seo_drmax_0002,15,H,,3.434824,3.467179,0.032355,3326,6,ok
human_seo_drmax_su_0001,15,H,,3.052851,3.074211,0.021360,1070,2,ok
human_seo_labrika_0002,15,H,,2.414394,2.454100,0.039706,2495,4,ok
nemotron_b012_P1_r1,15,A,nemotron,3.423155,3.427178,0.004023,1081,2,ok
nemotron_b015_P3_r2,15,A,nemotron,3.022644,3.033341,0.010697,3945,7,ok
nemotron_b016_P1_r1,15,A,nemotron,3.486115,3.508434,0.022319,1411,2,ok
nemotron_b022_P3_r2,15,A,nemotron,3.302259,3.324094,0.021835,2497,4,ok
nemotron_b028_P1_r2,15,A,nemotron,3.295929,3.322608,0.026679,1968,3,ok
nemotron_b033_P2_r2,15,A,nemotron,3.343024,3.343024,-0.000000,672,1,applied_no_change
nemotron_b038_P1_r2,15,A,nemotron,3.300879,3.334870,0.033991,2074,4,ok
real_claude_b015_P2_r1,15,A,real_claude,3.276098,3.292670,0.016572,1017,1,ok
real_claude_b018_P3_r2,15,A,real_claude,3.522522,3.534447,0.011925,2199,4,ok
real_claude_b024_P1_r2,15,A,real_claude,3.401401,3.435863,0.034462,1625,3,ok
real_claude_b025_P2_r1,15,A,real_claude,3.284271,3.321100,0.036829,927,1,ok
real_claude_b034_P2_r2,15,A,real_claude,3.274455,3.308761,0.034306,1435,2,ok
real_claude_b040_P3_r2,15,A,real_claude,3.478730,3.498438,0.019708,2070,4,ok
real_claude_b042_P3_r2,15,A,real_claude,3.311909,3.317279,0.005370,2055,4,ok
real_claude_b045_P3_r1,15,A,real_claude,3.477903,3.511873,0.033970,2612,5,ok
deepseek_pro_b002_P3_r1,16,A,deepseek_pro,2.932154,2.932154,0.000000,2188,4,applied_no_change
deepseek_pro_b004_P2_r1,16,A,deepseek_pro,2.962420,3.034991,0.072571,2792,5,ok
deepseek_pro_b007_P3_r2,16,A,deepseek_pro,3.047212,3.048609,0.001397,2765,5,ok
deepseek_pro_b009_P1_r1,16,A,deepseek_pro,2.999451,2.999451,0.000000,2933,5,applied_no_change
deepseek_pro_b009_P2_r2,16,A,deepseek_pro,2.931191,3.010596,0.079405,1792,3,ok
deepseek_pro_b021_P2_r2,16,A,deepseek_pro,2.957460,2.916915,-0.040545,1172,2,ok
deepseek_pro_b037_P2_r2,16,A,deepseek_pro,3.110237,3.130731,0.020494,2167,4,ok
deepseek_pro_b038_P1_r2,16,A,deepseek_pro,3.184690,3.188887,0.004197,3000,5,ok
gpt_b004_P1_r1,16,A,gpt,3.141123,3.141123,0.000000,1944,3,applied_no_change
gpt_b004_P3_r1,16,A,gpt,3.241070,3.241070,0.000000,1934,3,applied_no_change
gpt_b021_P3_r2,16,A,gpt,3.423261,3.423261,0.000000,1952,3,applied_no_change
gpt_b026_P1_r1,16,A,gpt,2.959196,2.959196,0.000000,2228,4,applied_no_change
gpt_b028_P2_r1,16,A,gpt,3.233938,3.198949,-0.034989,1755,3,ok
gpt_b031_P1_r1,16,A,gpt,2.903248,2.903248,0.000000,2211,4,applied_no_change
gpt_b040_P2_r1,16,A,gpt,3.096807,3.085195,-0.011612,1967,3,ok
human_hard_rusltc_0001,16,H,,3.121580,3.121580,-0.000000,1067,2,applied_no_change
human_hard_rusltc_0002,16,H,,2.809068,2.809068,-0.000000,1350,2,applied_no_change
human_hard_rusltc_0003,16,H,,3.290485,3.290485,-0.000000,2403,4,applied_no_change
human_hard_rusltc_0055,16,H,,2.648841,2.648841,-0.000000,1106,2,applied_no_change
human_hard_rusltc_0068,16,H,,2.655230,2.655230,0.000000,1404,2,applied_no_change
human_hard_rusltc_0073,16,H,,3.063622,3.063622,0.000000,2242,4,applied_no_change
human_news_buriy_2014_0027,16,H,,2.947762,2.947762,-0.000000,1169,2,applied_no_change
human_news_buriy_2014_0034,16,H,,2.498666,2.498666,0.000000,1800,3,applied_no_change
human_news_gazeta_0031,16,H,,2.431371,2.431371,-0.000000,1327,2,applied_no_change
human_news_gazeta_0040,16,H,,2.576308,2.576308,0.000000,1217,2,applied_no_change
human_news_lenta_0001,16,H,,2.672448,2.672448,-0.000000,1060,2,applied_no_change
human_news_lenta_0016,16,H,,2.354553,2.354553,0.000000,1673,3,applied_no_change
human_prose_taiga_arzamas_0050,16,H,,2.864683,2.864683,0.000000,2356,4,applied_no_change
human_prose_taiga_arzamas_0051,16,H,,2.834851,2.834851,0.000000,2413,4,applied_no_change
human_prose_taiga_magazines_0048,16,H,,3.268327,3.268327,0.000000,6155,12,applied_no_change
human_prose_taiga_magazines_0053,16,H,,3.980711,3.985013,0.004302,1339,2,ok
human_prose_taiga_proza_0034,16,H,,2.506692,2.506692,0.000000,1172,2,applied_no_change
human_prose_taiga_proza_0056,16,H,,3.359663,3.369855,0.010192,2026,3,ok
human_science_cyberleninka_0026,16,H,,2.455090,2.455090,0.000000,3171,6,applied_no_change
human_science_cyberleninka_0031,16,H,,2.320432,2.341558,0.021126,2170,4,ok
human_science_cyberleninka_0032,16,H,,2.172165,2.172165,0.000000,2072,4,applied_no_change
human_science_cyberleninka_0053,16,H,,2.257457,2.245496,-0.011961,7927,15,ok
human_science_spbgu_0024,16,H,,2.412085,2.412085,0.000000,5499,10,applied_no_change
human_science_urfu_0028,16,H,,2.470474,2.479921,0.009447,7680,15,ok
human_seo_alaev_0004,16,H,,3.119545,3.105702,-0.013843,3290,6,ok
human_seo_convertmonster_0001,16,H,,2.423620,2.423620,0.000000,904,1,applied_no_change
human_seo_devaka_ru_0004,16,H,,3.158421,3.158421,0.000000,1556,3,applied_no_change
human_seo_drmax_0002,16,H,,3.434824,3.434824,0.000000,3308,6,applied_no_change
human_seo_drmax_su_0001,16,H,,3.052851,2.939939,-0.112912,2184,4,ok
human_seo_labrika_0002,16,H,,2.414394,2.421153,0.006759,2483,4,ok
nemotron_b012_P1_r1,16,A,nemotron,3.423155,3.437284,0.014129,4632,9,ok
nemotron_b015_P3_r2,16,A,nemotron,3.022644,3.079545,0.056901,4994,9,ok
nemotron_b016_P1_r1,16,A,nemotron,3.486115,3.441982,-0.044133,3580,6,ok
nemotron_b022_P3_r2,16,A,nemotron,3.302259,3.364838,0.062579,2976,5,ok
nemotron_b028_P1_r2,16,A,nemotron,3.295929,3.345280,0.049351,4772,9,ok
nemotron_b033_P2_r2,16,A,nemotron,3.343024,3.491221,0.148197,3004,5,ok
nemotron_b038_P1_r2,16,A,nemotron,3.300879,3.405961,0.105082,4755,9,ok
real_claude_b015_P2_r1,16,A,real_claude,3.276098,3.413561,0.137463,2690,5,ok
real_claude_b018_P3_r2,16,A,real_claude,3.522522,3.522522,0.000000,2195,4,applied_no_change
real_claude_b024_P1_r2,16,A,real_claude,3.401401,3.493559,0.092158,2406,4,ok
real_claude_b025_P2_r1,16,A,real_claude,3.284271,3.405868,0.121597,1781,3,ok
real_claude_b034_P2_r2,16,A,real_claude,3.274455,3.298994,0.024539,2202,4,ok
real_claude_b040_P3_r2,16,A,real_claude,3.478730,3.478730,0.000000,2064,4,applied_no_change
real_claude_b042_P3_r2,16,A,real_claude,3.311909,3.311909,-0.000000,2047,3,applied_no_change
real_claude_b045_P3_r1,16,A,real_claude,3.477903,3.477903,-0.000000,2604,5,applied_no_change
