document_id,source,genre,false_positive,n_sentences,repeat_share,glued_per_1000w
human_seo_author_archive_0001,author_archive,seo,0,81,0.0,0.0
human_seo_author_archive_0002,author_archive,seo,0,126,0.0,0.0
human_seo_author_archive_0003,author_archive,seo,0,42,0.0,1.3928
human_seo_author_archive_0004,author_archive,seo,0,51,0.0,0.0
human_seo_author_archive_0005,author_archive,seo,0,56,0.0,0.0
human_seo_author_archive_0006,author_archive,seo,0,239,0.0,0.7065
human_news_lenta_0001,lenta,news,0,34,0.0,0.0
human_news_lenta_0002,lenta,news,0,43,0.0,3.9578
human_news_lenta_0003,lenta,news,1,60,0.8333,19.241
human_news_lenta_0004,lenta,news,0,32,0.0,0.0
human_news_lenta_0005,lenta,news,1,32,0.75,17.0604
human_news_lenta_0006,lenta,news,1,47,0.8511,14.3014
human_news_lenta_0007,lenta,news,0,9,0.0,0.0
human_news_lenta_0008,lenta,news,1,34,0.7647,32.596
human_news_lenta_0009,lenta,news,0,49,0.0,0.0
human_news_lenta_0010,lenta,news,0,78,0.0,0.0
human_news_lenta_0011,lenta,news,1,28,0.75,5.2083
human_news_lenta_0012,lenta,news,0,38,0.0,0.0
human_news_lenta_0013,lenta,news,0,45,0.0,0.0
human_news_lenta_0014,lenta,news,0,46,0.0,0.0
human_news_lenta_0015,lenta,news,0,33,0.0,1.355
human_news_lenta_0016,lenta,news,0,71,0.0,0.0
human_news_lenta_0017,lenta,news,0,89,0.0,0.0
human_news_lenta_0018,lenta,news,0,38,0.0,0.0
human_news_lenta_0019,lenta,news,1,37,0.8108,11.2676
human_news_lenta_0020,lenta,news,1,46,0.8478,10.9649
human_news_lenta_0021,lenta,news,0,61,0.0,0.0
human_news_lenta_0022,lenta,news,0,61,0.0,0.0
human_news_lenta_0023,lenta,news,0,36,0.0,0.0
human_news_lenta_0024,lenta,news,0,43,0.0,0.0
human_news_lenta_0025,lenta,news,1,42,0.881,21.025
human_news_lenta_0026,lenta,news,1,43,0.8372,19.0476
human_news_lenta_0027,lenta,news,0,42,0.0,1.2739
human_news_lenta_0028,lenta,news,1,46,0.8478,16.9312
human_news_lenta_0029,lenta,news,0,41,0.0,0.0
human_news_lenta_0030,lenta,news,1,17,0.5882,19.337
human_news_lenta_0031,lenta,news,1,30,0.7667,8.7549
human_news_lenta_0032,lenta,news,1,41,0.8049,14.6699
human_news_lenta_0033,lenta,news,1,44,0.8409,18.1818
human_news_lenta_0034,lenta,news,0,43,0.093,0.0
human_news_lenta_0035,lenta,news,1,37,0.7838,16.1638
human_news_lenta_0036,lenta,news,0,47,0.0,0.0
human_news_lenta_0037,lenta,news,1,44,0.8182,16.2214
human_news_lenta_0038,lenta,news,1,29,0.7586,16.1692
human_news_lenta_0039,lenta,news,0,21,0.0,0.0
human_news_lenta_0040,lenta,news,0,36,0.0,14.17
human_news_lenta_0041,lenta,news,0,38,0.0,0.0
human_news_lenta_0042,lenta,news,0,34,0.0,0.0
human_news_lenta_0043,lenta,news,1,31,0.7742,21.0674
human_news_lenta_0044,lenta,news,0,33,0.0,0.0
human_news_lenta_0045,lenta,news,0,39,0.0,1.0684
human_news_lenta_0046,lenta,news,0,42,0.0,0.0
human_news_lenta_0047,lenta,news,1,56,0.8571,14.1431
human_news_lenta_0048,lenta,news,1,51,0.7843,25.522
human_news_lenta_0049,lenta,news,0,41,0.0,1.4124
human_news_lenta_0050,lenta,news,1,36,0.7778,16.4474
human_news_lenta_0051,lenta,news,0,36,0.0,0.0
human_news_lenta_0052,lenta,news,1,42,0.8333,11.9522
human_news_lenta_0053,lenta,news,0,237,0.0,0.8385
human_news_lenta_0054,lenta,news,1,42,0.7857,15.2603
human_news_lenta_0055,lenta,news,0,53,0.0,0.0
human_news_lenta_0056,lenta,news,1,34,0.7941,27.0968
human_news_lenta_0057,lenta,news,1,38,0.7632,11.3043
human_news_lenta_0058,lenta,news,1,33,0.7879,15.8192
human_news_lenta_0059,lenta,news,1,39,0.7949,13.986
human_news_lenta_0060,lenta,news,1,39,0.8462,7.5188
human_science_cyberleninka_0001,cyberleninka,science,0,165,0.0,0.0
human_science_cyberleninka_0002,cyberleninka,science,1,117,0.0,0.0
human_science_cyberleninka_0003,cyberleninka,science,0,83,0.0,0.0
human_science_cyberleninka_0004,cyberleninka,science,0,59,0.0,0.0
human_science_cyberleninka_0005,cyberleninka,science,0,46,0.0,0.0
human_science_cyberleninka_0006,cyberleninka,science,1,43,0.0,0.0
human_science_cyberleninka_0007,cyberleninka,science,1,32,0.0,0.0
human_science_cyberleninka_0008,cyberleninka,science,0,121,0.0,0.0
human_science_cyberleninka_0009,cyberleninka,science,1,63,0.0,0.0
human_science_cyberleninka_0010,cyberleninka,science,0,31,0.0,0.0
human_science_cyberleninka_0011,cyberleninka,science,0,48,0.0833,0.0
human_science_cyberleninka_0013,cyberleninka,science,1,75,0.0,0.0
human_science_cyberleninka_0014,cyberleninka,science,0,247,0.0,0.0
human_science_cyberleninka_0015,cyberleninka,science,0,75,0.0,0.0
human_science_cyberleninka_0016,cyberleninka,science,0,76,0.0,0.0
human_science_cyberleninka_0017,cyberleninka,science,0,43,0.0,6.1983
human_science_cyberleninka_0018,cyberleninka,science,1,93,0.0,0.0
human_science_cyberleninka_0019,cyberleninka,science,1,72,0.0,0.0
human_science_cyberleninka_0020,cyberleninka,science,0,113,0.0,0.0
human_science_cyberleninka_0021,cyberleninka,science,1,115,0.0,0.0
human_science_cyberleninka_0022,cyberleninka,science,0,63,0.0,0.0
human_science_cyberleninka_0023,cyberleninka,science,1,104,0.0,0.0
human_science_cyberleninka_0024,cyberleninka,science,1,109,0.0,0.0
human_science_cyberleninka_0025,cyberleninka,science,0,48,0.0,0.0
human_science_cyberleninka_0026,cyberleninka,science,0,69,0.0,0.0
human_science_cyberleninka_0027,cyberleninka,science,1,62,0.0,0.0
human_science_cyberleninka_0028,cyberleninka,science,0,177,0.0,0.3204
human_science_cyberleninka_0029,cyberleninka,science,1,135,0.0,0.0
human_science_cyberleninka_0030,cyberleninka,science,0,115,0.0,0.9921
human_science_cyberleninka_0031,cyberleninka,science,1,60,0.0,0.0
human_science_cyberleninka_0032,cyberleninka,science,1,47,0.0,0.0
human_science_cyberleninka_0033,cyberleninka,science,1,100,0.0,0.0
human_science_cyberleninka_0034,cyberleninka,science,0,73,0.0,0.0
human_science_cyberleninka_0035,cyberleninka,science,1,50,0.0,0.0
human_science_cyberleninka_0036,cyberleninka,science,1,117,0.0,0.0
human_science_cyberleninka_0037,cyberleninka,science,0,40,0.0,0.0
human_science_cyberleninka_0038,cyberleninka,science,1,59,0.0,0.0
human_science_cyberleninka_0039,cyberleninka,science,0,31,0.0,0.0
human_science_cyberleninka_0040,cyberleninka,science,0,99,0.0404,0.0
human_science_cyberleninka_0041,cyberleninka,science,0,57,0.0,0.0
human_science_cyberleninka_0042,cyberleninka,science,0,104,0.0,0.0
human_science_cyberleninka_0043,cyberleninka,science,1,80,0.0,0.0
human_science_cyberleninka_0044,cyberleninka,science,1,61,0.0,0.0
human_science_cyberleninka_0045,cyberleninka,science,0,150,0.0,0.0
human_science_cyberleninka_0046,cyberleninka,science,0,66,0.0,0.0
human_science_cyberleninka_0047,cyberleninka,science,0,49,0.0,0.0
human_science_cyberleninka_0048,cyberleninka,science,0,244,0.0287,0.0
human_science_cyberleninka_0049,cyberleninka,science,0,148,0.0135,0.0
human_science_cyberleninka_0050,cyberleninka,science,0,189,0.0,0.0
human_science_cyberleninka_0051,cyberleninka,science,1,77,0.0,0.0
human_science_cyberleninka_0052,cyberleninka,science,1,65,0.0,0.0
human_science_cyberleninka_0053,cyberleninka,science,0,122,0.0,0.64
human_science_cyberleninka_0054,cyberleninka,science,0,41,0.0,0.0
human_science_cyberleninka_0055,cyberleninka,science,0,84,0.0,0.0
human_science_cyberleninka_0056,cyberleninka,science,0,78,0.0,0.0
human_science_cyberleninka_0057,cyberleninka,science,0,124,0.0,0.0
human_science_cyberleninka_0058,cyberleninka,science,1,87,0.0,0.0
human_science_cyberleninka_0059,cyberleninka,science,1,87,0.0,0.0
human_science_cyberleninka_0060,cyberleninka,science,0,72,0.0,0.0
human_prose_taiga_proza_0001,taiga_proza,prose,0,261,0.0,0.0
human_prose_taiga_proza_0002,taiga_proza,prose,0,70,0.0,0.0
human_prose_taiga_proza_0003,taiga_proza,prose,0,57,0.0,0.0
human_prose_taiga_proza_0004,taiga_proza,prose,0,95,0.0,0.0
human_prose_taiga_proza_0005,taiga_proza,prose,0,63,0.0,0.0
human_prose_taiga_proza_0006,taiga_proza,prose,0,49,0.0,0.0
human_prose_taiga_proza_0007,taiga_proza,prose,1,37,0.0,0.0
human_prose_taiga_proza_0008,taiga_proza,prose,0,109,0.0459,0.0
human_prose_taiga_proza_0009,taiga_proza,prose,0,204,0.0,0.0
human_prose_taiga_proza_0010,taiga_proza,prose,0,166,0.0482,0.0
human_prose_taiga_proza_0011,taiga_proza,prose,0,70,0.0,0.0
human_prose_taiga_proza_0012,taiga_proza,prose,0,61,0.0,0.0
human_prose_taiga_proza_0013,taiga_proza,prose,0,160,0.0,3.0729
human_prose_taiga_proza_0014,taiga_proza,prose,0,53,0.0,1.4306
human_prose_taiga_proza_0015,taiga_proza,prose,0,85,0.0,0.0
human_prose_taiga_proza_0016,taiga_proza,prose,0,45,0.0,0.0
human_prose_taiga_proza_0017,taiga_proza,prose,0,34,0.0,0.0
human_prose_taiga_proza_0018,taiga_proza,prose,0,74,0.0,0.0
human_prose_taiga_proza_0019,taiga_proza,prose,0,67,0.0,0.0
human_prose_taiga_proza_0020,taiga_proza,prose,0,58,0.0,0.0
human_prose_taiga_proza_0021,taiga_proza,prose,0,58,0.0,0.0
human_prose_taiga_proza_0022,taiga_proza,prose,0,194,0.0,1.265
human_prose_taiga_proza_0023,taiga_proza,prose,1,223,0.0,0.0
human_prose_taiga_proza_0024,taiga_proza,prose,0,46,0.0,0.0
human_prose_taiga_proza_0025,taiga_proza,prose,0,51,0.0,0.0
human_prose_taiga_proza_0026,taiga_proza,prose,0,64,0.0,0.0
human_prose_taiga_proza_0027,taiga_proza,prose,0,213,0.0,0.0
human_prose_taiga_proza_0028,taiga_proza,prose,1,49,0.0,0.0
human_prose_taiga_proza_0029,taiga_proza,prose,0,142,0.0,0.0
human_prose_taiga_proza_0030,taiga_proza,prose,0,100,0.0,0.0
human_prose_taiga_proza_0031,taiga_proza,prose,0,105,0.0,0.0
human_prose_taiga_proza_0032,taiga_proza,prose,0,56,0.0,0.0
human_prose_taiga_proza_0033,taiga_proza,prose,0,109,0.0,1.0701
human_prose_taiga_proza_0034,taiga_proza,prose,0,46,0.0,0.0
human_prose_taiga_proza_0035,taiga_proza,prose,0,80,0.0,0.0
human_prose_taiga_proza_0036,taiga_proza,prose,0,126,0.0159,0.0
human_prose_taiga_proza_0037,taiga_proza,prose,1,40,0.0,0.0
human_prose_taiga_proza_0038,taiga_proza,prose,0,107,0.0,0.0
human_prose_taiga_proza_0039,taiga_proza,prose,0,52,0.0,0.0
human_prose_taiga_proza_0040,taiga_proza,prose,0,64,0.0,0.0
human_prose_taiga_proza_0041,taiga_proza,prose,0,56,0.0,0.0
human_prose_taiga_proza_0042,taiga_proza,prose,0,95,0.0,0.0
human_prose_taiga_proza_0043,taiga_proza,prose,0,68,0.0,0.0
human_prose_taiga_proza_0044,taiga_proza,prose,0,70,0.0,0.0
human_prose_taiga_proza_0045,taiga_proza,prose,1,58,0.0,1.2346
human_prose_taiga_proza_0046,taiga_proza,prose,0,55,0.0,0.0
human_prose_taiga_proza_0047,taiga_proza,prose,0,41,0.0,0.0
human_prose_taiga_proza_0048,taiga_proza,prose,0,70,0.0,0.0
human_prose_taiga_proza_0049,taiga_proza,prose,0,44,0.0,0.0
human_prose_taiga_proza_0050,taiga_proza,prose,0,52,0.0,0.0
human_prose_taiga_proza_0051,taiga_proza,prose,0,214,0.0,0.0
human_prose_taiga_proza_0052,taiga_proza,prose,0,27,0.0,0.0
human_prose_taiga_proza_0053,taiga_proza,prose,0,73,0.0,0.0
human_prose_taiga_proza_0054,taiga_proza,prose,0,42,0.0,0.0
human_prose_taiga_proza_0055,taiga_proza,prose,0,57,0.0,0.0
human_prose_taiga_proza_0056,taiga_proza,prose,0,61,0.0,0.0
human_prose_taiga_proza_0057,taiga_proza,prose,0,101,0.0198,0.5851
human_prose_taiga_proza_0058,taiga_proza,prose,0,78,0.0,0.0
human_prose_taiga_proza_0059,taiga_proza,prose,0,120,0.0,0.0
human_prose_taiga_proza_0060,taiga_proza,prose,0,67,0.0,0.0
human_seo_drmax_0001,drmax,seo,0,58,0.2414,0.0
human_seo_drmax_0002,drmax,seo,1,229,0.6201,0.0
human_seo_drmax_0003,drmax,seo,1,204,0.7255,0.0
human_seo_drmax_0004,drmax,seo,1,209,0.5646,0.5727
human_seo_drmax_0005,drmax,seo,0,150,0.3267,0.0
human_seo_drmax_0006,drmax,seo,1,199,0.3166,0.9009
human_seo_drmax_0007,drmax,seo,1,128,0.2344,0.0
human_seo_drmax_0008,drmax,seo,1,53,0.5472,0.0
human_seo_drmax_0009,drmax,seo,0,89,0.4607,2.2321
human_seo_drmax_0010,drmax,seo,1,287,0.4878,0.0
human_seo_drmax_0011,drmax,seo,0,187,0.2781,0.0
human_seo_drmax_0012,drmax,seo,1,184,0.212,0.0
human_seo_drmax_0013,drmax,seo,0,113,0.3274,0.9276
human_seo_drmax_0014,drmax,seo,1,133,0.3158,0.0
human_seo_drmax_0015,drmax,seo,0,126,0.0,0.0
human_seo_drmax_0016,drmax,seo,1,128,0.3984,0.0
human_seo_drmax_0017,drmax,seo,0,246,0.4919,1.3103
human_seo_drmax_0018,drmax,seo,0,263,0.2395,0.7386
human_seo_drmax_0019,drmax,seo,0,187,0.1604,0.0
human_seo_drmax_0020,drmax,seo,1,134,0.2313,0.0
human_seo_shakin_0001,shakin,seo,0,70,0.0,0.0
human_seo_shakin_0002,shakin,seo,0,56,0.0,0.0
human_seo_shakin_0003,shakin,seo,0,69,0.0,0.0
human_seo_shakin_0004,shakin,seo,0,66,0.0,1.9102
human_seo_shakin_0005,shakin,seo,0,64,0.0,0.0
human_seo_shakin_0007,shakin,seo,0,63,0.0,0.0
human_seo_shakin_0008,shakin,seo,0,54,0.0,0.0
human_seo_shakin_0009,shakin,seo,0,55,0.0,1.1669
human_seo_shakin_0010,shakin,seo,0,55,0.0,3.1949
human_seo_shakin_0011,shakin,seo,0,57,0.0,3.5714
human_seo_shakin_0012,shakin,seo,0,41,0.0,0.0
human_seo_shakin_0013,shakin,seo,0,56,0.0,0.0
human_seo_shakin_0014,shakin,seo,0,65,0.0,0.0
human_seo_shakin_0015,shakin,seo,0,60,0.0,0.0
human_seo_shakin_0017,shakin,seo,0,121,0.0,0.0
human_seo_shakin_0018,shakin,seo,0,103,0.0,0.0
human_seo_shakin_0019,shakin,seo,0,49,0.0,0.0
human_seo_shakin_0020,shakin,seo,0,48,0.0,2.4783
human_seo_alaev_0001,alaev,seo,0,49,0.0,0.0
human_seo_alaev_0002,alaev,seo,0,71,0.0282,0.0
human_seo_alaev_0003,alaev,seo,0,59,0.0,0.0
human_seo_alaev_0004,alaev,seo,0,133,0.0,0.0
human_seo_alaev_0005,alaev,seo,0,36,0.0,0.0
human_seo_alaev_0006,alaev,seo,0,66,0.0,0.0
human_seo_alaev_0007,alaev,seo,0,47,0.0,0.0
human_seo_alaev_0008,alaev,seo,0,64,0.0,0.0
human_seo_alaev_0009,alaev,seo,0,109,0.0,0.0
human_seo_alaev_0010,alaev,seo,0,45,0.0,0.0
human_seo_alaev_0011,alaev,seo,0,29,0.0,0.0
human_seo_alaev_0012,alaev,seo,0,70,0.3143,0.0
human_seo_alaev_0013,alaev,seo,0,57,0.2105,1.9627
human_seo_alaev_0014,alaev,seo,0,71,0.0,0.0
human_seo_alaev_0015,alaev,seo,0,36,0.0556,0.0
human_seo_alaev_0016,alaev,seo,0,53,0.0,0.0
human_seo_alaev_0017,alaev,seo,0,43,0.0,2.5189
human_seo_alaev_0018,alaev,seo,0,87,0.0,0.3785
human_seo_alaev_0019,alaev,seo,0,110,0.1455,0.0
human_seo_alaev_0020,alaev,seo,0,57,0.0,0.0
human_seo_convertmonster_0001,convertmonster,seo,0,29,0.1379,0.0
human_seo_sosnovskij_0007,sosnovskij,seo,0,48,0.0,0.0
human_seo_sosnovskij_0011,sosnovskij,seo,0,75,0.0,9.5137
human_seo_sosnovskij_0012,sosnovskij,seo,0,119,0.0,0.605
human_seo_sosnovskij_0015,sosnovskij,seo,0,58,0.0,0.0
human_seo_sosnovskij_0016,sosnovskij,seo,0,98,0.0,0.0
human_seo_sosnovskij_0019,sosnovskij,seo,0,82,0.0,2.5751
human_seo_sosnovskij_0021,sosnovskij,seo,0,52,0.0,0.0
human_seo_sosnovskij_0022,sosnovskij,seo,0,71,0.0,0.0
human_seo_sosnovskij_0025,sosnovskij,seo,1,100,0.0,0.0
human_seo_sosnovskij_0028,sosnovskij,seo,0,125,0.0,0.0
human_seo_sosnovskij_0029,sosnovskij,seo,0,135,0.0148,0.0
human_seo_sosnovskij_0030,sosnovskij,seo,0,96,0.0,0.0
human_seo_sosnovskij_0032,sosnovskij,seo,0,87,0.0,0.0
human_seo_sosnovskij_0033,sosnovskij,seo,1,72,0.0,0.0
human_seo_sosnovskij_0034,sosnovskij,seo,1,80,0.0,0.9671
human_seo_sosnovskij_0035,sosnovskij,seo,1,65,0.0,0.0
human_seo_sosnovskij_0036,sosnovskij,seo,0,60,0.0,0.0
human_seo_sosnovskij_0037,sosnovskij,seo,1,76,0.0,0.0
human_seo_sosnovskij_0039,sosnovskij,seo,1,61,0.0,2.0725
human_seo_alaev_0021,alaev,seo,0,63,0.0,0.0
human_seo_drmax_0021,drmax,seo,0,154,0.3442,0.0
human_seo_drmax_0024,drmax,seo,0,142,0.1056,0.4352
human_seo_drmax_0025,drmax,seo,0,171,0.1813,0.6976
human_seo_madcats_0001,madcats,seo,0,74,0.0,0.0
human_seo_madcats_0002,madcats,seo,0,87,0.0,0.0
human_seo_madcats_0003,madcats,seo,0,45,0.0,0.0
human_seo_madcats_0004,madcats,seo,0,63,0.0,0.0
human_seo_madcats_0005,madcats,seo,0,165,0.2061,0.0
human_seo_madcats_0006,madcats,seo,0,61,0.0,0.0
human_seo_madcats_0007,madcats,seo,0,82,0.0,0.8503
human_seo_madcats_0008,madcats,seo,0,57,0.0,0.0
human_seo_madcats_0009,madcats,seo,0,47,0.0,1.4535
human_seo_madcats_0010,madcats,seo,0,68,0.0,0.0
human_seo_madcats_0011,madcats,seo,0,48,0.0,0.0
human_seo_madcats_0012,madcats,seo,0,51,0.0,0.0
human_seo_madcats_0013,madcats,seo,1,8,0.0,0.0
human_seo_madcats_0014,madcats,seo,0,56,0.0,0.0
human_seo_madcats_0015,madcats,seo,0,62,0.0,0.0
human_seo_madcats_0016,madcats,seo,0,78,0.0,0.0
human_seo_madcats_0017,madcats,seo,0,112,0.0536,1.5144
human_seo_madcats_0018,madcats,seo,0,58,0.0,0.0
human_seo_madcats_0019,madcats,seo,0,54,0.0,0.0
human_seo_madcats_0020,madcats,seo,0,39,0.0,0.0
human_seo_madcats_0021,madcats,seo,0,177,0.0,0.7438
human_seo_madcats_0022,madcats,seo,0,74,0.0,0.0
human_seo_madcats_0023,madcats,seo,0,63,0.0,0.0
human_seo_madcats_0024,madcats,seo,0,44,0.0,0.0
human_seo_madcats_0025,madcats,seo,1,82,0.0732,1.9763
human_seo_madcats_0026,madcats,seo,0,42,0.0,0.0
human_seo_madcats_0027,madcats,seo,0,165,0.0,0.0
human_seo_madcats_0028,madcats,seo,0,173,0.0462,0.0
human_seo_madcats_0029,madcats,seo,1,74,0.0,0.0
human_seo_madcats_0030,madcats,seo,0,144,0.0278,0.4352
human_seo_seopulses_0003,seopulses,seo,0,46,0.0,2.4752
human_seo_seopulses_0005,seopulses,seo,0,59,0.0,16.25
human_seo_seopulses_0006,seopulses,seo,0,60,0.0,10.9689
human_seo_seopulses_0007,seopulses,seo,0,48,0.0,2.7739
human_seo_seopulses_0012,seopulses,seo,0,50,0.0,1.2346
human_seo_seopulses_0014,seopulses,seo,0,95,0.0,12.1049
human_seo_seopulses_0016,seopulses,seo,0,48,0.0,9.0439
human_seo_seopulses_0017,seopulses,seo,0,110,0.0,2.862
human_seo_seopulses_0018,seopulses,seo,0,95,0.0,5.3223
human_seo_seopulses_0020,seopulses,seo,0,52,0.0,1.261
human_seo_seopulses_0022,seopulses,seo,0,34,0.0,5.6417
human_seo_seopulses_0025,seopulses,seo,0,32,0.0,0.0
human_news_buriy_2014_0001,buriy_2014,news,0,59,0.0,0.846
human_news_buriy_2014_0002,buriy_2014,news,0,18,0.0,0.0
human_news_buriy_2014_0003,buriy_2014,news,0,42,0.0,1.2469
human_news_buriy_2014_0004,buriy_2014,news,0,45,0.0,0.0
human_news_buriy_2014_0005,buriy_2014,news,0,41,0.0,0.0
human_news_buriy_2014_0006,buriy_2014,news,0,83,0.0,0.0
human_news_buriy_2014_0007,buriy_2014,news,0,201,0.0,0.0
human_news_buriy_2014_0008,buriy_2014,news,0,63,0.0,0.0
human_news_buriy_2014_0009,buriy_2014,news,0,55,0.0,0.0
human_news_buriy_2014_0010,buriy_2014,news,0,38,0.0,0.0
human_news_buriy_2014_0011,buriy_2014,news,0,78,0.0,0.0
human_news_buriy_2014_0012,buriy_2014,news,0,51,0.0,0.0
human_news_buriy_2014_0013,buriy_2014,news,0,61,0.0,0.0
human_news_buriy_2014_0014,buriy_2014,news,0,75,0.32,0.0
human_news_buriy_2014_0015,buriy_2014,news,0,34,0.0,0.0
human_news_buriy_2014_0016,buriy_2014,news,0,44,0.0,0.0
human_news_buriy_2014_0017,buriy_2014,news,1,81,0.0,0.0
human_news_buriy_2014_0018,buriy_2014,news,0,90,0.0,0.0
human_news_buriy_2014_0019,buriy_2014,news,0,54,0.0,0.0
human_news_buriy_2014_0020,buriy_2014,news,0,49,0.0,0.0
human_news_buriy_2014_0021,buriy_2014,news,1,50,0.0,0.0
human_news_buriy_2014_0022,buriy_2014,news,0,67,0.0,0.0
human_news_buriy_2014_0023,buriy_2014,news,0,48,0.0,0.0
human_news_buriy_2014_0024,buriy_2014,news,0,85,0.2353,0.0
human_news_buriy_2014_0025,buriy_2014,news,0,73,0.0,0.0
human_news_buriy_2014_0026,buriy_2014,news,0,111,0.0,0.0
human_news_buriy_2014_0027,buriy_2014,news,0,31,0.0,2.594
human_news_buriy_2014_0028,buriy_2014,news,0,36,0.0,0.0
human_news_buriy_2014_0029,buriy_2014,news,0,41,0.0,0.0
human_news_buriy_2014_0030,buriy_2014,news,0,54,0.0,0.0
human_news_buriy_2014_0031,buriy_2014,news,0,117,0.0,0.0
human_news_buriy_2014_0032,buriy_2014,news,0,211,0.0,0.0
human_news_buriy_2014_0033,buriy_2014,news,0,121,0.0,1.6
human_news_buriy_2014_0034,buriy_2014,news,0,58,0.0,0.0
human_news_buriy_2014_0035,buriy_2014,news,0,57,0.0,0.0
human_news_buriy_2014_0036,buriy_2014,news,0,58,0.0,0.0
human_news_buriy_2014_0037,buriy_2014,news,0,43,0.0,0.0
human_news_buriy_2014_0038,buriy_2014,news,0,71,0.0,0.0
human_news_buriy_2014_0039,buriy_2014,news,0,82,0.0488,0.0
human_news_buriy_2014_0040,buriy_2014,news,0,61,0.2623,0.0
human_news_buriy_2014_0041,buriy_2014,news,0,57,0.0,0.0
human_news_buriy_2014_0042,buriy_2014,news,0,62,0.1613,0.8703
human_news_buriy_2014_0043,buriy_2014,news,0,129,0.0,0.0
human_news_buriy_2014_0044,buriy_2014,news,0,45,0.0,0.0
human_news_buriy_2014_0045,buriy_2014,news,0,63,0.3175,0.0
human_news_buriy_2014_0046,buriy_2014,news,0,57,0.0,0.0
human_news_buriy_2014_0047,buriy_2014,news,0,63,0.0,0.0
human_news_buriy_2014_0048,buriy_2014,news,0,38,0.1053,0.0
human_news_buriy_2014_0049,buriy_2014,news,0,45,0.0,0.0
human_news_buriy_2014_0050,buriy_2014,news,0,98,0.0,0.0
human_news_buriy_2014_0051,buriy_2014,news,1,67,0.0,0.0
human_news_buriy_2014_0052,buriy_2014,news,0,46,0.0,0.0
human_news_buriy_2014_0053,buriy_2014,news,0,41,0.0,0.0
human_news_buriy_2014_0054,buriy_2014,news,0,49,0.0,0.0
human_news_buriy_2014_0055,buriy_2014,news,0,67,0.0,0.0
human_news_buriy_2014_0056,buriy_2014,news,0,76,0.0,0.0
human_news_buriy_2014_0057,buriy_2014,news,0,61,0.0,0.0
human_news_buriy_2014_0058,buriy_2014,news,0,63,0.0,0.0
human_news_buriy_2014_0059,buriy_2014,news,0,38,0.0,0.0
human_news_buriy_2014_0060,buriy_2014,news,0,42,0.0,0.0
human_seo_labrika_0001,labrika,seo,0,101,0.1386,0.0
human_seo_labrika_0002,labrika,seo,1,112,0.6964,0.0
human_seo_labrika_0003,labrika,seo,1,79,0.0,0.0
human_seo_labrika_0004,labrika,seo,0,33,0.0,0.0
human_prose_taiga_magazines_0001,taiga_magazines,prose,0,70,0.0,0.0
human_prose_taiga_magazines_0002,taiga_magazines,prose,0,74,0.0,0.0
human_prose_taiga_magazines_0003,taiga_magazines,prose,0,236,0.0,0.0
human_prose_taiga_magazines_0004,taiga_magazines,prose,0,222,0.0,0.0
human_prose_taiga_magazines_0005,taiga_magazines,prose,0,62,0.0,0.0
human_prose_taiga_magazines_0006,taiga_magazines,prose,0,55,0.0,0.0
human_prose_taiga_magazines_0007,taiga_magazines,prose,0,64,0.0,0.0
human_prose_taiga_magazines_0008,taiga_magazines,prose,0,180,0.0,0.2632
human_prose_taiga_magazines_0009,taiga_magazines,prose,0,43,0.0,0.0
human_prose_taiga_magazines_0010,taiga_magazines,prose,0,79,0.0,0.0
human_prose_taiga_magazines_0011,taiga_magazines,prose,0,150,0.0,0.0
human_prose_taiga_magazines_0012,taiga_magazines,prose,0,231,0.0,0.0
human_prose_taiga_magazines_0013,taiga_magazines,prose,0,56,0.0,0.0
human_prose_taiga_magazines_0014,taiga_magazines,prose,1,55,0.0,0.0
human_prose_taiga_magazines_0015,taiga_magazines,prose,0,68,0.0,0.0
human_prose_taiga_magazines_0016,taiga_magazines,prose,0,247,0.0,0.0
human_prose_taiga_magazines_0017,taiga_magazines,prose,0,278,0.0,0.0
human_prose_taiga_magazines_0018,taiga_magazines,prose,0,76,0.0,0.0
human_prose_taiga_magazines_0019,taiga_magazines,prose,0,74,0.0,0.0
human_prose_taiga_magazines_0020,taiga_magazines,prose,0,49,0.0,0.0
human_prose_taiga_magazines_0021,taiga_magazines,prose,0,74,0.0,0.0
human_prose_taiga_magazines_0022,taiga_magazines,prose,0,96,0.0,0.5577
human_prose_taiga_magazines_0023,taiga_magazines,prose,0,166,0.012,0.5716
human_prose_taiga_magazines_0024,taiga_magazines,prose,0,119,0.0,0.0
human_prose_taiga_magazines_0025,taiga_magazines,prose,0,155,0.0,0.0
human_prose_taiga_magazines_0026,taiga_magazines,prose,0,220,0.0,0.0
human_prose_taiga_magazines_0027,taiga_magazines,prose,0,205,0.0,1.6155
human_prose_taiga_magazines_0028,taiga_magazines,prose,0,58,0.0,4.7695
human_prose_taiga_magazines_0029,taiga_magazines,prose,0,31,0.0,0.0
human_prose_taiga_magazines_0030,taiga_magazines,prose,0,212,0.0,0.0
human_prose_taiga_magazines_0031,taiga_magazines,prose,0,172,0.0,0.0
human_prose_taiga_magazines_0032,taiga_magazines,prose,0,165,0.0,0.2726
human_prose_taiga_magazines_0033,taiga_magazines,prose,0,151,0.0,0.0
human_prose_taiga_magazines_0034,taiga_magazines,prose,0,128,0.0,0.3601
human_prose_taiga_magazines_0035,taiga_magazines,prose,0,277,0.0,0.0
human_prose_taiga_magazines_0036,taiga_magazines,prose,0,153,0.0,0.0
human_prose_taiga_magazines_0037,taiga_magazines,prose,0,91,0.0,0.0
human_prose_taiga_magazines_0038,taiga_magazines,prose,0,166,0.0,0.0
human_prose_taiga_magazines_0039,taiga_magazines,prose,0,104,0.0,0.0
human_prose_taiga_magazines_0040,taiga_magazines,prose,0,216,0.0,0.0
human_prose_taiga_magazines_0041,taiga_magazines,prose,0,94,0.0,0.0
human_prose_taiga_magazines_0042,taiga_magazines,prose,1,104,0.0,0.0
human_prose_taiga_magazines_0043,taiga_magazines,prose,0,52,0.0,0.0
human_prose_taiga_magazines_0044,taiga_magazines,prose,0,142,0.0,0.0
human_prose_taiga_magazines_0045,taiga_magazines,prose,0,61,0.0,0.0
human_prose_taiga_magazines_0046,taiga_magazines,prose,0,190,0.0,0.2207
human_prose_taiga_magazines_0047,taiga_magazines,prose,0,93,0.0,0.0
human_prose_taiga_magazines_0048,taiga_magazines,prose,0,173,0.0,0.2887
human_prose_taiga_magazines_0049,taiga_magazines,prose,0,95,0.0,0.0
human_prose_taiga_magazines_0050,taiga_magazines,prose,0,97,0.0,4.0268
human_prose_taiga_magazines_0051,taiga_magazines,prose,0,224,0.0,0.0
human_prose_taiga_magazines_0052,taiga_magazines,prose,0,244,0.0,1.0175
human_prose_taiga_magazines_0053,taiga_magazines,prose,0,13,0.0,0.0
human_prose_taiga_magazines_0054,taiga_magazines,prose,0,96,0.0,0.0
human_prose_taiga_magazines_0055,taiga_magazines,prose,0,122,0.0,0.0
human_prose_taiga_magazines_0056,taiga_magazines,prose,0,54,0.0,0.0
human_prose_taiga_magazines_0057,taiga_magazines,prose,0,54,0.0,0.0
human_prose_taiga_magazines_0058,taiga_magazines,prose,0,129,0.0,0.0
human_prose_taiga_magazines_0059,taiga_magazines,prose,0,61,0.0,0.0
human_prose_taiga_magazines_0060,taiga_magazines,prose,0,194,0.0,0.0
human_science_urfu_0001,urfu,science,0,225,0.0,0.0
human_science_urfu_0002,urfu,science,0,149,0.0,1.2034
human_science_urfu_0003,urfu,science,0,259,0.0077,3.4305
human_science_urfu_0004,urfu,science,0,152,0.0,0.4811
human_science_urfu_0005,urfu,science,0,266,0.0,1.6505
human_science_urfu_0006,urfu,science,0,221,0.0,1.2752
human_science_urfu_0007,urfu,science,1,263,0.0,0.0
human_science_urfu_0008,urfu,science,0,142,0.0,0.0
human_science_urfu_0009,urfu,science,0,160,0.0,0.626
human_science_urfu_0010,urfu,science,0,223,0.0,0.2513
human_science_urfu_0011,urfu,science,0,205,0.0,0.0
human_science_urfu_0012,urfu,science,0,180,0.0111,1.1916
human_science_urfu_0013,urfu,science,1,155,0.0129,0.2367
human_science_urfu_0014,urfu,science,0,101,0.0,0.0
human_science_urfu_0015,urfu,science,0,159,0.0,1.9595
human_science_urfu_0016,urfu,science,0,253,0.0,0.0
human_science_urfu_0017,urfu,science,0,178,0.0,0.0
human_science_urfu_0018,urfu,science,0,159,0.0,0.2394
human_science_urfu_0019,urfu,science,0,227,0.0,1.8109
human_science_urfu_0020,urfu,science,0,217,0.0184,0.2103
human_science_urfu_0021,urfu,science,0,216,0.0093,0.0
human_science_urfu_0022,urfu,science,0,197,0.0102,0.0
human_science_urfu_0023,urfu,science,0,117,0.0171,0.0
human_science_urfu_0024,urfu,science,0,186,0.0,0.0
human_science_urfu_0025,urfu,science,0,183,0.0,2.5546
human_science_urfu_0026,urfu,science,0,218,0.0,0.0
human_science_urfu_0027,urfu,science,1,212,0.0189,0.8867
human_science_urfu_0028,urfu,science,0,224,0.0179,0.0
human_science_urfu_0029,urfu,science,0,193,0.0,0.8297
human_science_urfu_0030,urfu,science,0,251,0.0,0.216
human_science_urfu_0031,urfu,science,0,116,0.069,0.5173
human_science_urfu_0032,urfu,science,1,205,0.0098,0.0
human_science_urfu_0033,urfu,science,0,225,0.0,0.0
human_science_urfu_0034,urfu,science,0,163,0.0,0.7722
human_science_urfu_0035,urfu,science,0,198,0.0101,0.0
human_science_urfu_0036,urfu,science,0,240,0.0,0.0
human_science_urfu_0037,urfu,science,0,176,0.0,0.0
human_science_urfu_0038,urfu,science,0,139,0.0,0.0
human_science_urfu_0039,urfu,science,0,137,0.1168,2.2812
human_science_urfu_0040,urfu,science,0,105,0.0,0.0
human_science_urfu_0041,urfu,science,0,134,0.0,1.6467
human_science_urfu_0042,urfu,science,0,49,0.0,2.8116
human_science_urfu_0043,urfu,science,0,109,0.0,1.1943
human_science_urfu_0044,urfu,science,1,250,0.0,0.2105
human_science_urfu_0045,urfu,science,1,128,0.0,1.032
human_science_urfu_0046,urfu,science,0,180,0.0,0.2372
human_science_urfu_0047,urfu,science,0,272,0.0588,0.0
human_science_urfu_0048,urfu,science,0,91,0.0,0.0
human_hard_rusltc_0001,rusltc,translation,0,34,0.0,0.0
human_hard_rusltc_0002,rusltc,translation,0,53,0.0,0.0
human_hard_rusltc_0003,rusltc,translation,1,67,0.0,0.0
human_hard_rusltc_0004,rusltc,translation,1,54,0.0556,0.0
human_hard_rusltc_0005,rusltc,translation,0,70,0.0,0.0
human_hard_rusltc_0006,rusltc,translation,1,36,0.0,0.0
human_hard_rusltc_0007,rusltc,translation,0,98,0.0,0.0
human_hard_rusltc_0008,rusltc,translation,0,106,0.0,0.0
human_hard_rusltc_0009,rusltc,translation,0,33,0.0,0.0
human_hard_rusltc_0010,rusltc,translation,0,39,0.0,0.0
human_hard_rusltc_0011,rusltc,translation,0,57,0.0,0.0
human_hard_rusltc_0012,rusltc,translation,0,60,0.0,0.0
human_hard_rusltc_0013,rusltc,translation,1,68,0.0,0.0
human_hard_rusltc_0014,rusltc,translation,0,28,0.0,0.0
human_hard_rusltc_0015,rusltc,translation,0,60,0.0,0.0
human_hard_rusltc_0016,rusltc,translation,1,154,0.0,0.0
human_hard_rusltc_0017,rusltc,translation,0,130,0.0,0.0
human_hard_rusltc_0018,rusltc,translation,0,31,0.0,0.0
human_hard_rusltc_0019,rusltc,translation,0,52,0.0385,0.0
human_hard_rusltc_0020,rusltc,translation,0,50,0.0,0.0
human_hard_rusltc_0021,rusltc,translation,0,28,0.0,0.0
human_hard_rusltc_0022,rusltc,translation,0,51,0.0,0.0
human_hard_rusltc_0023,rusltc,translation,0,33,0.0,0.0
human_hard_rusltc_0024,rusltc,translation,0,33,0.0,0.0
human_hard_rusltc_0025,rusltc,translation,0,154,0.0,0.0
human_hard_rusltc_0026,rusltc,translation,1,46,0.0,0.0
human_hard_rusltc_0027,rusltc,translation,0,63,0.0,0.0
human_hard_rusltc_0028,rusltc,translation,0,37,0.0,0.0
human_hard_rusltc_0029,rusltc,translation,1,63,0.0,0.0
human_hard_rusltc_0030,rusltc,translation,0,55,0.0,0.0
human_hard_rusltc_0031,rusltc,translation,0,39,0.0,0.0
human_hard_rusltc_0032,rusltc,translation,0,41,0.0,0.0
human_hard_rusltc_0033,rusltc,translation,0,39,0.0,0.0
human_hard_rusltc_0034,rusltc,translation,0,45,0.0,0.0
human_hard_rusltc_0035,rusltc,translation,1,35,0.0,0.0
human_hard_rusltc_0036,rusltc,translation,1,33,0.0,0.0
human_hard_rusltc_0037,rusltc,translation,0,49,0.0,0.0
human_hard_rusltc_0038,rusltc,translation,0,34,0.0,0.0
human_hard_rusltc_0039,rusltc,translation,0,33,0.0,0.0
human_hard_rusltc_0040,rusltc,translation,0,34,0.0,0.0
human_hard_rusltc_0041,rusltc,translation,0,34,0.0,0.0
human_hard_rusltc_0042,rusltc,translation,0,40,0.0,0.0
human_hard_rusltc_0043,rusltc,translation,1,27,0.0,0.0
human_hard_rusltc_0044,rusltc,translation,1,43,0.0,0.0
human_hard_rusltc_0045,rusltc,translation,0,39,0.0,0.0
human_hard_rusltc_0046,rusltc,translation,0,37,0.0,0.0
human_hard_rusltc_0047,rusltc,translation,0,61,0.0,0.0
human_hard_rusltc_0048,rusltc,translation,0,44,0.0,0.0
human_hard_rusltc_0049,rusltc,translation,0,93,0.0,0.0
human_hard_rusltc_0050,rusltc,translation,0,62,0.0,0.0
human_hard_rusltc_0051,rusltc,translation,0,89,0.0,0.0
human_hard_rusltc_0052,rusltc,translation,1,208,0.0,0.0
human_hard_rusltc_0053,rusltc,translation,0,88,0.0,0.0
human_hard_rusltc_0054,rusltc,translation,0,82,0.0,0.0
human_hard_rusltc_0055,rusltc,translation,0,52,0.0,0.0
human_hard_rusltc_0056,rusltc,translation,0,38,0.0,0.0
human_hard_rusltc_0057,rusltc,translation,0,51,0.0,0.0
human_hard_rusltc_0058,rusltc,translation,0,42,0.0,0.0
human_hard_rusltc_0059,rusltc,translation,0,49,0.0,0.0
human_hard_rusltc_0060,rusltc,translation,0,49,0.0,0.0
human_hard_rusltc_0061,rusltc,translation,0,30,0.0,0.0
human_hard_rusltc_0062,rusltc,translation,0,35,0.0,0.0
human_hard_rusltc_0063,rusltc,translation,0,108,0.0,0.0
human_hard_rusltc_0064,rusltc,translation,1,54,0.0,0.0
human_hard_rusltc_0065,rusltc,translation,0,44,0.0,0.0
human_hard_rusltc_0066,rusltc,translation,0,149,0.0,0.0
human_hard_rusltc_0067,rusltc,translation,0,63,0.0,0.0
human_hard_rusltc_0068,rusltc,translation,0,42,0.0,0.0
human_hard_rusltc_0069,rusltc,translation,0,57,0.0,0.0
human_hard_rusltc_0070,rusltc,translation,0,51,0.0,0.0
human_hard_rusltc_0071,rusltc,translation,0,37,0.0,0.0
human_hard_rusltc_0072,rusltc,translation,0,44,0.0,0.0
human_hard_rusltc_0073,rusltc,translation,0,89,0.0,0.0
human_science_spbgu_0001,spbgu,science,0,65,0.0,0.0
human_science_spbgu_0002,spbgu,science,0,288,0.0,0.0
human_science_spbgu_0003,spbgu,science,0,82,0.0,0.0
human_science_spbgu_0004,spbgu,science,0,18,0.0,0.0
human_science_spbgu_0005,spbgu,science,0,52,0.0,0.0
human_science_spbgu_0006,spbgu,science,0,127,0.0315,0.0
human_science_spbgu_0007,spbgu,science,0,117,0.0,0.0
human_science_spbgu_0008,spbgu,science,0,99,0.0,0.639
human_science_spbgu_0009,spbgu,science,0,179,0.0,0.0
human_science_spbgu_0010,spbgu,science,0,96,0.0208,0.0
human_science_spbgu_0011,spbgu,science,0,192,0.0,0.2731
human_science_spbgu_0012,spbgu,science,0,152,0.0,0.0
human_science_spbgu_0013,spbgu,science,0,192,0.0104,0.0
human_science_spbgu_0014,spbgu,science,0,88,0.0227,0.0
human_science_spbgu_0015,spbgu,science,0,230,0.0,0.0
human_science_spbgu_0016,spbgu,science,0,87,0.0,0.0
human_science_spbgu_0017,spbgu,science,0,221,0.009,0.0
human_science_spbgu_0018,spbgu,science,0,177,0.0395,0.0
human_science_spbgu_0019,spbgu,science,0,145,0.0138,0.0
human_science_spbgu_0020,spbgu,science,0,113,0.0177,0.0
human_science_spbgu_0021,spbgu,science,0,264,0.0152,0.0
human_science_spbgu_0022,spbgu,science,0,158,0.0,0.0
human_science_spbgu_0023,spbgu,science,0,108,0.0185,0.0
human_science_spbgu_0024,spbgu,science,0,152,0.0132,0.0
human_science_spbgu_0025,spbgu,science,0,113,0.0,0.0
human_science_spbgu_0026,spbgu,science,0,200,0.02,0.0
human_science_spbgu_0027,spbgu,science,0,48,0.0,0.0
human_science_spbgu_0028,spbgu,science,0,189,0.0,0.0
human_science_spbgu_0029,spbgu,science,0,235,0.0085,0.0
human_science_spbgu_0030,spbgu,science,0,70,0.0,0.6061
human_science_spbgu_0031,spbgu,science,0,119,0.0,0.0
human_science_spbgu_0032,spbgu,science,0,175,0.0,0.0
human_science_spbgu_0033,spbgu,science,0,41,0.0,0.0
human_science_spbgu_0034,spbgu,science,0,80,0.0,0.0
human_science_spbgu_0035,spbgu,science,0,148,0.0,0.0
human_science_spbgu_0036,spbgu,science,0,177,0.0565,0.0
human_science_spbgu_0037,spbgu,science,0,212,0.0472,0.0
human_science_spbgu_0038,spbgu,science,0,145,0.0138,0.0
human_science_spbgu_0039,spbgu,science,1,156,0.0256,0.0
human_science_spbgu_0040,spbgu,science,0,182,0.033,0.0
human_science_spbgu_0041,spbgu,science,0,83,0.0482,0.0
human_science_spbgu_0042,spbgu,science,0,207,0.1353,0.0
human_science_spbgu_0043,spbgu,science,0,198,0.0,0.0
human_science_spbgu_0044,spbgu,science,0,204,0.1176,0.0
human_science_spbgu_0045,spbgu,science,0,215,0.0093,0.0
human_science_spbgu_0046,spbgu,science,0,163,0.0,0.2822
human_science_spbgu_0048,spbgu,science,0,162,0.0,0.0
human_science_spbgu_0049,spbgu,science,0,160,0.0,0.0
human_science_spbgu_0050,spbgu,science,0,203,0.0197,0.0
human_science_spbgu_0054,spbgu,science,0,107,0.0374,0.3694
human_science_spbgu_0055,spbgu,science,0,207,0.0242,0.0
human_science_spbgu_0057,spbgu,science,0,77,0.0,0.0
human_science_spbgu_0059,spbgu,science,0,156,0.0641,0.0
human_science_spbgu_0060,spbgu,science,0,59,0.0,0.7174
human_prose_taiga_arzamas_0001,taiga_arzamas,prose,0,128,0.0,0.0
human_prose_taiga_arzamas_0002,taiga_arzamas,prose,0,68,0.0,0.0
human_prose_taiga_arzamas_0003,taiga_arzamas,prose,0,53,0.0,0.0
human_prose_taiga_arzamas_0004,taiga_arzamas,prose,0,73,0.0,0.0
human_prose_taiga_arzamas_0005,taiga_arzamas,prose,0,74,0.0,0.0
human_prose_taiga_arzamas_0006,taiga_arzamas,prose,0,55,0.0,0.0
human_prose_taiga_arzamas_0007,taiga_arzamas,prose,0,109,0.0,0.0
human_prose_taiga_arzamas_0008,taiga_arzamas,prose,0,85,0.0,0.0
human_prose_taiga_arzamas_0009,taiga_arzamas,prose,0,117,0.0,0.0
human_prose_taiga_arzamas_0010,taiga_arzamas,prose,1,98,0.0,0.0
human_prose_taiga_arzamas_0011,taiga_arzamas,prose,0,57,0.0,0.0
human_prose_taiga_arzamas_0012,taiga_arzamas,prose,0,225,0.0,0.0
human_prose_taiga_arzamas_0013,taiga_arzamas,prose,0,50,0.0,0.0
human_prose_taiga_arzamas_0014,taiga_arzamas,prose,0,73,0.0,0.0
human_prose_taiga_arzamas_0015,taiga_arzamas,prose,0,125,0.0,0.0
human_prose_taiga_arzamas_0016,taiga_arzamas,prose,0,96,0.0,0.0
human_prose_taiga_arzamas_0017,taiga_arzamas,prose,1,77,0.0,0.0
human_prose_taiga_arzamas_0018,taiga_arzamas,prose,0,56,0.0,0.0
human_prose_taiga_arzamas_0019,taiga_arzamas,prose,0,82,0.0,0.0
human_prose_taiga_arzamas_0020,taiga_arzamas,prose,0,188,0.0,0.0
human_prose_taiga_arzamas_0021,taiga_arzamas,prose,0,81,0.0,0.0
human_prose_taiga_arzamas_0022,taiga_arzamas,prose,0,45,0.0,0.0
human_prose_taiga_arzamas_0023,taiga_arzamas,prose,1,56,0.0,0.0
human_prose_taiga_arzamas_0024,taiga_arzamas,prose,0,67,0.0,0.0
human_prose_taiga_arzamas_0025,taiga_arzamas,prose,0,110,0.0,0.0
human_prose_taiga_arzamas_0026,taiga_arzamas,prose,0,151,0.0,0.0
human_prose_taiga_arzamas_0027,taiga_arzamas,prose,0,100,0.02,0.0
human_prose_taiga_arzamas_0028,taiga_arzamas,prose,0,77,0.0,0.0
human_prose_taiga_arzamas_0029,taiga_arzamas,prose,0,127,0.0472,0.0
human_prose_taiga_arzamas_0030,taiga_arzamas,prose,1,36,0.0,0.0
human_prose_taiga_arzamas_0031,taiga_arzamas,prose,0,88,0.0,0.0
human_prose_taiga_arzamas_0032,taiga_arzamas,prose,0,130,0.0,0.0
human_prose_taiga_arzamas_0033,taiga_arzamas,prose,0,78,0.0,0.0
human_prose_taiga_arzamas_0034,taiga_arzamas,prose,1,100,0.03,0.0
human_prose_taiga_arzamas_0035,taiga_arzamas,prose,0,74,0.0,0.0
human_prose_taiga_arzamas_0036,taiga_arzamas,prose,0,74,0.0541,0.0
human_prose_taiga_arzamas_0037,taiga_arzamas,prose,0,187,0.0374,0.0
human_prose_taiga_arzamas_0038,taiga_arzamas,prose,0,99,0.0,0.0
human_prose_taiga_arzamas_0039,taiga_arzamas,prose,0,73,0.0,0.0
human_prose_taiga_arzamas_0040,taiga_arzamas,prose,0,90,0.0,0.0
human_prose_taiga_arzamas_0041,taiga_arzamas,prose,1,46,0.0,0.0
human_prose_taiga_arzamas_0042,taiga_arzamas,prose,0,35,0.0,0.0
human_prose_taiga_arzamas_0043,taiga_arzamas,prose,0,117,0.0,0.0
human_prose_taiga_arzamas_0044,taiga_arzamas,prose,0,84,0.0,0.0
human_prose_taiga_arzamas_0045,taiga_arzamas,prose,1,59,0.0,0.0
human_prose_taiga_arzamas_0046,taiga_arzamas,prose,0,34,0.0,0.0
human_prose_taiga_arzamas_0047,taiga_arzamas,prose,0,37,0.0,0.0
human_prose_taiga_arzamas_0048,taiga_arzamas,prose,0,51,0.0,0.0
human_prose_taiga_arzamas_0049,taiga_arzamas,prose,0,84,0.0,0.0
human_prose_taiga_arzamas_0050,taiga_arzamas,prose,0,67,0.0,0.0
human_prose_taiga_arzamas_0051,taiga_arzamas,prose,0,88,0.0,0.0
human_prose_taiga_arzamas_0052,taiga_arzamas,prose,0,54,0.0,0.0
human_prose_taiga_arzamas_0053,taiga_arzamas,prose,0,103,0.0,0.0
human_prose_taiga_arzamas_0054,taiga_arzamas,prose,0,40,0.0,0.0
human_prose_taiga_arzamas_0055,taiga_arzamas,prose,0,70,0.0,0.0
human_prose_taiga_arzamas_0056,taiga_arzamas,prose,0,80,0.0,0.0
human_prose_taiga_arzamas_0057,taiga_arzamas,prose,0,48,0.0,0.0
human_prose_taiga_arzamas_0058,taiga_arzamas,prose,0,31,0.0,0.0
human_prose_taiga_arzamas_0059,taiga_arzamas,prose,0,95,0.0,0.0
human_prose_taiga_arzamas_0060,taiga_arzamas,prose,0,176,0.0,0.0
human_news_gazeta_0001,gazeta,news,0,62,0.0,0.995
human_news_gazeta_0002,gazeta,news,1,31,0.0,1.3986
human_news_gazeta_0003,gazeta,news,1,32,0.0,0.0
human_news_gazeta_0004,gazeta,news,0,46,0.0,0.0
human_news_gazeta_0005,gazeta,news,0,32,0.0,3.8119
human_news_gazeta_0006,gazeta,news,0,71,0.0,3.2232
human_news_gazeta_0007,gazeta,news,0,35,0.0,2.6738
human_news_gazeta_0008,gazeta,news,0,57,0.0,2.2805
human_news_gazeta_0009,gazeta,news,0,43,0.0,1.3624
human_news_gazeta_0010,gazeta,news,0,42,0.0,1.99
human_news_gazeta_0011,gazeta,news,0,40,0.0,0.0
human_news_gazeta_0012,gazeta,news,0,49,0.0,0.0
human_news_gazeta_0013,gazeta,news,0,61,0.0,0.0
human_news_gazeta_0014,gazeta,news,0,43,0.0,0.0
human_news_gazeta_0015,gazeta,news,0,57,0.0,5.3996
human_news_gazeta_0016,gazeta,news,0,60,0.0,0.0
human_news_gazeta_0017,gazeta,news,0,38,0.0,0.0
human_news_gazeta_0018,gazeta,news,0,64,0.0,0.0
human_news_gazeta_0019,gazeta,news,0,69,0.0,0.0
human_news_gazeta_0020,gazeta,news,0,39,0.0,1.3986
human_news_gazeta_0021,gazeta,news,0,40,0.0,0.0
human_news_gazeta_0022,gazeta,news,0,46,0.0,12.0048
human_news_gazeta_0023,gazeta,news,0,56,0.0,0.0
human_news_gazeta_0024,gazeta,news,0,47,0.0,0.0
human_news_gazeta_0025,gazeta,news,0,43,0.0,1.23
human_news_gazeta_0026,gazeta,news,0,30,0.0,1.3717
human_news_gazeta_0027,gazeta,news,0,37,0.0,2.2753
human_news_gazeta_0028,gazeta,news,0,36,0.0,0.0
human_news_gazeta_0029,gazeta,news,0,71,0.0,0.0
human_news_gazeta_0030,gazeta,news,1,43,0.0,0.0
human_news_gazeta_0031,gazeta,news,0,50,0.0,2.1716
human_news_gazeta_0032,gazeta,news,0,48,0.0,0.0
human_news_gazeta_0033,gazeta,news,0,54,0.0,1.0695
human_news_gazeta_0034,gazeta,news,1,50,0.0,1.0204
human_news_gazeta_0035,gazeta,news,0,41,0.0,2.0683
human_news_gazeta_0036,gazeta,news,0,33,0.0,0.0
human_news_gazeta_0037,gazeta,news,1,48,0.0,0.0
human_news_gazeta_0038,gazeta,news,0,53,0.0,0.0
human_news_gazeta_0039,gazeta,news,0,68,0.0,0.0
human_news_gazeta_0040,gazeta,news,0,39,0.0,2.3283
human_news_gazeta_0041,gazeta,news,0,53,0.0,1.81
human_news_gazeta_0042,gazeta,news,0,57,0.0,0.8203
human_news_gazeta_0043,gazeta,news,0,35,0.0,5.0063
human_news_gazeta_0044,gazeta,news,0,38,0.0,0.0
human_news_gazeta_0045,gazeta,news,0,56,0.0,0.9217
human_news_gazeta_0046,gazeta,news,0,48,0.0,1.0428
human_news_gazeta_0047,gazeta,news,0,39,0.0,1.4205
human_news_gazeta_0048,gazeta,news,0,46,0.0,0.0
human_news_gazeta_0049,gazeta,news,0,44,0.0,0.0
human_news_gazeta_0050,gazeta,news,0,53,0.0,0.9533
human_news_gazeta_0051,gazeta,news,0,53,0.0,0.0
human_news_gazeta_0052,gazeta,news,1,52,0.0,3.0864
human_news_gazeta_0053,gazeta,news,0,41,0.0,0.0
human_news_gazeta_0054,gazeta,news,0,58,0.0,1.0449
human_news_gazeta_0055,gazeta,news,0,63,0.0,0.0
human_news_gazeta_0056,gazeta,news,0,41,0.0,0.0
human_news_gazeta_0057,gazeta,news,0,56,0.0,0.0
human_news_gazeta_0058,gazeta,news,0,47,0.0,7.2376
human_news_gazeta_0059,gazeta,news,0,38,0.0,1.3812
human_news_gazeta_0060,gazeta,news,0,49,0.0,2.2051
human_science_spbgu_0061,spbgu,science,0,172,0.093,0.0
human_science_spbgu_0062,spbgu,science,0,178,0.1292,0.0
human_science_spbgu_0063,spbgu,science,0,182,0.022,0.5435
human_science_spbgu_0064,spbgu,science,0,256,0.0,0.0
human_science_spbgu_0065,spbgu,science,0,183,0.0,0.0
human_science_cyberleninka_0067,cyberleninka,science,1,90,0.0,0.0
human_seo_devaka_ru_0001,devaka_ru,seo,0,43,0.2791,0.0
human_seo_devaka_ru_0002,devaka_ru,seo,0,37,0.2162,0.0
human_seo_devaka_ru_0003,devaka_ru,seo,0,45,0.0,0.0
human_seo_devaka_ru_0004,devaka_ru,seo,0,76,0.3421,0.0
human_seo_devaka_ru_0005,devaka_ru,seo,1,143,0.4476,0.0
human_seo_devaka_ru_0006,devaka_ru,seo,0,26,0.0,0.0
human_seo_devaka_ru_0007,devaka_ru,seo,1,140,0.4857,0.0
human_seo_devaka_ru_0008,devaka_ru,seo,0,36,0.0,0.0
human_seo_devaka_ru_0009,devaka_ru,seo,0,130,0.0,0.4156
human_seo_devaka_ru_0011,devaka_ru,seo,1,52,0.3846,0.0
human_seo_devaka_ru_0012,devaka_ru,seo,0,85,0.3529,1.8304
human_seo_devaka_ru_0013,devaka_ru,seo,0,41,0.1951,5.168
human_seo_devaka_ru_0014,devaka_ru,seo,1,52,0.3462,0.0
human_seo_devaka_ru_0017,devaka_ru,seo,0,59,0.1356,0.0
human_seo_devaka_ru_0018,devaka_ru,seo,0,135,0.0,0.0
human_seo_devaka_ru_0019,devaka_ru,seo,0,27,0.1481,1.5291
human_seo_optimizatorsha_ru_0001,optimizatorsha_ru,seo,0,46,0.0,0.0
human_seo_optimizatorsha_ru_0002,optimizatorsha_ru,seo,0,40,0.0,1.3699
human_seo_optimizatorsha_ru_0003,optimizatorsha_ru,seo,0,89,0.0449,0.0
human_seo_optimizatorsha_ru_0004,optimizatorsha_ru,seo,0,44,0.0,0.0
human_seo_optimizatorsha_ru_0005,optimizatorsha_ru,seo,0,179,0.0223,0.0
human_seo_seoprofy_ua_0001,seoprofy_ua,seo,0,193,0.4767,1.3477
human_seo_seoprofy_ua_0002,seoprofy_ua,seo,0,97,0.0,0.0
human_seo_seoprofy_ua_0003,seoprofy_ua,seo,0,35,0.0,0.0
human_seo_sosnovskij_ru_0001,sosnovskij_ru,seo,0,52,0.0,0.0
human_seo_sosnovskij_ru_0002,sosnovskij_ru,seo,0,117,0.0,1.2555
human_seo_sosnovskij_ru_0003,sosnovskij_ru,seo,0,18,0.0,0.0
human_seo_sosnovskij_ru_0004,sosnovskij_ru,seo,1,86,0.0,0.7564
human_seo_sosnovskij_ru_0005,sosnovskij_ru,seo,0,94,0.1915,1.3441
human_seo_sosnovskij_ru_0006,sosnovskij_ru,seo,0,173,0.0116,2.5168
human_seo_sosnovskij_ru_0007,sosnovskij_ru,seo,0,50,0.0,0.0
human_seo_sosnovskij_ru_0010,sosnovskij_ru,seo,0,98,0.0,0.0
human_seo_sosnovskij_ru_0011,sosnovskij_ru,seo,0,47,0.0,0.0
human_seo_sosnovskij_ru_0012,sosnovskij_ru,seo,0,64,0.0312,1.0977
human_seo_drmax_su_0001,drmax_su,seo,1,99,0.6061,2.454
human_seo_drmax_su_0002,drmax_su,seo,0,63,0.127,1.9194
human_seo_shakin_ru_0001,shakin_ru,seo,0,96,0.0,0.6203
human_seo_shakin_ru_0002,shakin_ru,seo,0,10,0.0,0.0
human_seo_shakin_ru_0003,shakin_ru,seo,0,97,0.0,0.0
human_seo_madcats_ru_0001,madcats_ru,seo,0,102,0.0,0.0
human_seo_madcats_ru_0002,madcats_ru,seo,0,104,0.0,1.0638
human_seo_madcats_ru_0003,madcats_ru,seo,0,64,0.0,0.0
human_seo_madcats_ru_0004,madcats_ru,seo,1,145,0.0138,0.0
human_seo_seopulses_ru_0001,seopulses_ru,seo,0,45,0.0,0.0
human_seo_seopulses_ru_0002,seopulses_ru,seo,0,72,0.0,0.0
human_seo_seopulses_ru_0003,seopulses_ru,seo,0,33,0.0,4.9342
human_seo_seopulses_ru_0004,seopulses_ru,seo,0,11,0.0,0.0
human_seo_seopulses_ru_0005,seopulses_ru,seo,0,89,0.0,1.3098
human_seo_texterra_ru_0001,texterra_ru,seo,1,73,0.0,0.0
human_seo_texterra_ru_0002,texterra_ru,seo,0,61,0.0,0.0
human_seo_texterra_ru_0003,texterra_ru,seo,0,35,0.0,0.0
human_seo_texterra_ru_0004,texterra_ru,seo,0,65,0.0,0.0
human_seo_texterra_ru_0005,texterra_ru,seo,1,177,0.0113,0.4539
human_seo_texterra_ru_0006,texterra_ru,seo,0,102,0.0,1.3263
human_seo_texterra_ru_0007,texterra_ru,seo,0,88,0.0,0.0
human_seo_texterra_ru_0008,texterra_ru,seo,1,138,0.0,1.8442
human_seo_texterra_ru_0009,texterra_ru,seo,1,83,0.0241,0.0
human_seo_texterra_ru_0010,texterra_ru,seo,0,44,0.0,0.0
human_seo_texterra_ru_0011,texterra_ru,seo,0,81,0.0,0.0
human_seo_texterra_ru_0012,texterra_ru,seo,1,48,0.0,0.0
human_seo_texterra_ru_0013,texterra_ru,seo,0,27,0.5556,3.4091
human_seo_devaka_ru_0020,devaka_ru,seo,0,95,0.0,0.5663
human_seo_devaka_ru_0021,devaka_ru,seo,0,116,0.1034,0.0
human_seo_devaka_ru_0022,devaka_ru,seo,0,106,0.0943,1.4793
human_seo_devaka_ru_0023,devaka_ru,seo,0,51,0.0,0.9872
human_seo_devaka_ru_0024,devaka_ru,seo,0,86,0.093,0.0
human_seo_devaka_ru_0025,devaka_ru,seo,0,68,0.0,0.0
human_seo_devaka_ru_0026,devaka_ru,seo,0,105,0.2476,0.0
human_seo_devaka_ru_0027,devaka_ru,seo,0,76,0.1316,0.7112
human_seo_devaka_ru_0028,devaka_ru,seo,0,84,0.0,0.0
human_seo_devaka_ru_0029,devaka_ru,seo,0,64,0.0,0.0
human_seo_devaka_ru_0030,devaka_ru,seo,0,62,0.0,0.8711
human_seo_devaka_ru_0031,devaka_ru,seo,0,59,0.0,0.0
human_seo_texterra_ru_0014,texterra_ru,seo,1,106,0.8962,0.0
human_seo_texterra_ru_0015,texterra_ru,seo,0,96,0.9167,0.0
human_seo_texterra_ru_0016,texterra_ru,seo,0,23,0.5217,4.5045
human_seo_texterra_ru_0017,texterra_ru,seo,0,31,0.5806,6.9376
human_seo_texterra_ru_0018,texterra_ru,seo,0,50,0.0,0.0
human_seo_sosnovskij_ru_0013,sosnovskij_ru,seo,0,66,0.0,0.0
human_seo_sosnovskij_ru_0014,sosnovskij_ru,seo,0,86,0.0698,0.0
human_seo_sosnovskij_ru_0015,sosnovskij_ru,seo,0,56,0.0,1.3587
human_seo_sosnovskij_ru_0018,sosnovskij_ru,seo,0,69,0.0,0.9814
human_seo_sosnovskij_ru_0019,sosnovskij_ru,seo,0,105,0.0,2.1216
human_seo_sosnovskij_ru_0021,sosnovskij_ru,seo,0,75,0.0267,0.0
human_seo_sosnovskij_ru_0022,sosnovskij_ru,seo,0,61,0.0,0.0
human_seo_madcats_ru_0005,madcats_ru,seo,0,100,0.0,0.0
human_seo_madcats_ru_0006,madcats_ru,seo,0,53,0.0,0.0
human_seo_madcats_ru_0007,madcats_ru,seo,0,51,0.2353,0.0
human_seo_madcats_ru_0008,madcats_ru,seo,0,57,0.0,0.0
human_seo_madcats_ru_0009,madcats_ru,seo,0,44,0.0,0.0
human_seo_madcats_ru_0010,madcats_ru,seo,0,42,0.0476,0.0
human_seo_madcats_ru_0012,madcats_ru,seo,0,43,0.0,0.0
human_seo_drmax_su_0003,drmax_su,seo,0,66,0.2424,0.9814
human_seo_drmax_su_0004,drmax_su,seo,1,251,0.1633,0.0
human_seo_drmax_su_0005,drmax_su,seo,0,185,0.2811,0.0
human_seo_drmax_su_0006,drmax_su,seo,1,193,0.0,0.0
human_seo_drmax_su_0007,drmax_su,seo,0,78,0.0,0.0
human_seo_drmax_su_0008,drmax_su,seo,1,280,0.2571,0.6952
human_seo_devaka_ru_0032,devaka_ru,seo,0,70,0.0,0.7418
human_seo_devaka_ru_0033,devaka_ru,seo,0,57,0.2456,0.0
human_seo_devaka_ru_0034,devaka_ru,seo,0,58,0.0,2.3401
human_seo_devaka_ru_0035,devaka_ru,seo,0,60,0.3333,0.0
human_seo_devaka_ru_0036,devaka_ru,seo,0,44,0.0,0.0
